#include "lvgl/lvgl.h"

const uint8_t rune_wall_map[] = {
  0x00, 0x00, 0x00, 0x00, 0x1a, 0x1d, 0x1e, 0xff, 0x28, 0x2e, 0x30, 0xff, 0x39, 0x40, 0x42, 0xff, 0x4b, 0x53, 0x55, 0xff, 0x5e, 0x68, 0x6b, 0xff,
  0x73, 0x82, 0x86, 0xff, 0x44, 0x57, 0x68, 0xff, 0x66, 0x83, 0x97, 0xff, 0x87, 0xa7, 0xba, 0xff, 0x9c, 0xc0, 0xd2, 0xff, 0xae, 0xd2, 0xe4, 0xff,
  0x56, 0x6b, 0x72, 0xff, 0x49, 0x79, 0x68, 0xff, 0x51, 0xa1, 0xcc, 0xff, 0x31, 0x40, 0x8f, 0xff, 0x12, 0x21, 0x21, 0x12, 0x11, 0x21, 0x11, 0x12,
  0x22, 0x21, 0x12, 0x12, 0x22, 0x11, 0x12, 0x21, 0x21, 0x12, 0x22, 0x11, 0x15, 0x54, 0x55, 0x56, 0x45, 0x56, 0x54, 0x55, 0x55, 0x56, 0x21, 0x22,
  0x11, 0x21, 0x12, 0x11, 0x12, 0x21, 0x11, 0x11, 0x21, 0x11, 0x22, 0x21, 0x11, 0x12, 0x11, 0x22, 0x12, 0x11, 0x12, 0x12, 0x22, 0x11, 0x22, 0x22,
  0x12, 0x11, 0x22, 0x11, 0x22, 0x22, 0x22, 0x22, 0x12, 0x11, 0x21, 0x21, 0x12, 0x11, 0x22, 0x11, 0x12, 0x11, 0x21, 0x11, 0x12, 0x11, 0x11, 0x11,
  0x22, 0x11, 0x12, 0x12, 0x11, 0x11, 0x12, 0x12, 0x21, 0x21, 0x11, 0x21, 0x12, 0x11, 0x12, 0x12, 0x11, 0x12, 0x11, 0x22, 0x11, 0x12, 0x11, 0x11,
  0x11, 0x12, 0x46, 0x55, 0x21, 0x22, 0x65, 0x65, 0x11, 0x11, 0x11, 0x12, 0x21, 0x11, 0x21, 0x11, 0x11, 0x22, 0x11, 0x12, 0x22, 0x21, 0x11, 0x22,
  0x12, 0x21, 0x12, 0x12, 0x11, 0x21, 0x12, 0x21, 0x11, 0x22, 0x22, 0x11, 0x54, 0x54, 0x65, 0x56, 0x45, 0x55, 0x65, 0x46, 0x66, 0x55, 0x45, 0x11,
  0x12, 0x11, 0x11, 0x11, 0x21, 0x22, 0x11, 0x11, 0x11, 0x12, 0x22, 0x12, 0x22, 0x22, 0x22, 0x11, 0x11, 0x21, 0x12, 0x22, 0x21, 0x11, 0x11, 0x11,
  0x21, 0x12, 0x11, 0x11, 0x12, 0x11, 0x11, 0x12, 0x12, 0x11, 0x12, 0x11, 0x12, 0x11, 0x11, 0x12, 0x21, 0x21, 0x22, 0x21, 0x11, 0x12, 0x22, 0x12,
  0x22, 0x11, 0x11, 0x11, 0x12, 0x11, 0x21, 0x21, 0x11, 0x21, 0x12, 0x22, 0x22, 0x12, 0x21, 0x21, 0x22, 0x12, 0x12, 0x11, 0x12, 0x11, 0x21, 0x11,
  0x21, 0x45, 0x65, 0x65, 0x66, 0x54, 0x45, 0x55, 0x11, 0x22, 0x11, 0x11, 0x11, 0x12, 0x11, 0x12, 0x11, 0x11, 0x11, 0x11, 0x22, 0x11, 0x12, 0x21,
  0x22, 0x11, 0x22, 0x12, 0x11, 0x22, 0x21, 0x21, 0x12, 0x11, 0x12, 0x25, 0x66, 0x55, 0x54, 0x46, 0x44, 0x65, 0x54, 0x55, 0x56, 0x66, 0x54, 0x42,
  0x22, 0x12, 0x22, 0x11, 0x22, 0x12, 0x21, 0x12, 0x22, 0x22, 0x21, 0x21, 0x12, 0x11, 0x11, 0x11, 0x21, 0x12, 0x12, 0x21, 0x11, 0x12, 0x22, 0x12,
  0x11, 0x11, 0x22, 0x11, 0x11, 0x11, 0x11, 0x22, 0x22, 0x21, 0x12, 0x11, 0x22, 0x22, 0x12, 0x11, 0x22, 0x11, 0x21, 0x22, 0x11, 0x22, 0x11, 0x12,
  0x12, 0x21, 0x22, 0x21, 0x11, 0x12, 0x21, 0x11, 0x11, 0x22, 0x11, 0x11, 0x55, 0x65, 0x11, 0x12, 0x12, 0x11, 0x11, 0x12, 0x21, 0x22, 0x11, 0x21,
  0x16, 0x45, 0x64, 0x45, 0x66, 0x46, 0x64, 0x44, 0x65, 0x55, 0x54, 0x45, 0x42, 0x21, 0x11, 0x21, 0x11, 0x21, 0x56, 0x46, 0x65, 0x55, 0x55, 0x46,
  0x11, 0x12, 0x11, 0x22, 0x12, 0x21, 0x11, 0x21, 0x21, 0x22, 0x21, 0x55, 0x55, 0x54, 0x54, 0x44, 0x64, 0x54, 0x54, 0x55, 0x65, 0x45, 0x45, 0x46,
  0x21, 0x11, 0x12, 0x12, 0x12, 0x12, 0x12, 0x12, 0x12, 0x12, 0x56, 0x54, 0x11, 0x22, 0x11, 0x12, 0x12, 0x22, 0x21, 0x21, 0x22, 0x21, 0x45, 0x45,
  0x55, 0x54, 0x55, 0x65, 0x11, 0x22, 0x11, 0x11, 0x11, 0x11, 0x11, 0x12, 0x21, 0x12, 0x21, 0x12, 0x21, 0x11, 0x12, 0x21, 0x12, 0x22, 0x11, 0x11,
  0x11, 0x22, 0x12, 0x22, 0x11, 0x21, 0x11, 0x12, 0x12, 0x11, 0x11, 0x22, 0x45, 0x65, 0x22, 0x11, 0x56, 0x65, 0x54, 0x55, 0x11, 0x22, 0x12, 0x12,
  0x65, 0x66, 0x54, 0x64, 0x54, 0x56, 0x65, 0x65, 0x65, 0x44, 0x46, 0x55, 0x45, 0x11, 0x21, 0x11, 0x21, 0x11, 0x46, 0x56, 0x55, 0x55, 0x65, 0x55,
  0x21, 0x12, 0x11, 0x11, 0x45, 0x54, 0x65, 0x52, 0x11, 0x11, 0x15, 0x56, 0x54, 0x44, 0x64, 0x56, 0x64, 0x44, 0x46, 0x64, 0x56, 0x55, 0x65, 0x56,
  0x52, 0x12, 0x12, 0x12, 0x21, 0x11, 0x56, 0x54, 0x11, 0x11, 0x55, 0x45, 0x21, 0x11, 0x44, 0x55, 0x21, 0x21, 0x11, 0x21, 0x15, 0x55, 0x65, 0x46,
  0x44, 0x46, 0x44, 0x44, 0x64, 0x64, 0x12, 0x12, 0x45, 0x46, 0x42, 0x11, 0x22, 0x22, 0x54, 0x54, 0x21, 0x12, 0x11, 0x11, 0x11, 0x11, 0x12, 0x22,
  0x45, 0x54, 0x11, 0x12, 0x21, 0x11, 0x25, 0x46, 0x45, 0x55, 0x56, 0x65, 0x45, 0x55, 0x44, 0x45, 0x54, 0x44, 0x56, 0x45, 0x62, 0x21, 0x21, 0x16,
  0x55, 0x55, 0x55, 0x45, 0x56, 0x65, 0x46, 0x54, 0x64, 0x45, 0x55, 0x55, 0x45, 0x41, 0x12, 0x11, 0x21, 0x11, 0x45, 0x55, 0x44, 0x46, 0x65, 0x44,
  0x54, 0x65, 0x65, 0x65, 0x56, 0x56, 0x44, 0x66, 0x22, 0x22, 0x65, 0x55, 0x45, 0x65, 0x56, 0x55, 0x55, 0x45, 0x64, 0x45, 0x56, 0x65, 0x54, 0x54,
  0x54, 0x11, 0x11, 0x55, 0x66, 0x45, 0x55, 0x44, 0x65, 0x64, 0x65, 0x54, 0x64, 0x55, 0x54, 0x44, 0x65, 0x55, 0x22, 0x21, 0x66, 0x54, 0x65, 0x55,
  0x65, 0x65, 0x45, 0x65, 0x45, 0x45, 0x54, 0x45, 0x54, 0x56, 0x66, 0x12, 0x11, 0x64, 0x56, 0x55, 0x64, 0x45, 0x46, 0x46, 0x44, 0x65, 0x56, 0x55,
  0x64, 0x65, 0x56, 0x44, 0x21, 0x11, 0x15, 0x45, 0x56, 0x54, 0x65, 0x45, 0x64, 0x45, 0x44, 0x56, 0x44, 0x44, 0x66, 0x44, 0x55, 0x11, 0x21, 0x54,
  0x56, 0x65, 0x55, 0x55, 0x54, 0x64, 0x56, 0x65, 0x64, 0x56, 0x66, 0x55, 0x65, 0x56, 0x11, 0x11, 0x11, 0x11, 0x56, 0x63, 0x45, 0x43, 0x34, 0x44,
  0xd4, 0x53, 0x43, 0x44, 0x35, 0x44, 0x43, 0x23, 0x31, 0x22, 0x55, 0x64, 0x54, 0x43, 0x44, 0x34, 0x43, 0x44, 0x34, 0x44, 0x34, 0x34, 0x44, 0x54,
  0x33, 0x22, 0x12, 0x45, 0x55, 0x54, 0x44, 0x45, 0x44, 0x44, 0x44, 0x53, 0x44, 0x45, 0x44, 0x43, 0x44, 0x22, 0x21, 0x14, 0x46, 0x44, 0x44, 0x44,
  0x44, 0x44, 0x44, 0x44, 0x33, 0x54, 0x54, 0x44, 0x44, 0x34, 0x32, 0x21, 0x22, 0x56, 0x55, 0x63, 0x44, 0x33, 0x44, 0x44, 0x45, 0x44, 0x44, 0x34,
  0x44, 0x44, 0x44, 0x23, 0x31, 0x11, 0x14, 0x65, 0x54, 0x44, 0x44, 0x45, 0x43, 0x44, 0x43, 0x44, 0x45, 0x43, 0x44, 0x44, 0x23, 0x31, 0x24, 0x44,
  0x65, 0x64, 0x44, 0x44, 0x44, 0x44, 0x54, 0x44, 0x43, 0x44, 0x35, 0x35, 0x44, 0x33, 0x22, 0x11, 0x11, 0x21, 0x45, 0x64, 0x44, 0x34, 0x33, 0x45,
  0x54, 0x44, 0x44, 0x44, 0x44, 0x43, 0x44, 0x32, 0x33, 0x11, 0x65, 0x65, 0x55, 0x44, 0x34, 0x44, 0x45, 0x34, 0x44, 0x34, 0x34, 0x34, 0x45, 0x44,
  0x33, 0x23, 0x11, 0x66, 0x65, 0x54, 0x33, 0x53, 0x45, 0x45, 0x35, 0x44, 0x34, 0x44, 0x44, 0x44, 0x54, 0x33, 0x33, 0x15, 0x55, 0x44, 0x43, 0x44,
  0x44, 0x44, 0x44, 0x43, 0x44, 0x44, 0x54, 0x34, 0x43, 0x54, 0x33, 0x22, 0x22, 0x45, 0x66, 0x54, 0x44, 0x35, 0x54, 0x44, 0x33, 0x44, 0x43, 0x43,
  0x43, 0x45, 0x45, 0x22, 0x23, 0x12, 0x16, 0x45, 0x64, 0x44, 0x44, 0x44, 0x44, 0x54, 0x44, 0x43, 0x54, 0x43, 0x44, 0x44, 0x23, 0x33, 0x14, 0x55,
  0x56, 0x65, 0x34, 0x44, 0x44, 0x44, 0x44, 0x44, 0x53, 0x44, 0x43, 0x44, 0x44, 0x32, 0x22, 0x12, 0x22, 0x15, 0x54, 0x54, 0x44, 0x44, 0x44, 0x43,
  0x44, 0x44, 0x44, 0x44, 0x34, 0x44, 0x44, 0x23, 0x32, 0x22, 0x45, 0x45, 0x54, 0x44, 0x43, 0x34, 0x54, 0x44, 0x44, 0x44, 0x53, 0x44, 0x43, 0x53,
  0x23, 0x33, 0x11, 0x54, 0x64, 0x64, 0x44, 0x34, 0x44, 0x44, 0x45, 0x44, 0x44, 0x34, 0x44, 0x34, 0x44, 0x33, 0x22, 0x66, 0x56, 0x44, 0x64, 0x44,
  0x44, 0x44, 0x34, 0x44, 0x44, 0x43, 0x44, 0x43, 0x44, 0x43, 0x23, 0x32, 0x12, 0x55, 0x54, 0x54, 0x43, 0x44, 0x34, 0x44, 0x45, 0x33, 0x34, 0x45,
  0x45, 0x54, 0x43, 0x32, 0x33, 0x21, 0x25, 0x54, 0x53, 0x34, 0x54, 0x43, 0x44, 0x45, 0x45, 0x53, 0x44, 0x43, 0x44, 0x43, 0x32, 0x32, 0x15, 0x65,
  0x55, 0x44, 0x44, 0x45, 0x34, 0x54, 0x44, 0x4d, 0x44, 0x44, 0x34, 0x34, 0x44, 0x33, 0x33, 0x12, 0x22, 0x24, 0x66, 0x54, 0x45, 0x44, 0x44, 0x54,
  0x44, 0x44, 0x54, 0x44, 0x34, 0x44, 0x44, 0x32, 0x22, 0x22, 0x46, 0x56, 0x64, 0x33, 0x44, 0x44, 0x44, 0x33, 0x44, 0x44, 0x44, 0x44, 0x43, 0x44,
  0x22, 0x33, 0x21, 0x55, 0x54, 0x53, 0x44, 0x35, 0x43, 0x45, 0x44, 0x43, 0x44, 0x54, 0x45, 0x54, 0x34, 0x33, 0x33, 0x55, 0x45, 0x65, 0x64, 0x54,
  0x34, 0x54, 0x44, 0x34, 0x34, 0x54, 0x44, 0x44, 0x44, 0x44, 0x33, 0x33, 0x11, 0x46, 0x65, 0x44, 0x43, 0x44, 0x43, 0x44, 0x43, 0x44, 0x44, 0x33,
  0x45, 0x44, 0x43, 0x32, 0x33, 0x12, 0x26, 0x66, 0x43, 0x44, 0x44, 0x43, 0x43, 0x44, 0x43, 0x44, 0x44, 0x44, 0x45, 0x44, 0x22, 0x32, 0x24, 0x45,
  0x54, 0x54, 0x34, 0x44, 0x44, 0x34, 0x44, 0x45, 0x44, 0x44, 0x44, 0x44, 0x54, 0x33, 0x33, 0x12, 0x12, 0x14, 0x65, 0x54, 0x44, 0x44, 0x33, 0x34,
  0x34, 0x43, 0x45, 0x43, 0x34, 0x45, 0x44, 0x32, 0x32, 0x11, 0x66, 0x55, 0x53, 0x44, 0x44, 0x44, 0x44, 0x34, 0x34, 0x43, 0x44, 0x44, 0x44, 0x54,
  0x33, 0x33, 0x11, 0x56, 0x45, 0x54, 0x44, 0x44, 0x54, 0x43, 0x34, 0x44, 0x44, 0x45, 0x53, 0x44, 0x34, 0x33, 0x33, 0x55, 0x66, 0x65, 0x64, 0x44,
  0x43, 0x35, 0x44, 0x44, 0x44, 0x44, 0x34, 0x45, 0x44, 0x44, 0x32, 0x33, 0x11, 0x64, 0x64, 0x44, 0x44, 0x44, 0x44, 0x43, 0x53, 0x44, 0x44, 0x43,
  0x45, 0x34, 0x44, 0x23, 0x23, 0x21, 0x14, 0x66, 0x54, 0x45, 0x44, 0x44, 0x45, 0x44, 0x44, 0x44, 0x43, 0x44, 0x44, 0x34, 0x22, 0x23, 0x14, 0x65,
  0x56, 0x54, 0x44, 0x54, 0x45, 0x44, 0x43, 0x44, 0x34, 0x44, 0x44, 0x44, 0x43, 0x23, 0x32, 0x11, 0x11, 0x25, 0x54, 0x54, 0x44, 0x45, 0x44, 0x44,
  0x44, 0x43, 0x53, 0x54, 0x34, 0x44, 0x44, 0x22, 0x32, 0x11, 0x55, 0x55, 0x54, 0x44, 0x44, 0x34, 0x44, 0x44, 0x34, 0x44, 0x44, 0x54, 0x43, 0x44,
  0x23, 0x32, 0x21, 0x54, 0x66, 0x64, 0x34, 0x45, 0x54, 0x34, 0x44, 0x45, 0x43, 0x44, 0x45, 0x35, 0x53, 0x33, 0x22, 0x56, 0x55, 0x55, 0x54, 0x54,
  0x55, 0x54, 0x44, 0x44, 0x33, 0x54, 0x44, 0x44, 0x45, 0x44, 0x33, 0x33, 0x22, 0x55, 0x44, 0x54, 0x44, 0x45, 0x43, 0x34, 0x54, 0x54, 0x44, 0x44,
  0x44, 0x44, 0x44, 0x23, 0x32, 0x12, 0x16, 0x56, 0x44, 0x53, 0x44, 0x43, 0x44, 0x44, 0x44, 0x44, 0x55, 0x34, 0x43, 0x44, 0x22, 0x33, 0x15, 0x56,
  0x65, 0x55, 0x54, 0x43, 0x44, 0x44, 0x44, 0x44, 0x45, 0x54, 0x44, 0x45, 0x45, 0x32, 0x23, 0x11, 0x12, 0x46, 0x45, 0x54, 0x44, 0x43, 0x54, 0x44,
  0x53, 0x54, 0x43, 0x44, 0x53, 0x44, 0x43, 0x23, 0x32, 0x15, 0x54, 0x55, 0x54, 0x44, 0x44, 0x34, 0x44, 0x54, 0x44, 0x44, 0x34, 0x44, 0x45, 0x33,
  0x33, 0x33, 0x12, 0x56, 0x54, 0x43, 0x43, 0x44, 0x44, 0x44, 0x44, 0x34, 0x44, 0x43, 0x45, 0x44, 0x44, 0x32, 0x22, 0x25, 0x64, 0x45, 0x54, 0x44,
  0x54, 0x45, 0x44, 0x44, 0x44, 0x44, 0x45, 0x44, 0x44, 0x35, 0x33, 0x22, 0x12, 0x65, 0x44, 0x53, 0x44, 0x54, 0x44, 0x34, 0x44, 0x44, 0x45, 0x34,
  0x44, 0x54, 0x44, 0x33, 0x33, 0x11, 0x12, 0x55, 0x54, 0x34, 0x44, 0x44, 0x44, 0x44, 0x44, 0x34, 0x34, 0x44, 0x44, 0x44, 0x22, 0x23, 0x46, 0x65,
  0x46, 0x63, 0x54, 0x43, 0x44, 0x54, 0x45, 0x45, 0x44, 0x44, 0x44, 0x44, 0x44, 0x33, 0x22, 0x21, 0x12, 0x55, 0x65, 0x64, 0x53, 0x34, 0x34, 0x43,
  0x44, 0x44, 0x44, 0x44, 0x44, 0x43, 0x34, 0x33, 0x33, 0x26, 0x44, 0x45, 0x65, 0x43, 0x43, 0x33, 0x35, 0x34, 0x4d, 0x43, 0x43, 0x44, 0x44, 0x43,
  0x23, 0x33, 0x21, 0x55, 0x64, 0x44, 0x33, 0x44, 0x44, 0x34, 0x44, 0x53, 0x44, 0x34, 0x45, 0x44, 0x44, 0x32, 0x33, 0x15, 0x65, 0x54, 0x54, 0x44,
  0x44, 0x44, 0x54, 0x35, 0x44, 0x54, 0x44, 0x44, 0x44, 0x44, 0x33, 0x33, 0x12, 0x45, 0x65, 0x64, 0x44, 0x34, 0x54, 0x44, 0x35, 0x44, 0x45, 0x44,
  0x44, 0x44, 0x43, 0x33, 0x33, 0x12, 0x11, 0x46, 0x44, 0x44, 0x45, 0x43, 0x43, 0x44, 0x44, 0x44, 0x34, 0x44, 0x54, 0x35, 0x32, 0x33, 0x66, 0x65,
  0x54, 0x53, 0x44, 0x44, 0x34, 0x34, 0x44, 0x45, 0x44, 0x44, 0x44, 0x33, 0x44, 0x22, 0x32, 0x21, 0x12, 0x65, 0x46, 0x64, 0x44, 0x34, 0x43, 0x43,
  0x44, 0x44, 0x53, 0x45, 0x44, 0x34, 0x34, 0x33, 0x33, 0x24, 0x46, 0x55, 0x54, 0x33, 0x44, 0x44, 0x44, 0x44, 0x34, 0x44, 0x53, 0x44, 0x54, 0x45,
  0x22, 0x23, 0x11, 0x64, 0x55, 0x44, 0x44, 0x44, 0x44, 0x44, 0x44, 0x45, 0x34, 0x44, 0x44, 0x44, 0x54, 0x32, 0x32, 0x15, 0x46, 0x45, 0x43, 0x35,
  0x44, 0x44, 0x44, 0x44, 0x34, 0x44, 0x43, 0x44, 0x33, 0x43, 0x32, 0x32, 0x12, 0x55, 0x46, 0x43, 0x34, 0x54, 0x33, 0x44, 0x44, 0x43, 0x34, 0x44,
  0x44, 0x45, 0x44, 0x33, 0x23, 0x11, 0x11, 0x64, 0x44, 0x34, 0x44, 0x44, 0x54, 0x44, 0x44, 0x43, 0x44, 0x4d, 0x44, 0x44, 0x33, 0x33, 0x54, 0x44,
  0x66, 0x53, 0x44, 0x45, 0x34, 0x45, 0x44, 0x44, 0x54, 0x34, 0x34, 0x44, 0x45, 0x23, 0x33, 0x22, 0x22, 0x66, 0x54, 0x54, 0x45, 0x45, 0x44, 0x44,
  0x43, 0x44, 0x44, 0x43, 0x45, 0x44, 0x34, 0x32, 0x23, 0x25, 0x54, 0x54, 0x54, 0x44, 0x34, 0x44, 0x44, 0x34, 0x44, 0x44, 0x43, 0x45, 0x44, 0x44,
  0x32, 0x33, 0x11, 0x66, 0x45, 0x55, 0x44, 0x44, 0x44, 0x43, 0x44, 0x43, 0x44, 0x44, 0x45, 0x44, 0x44, 0x32, 0x33, 0x16, 0x64, 0x64, 0x54, 0x44,
  0x44, 0x44, 0x44, 0x54, 0x44, 0x44, 0x44, 0x44, 0x44, 0x43, 0x22, 0x33, 0x22, 0x56, 0x55, 0x64, 0x44, 0x44, 0x44, 0x43, 0x34, 0x44, 0x43, 0x45,
  0x54, 0x44, 0x44, 0x23, 0x23, 0x11, 0x21, 0x54, 0x64, 0x44, 0x34, 0x44, 0x44, 0x44, 0x45, 0x54, 0x34, 0x44, 0x44, 0x44, 0x33, 0x33, 0x65, 0x56,
  0x45, 0x54, 0x54, 0x45, 0x54, 0x44, 0x54, 0x44, 0x44, 0x44, 0x43, 0x44, 0x44, 0x23, 0x32, 0x12, 0x12, 0x22, 0x45, 0x54, 0x54, 0x44, 0x44, 0x44,
  0x34, 0x45, 0x54, 0x45, 0x43, 0x44, 0x44, 0x23, 0x33, 0x11, 0x55, 0x45, 0x44, 0x35, 0x34, 0x34, 0x43, 0x44, 0x34, 0x44, 0x43, 0x43, 0x44, 0x43,
  0x23, 0x33, 0x65, 0x55, 0x64, 0x44, 0x33, 0x45, 0x34, 0x45, 0x44, 0x45, 0x35, 0x43, 0x44, 0x44, 0x44, 0x23, 0x33, 0x56, 0x64, 0x65, 0x65, 0x44,
  0x44, 0x54, 0x34, 0x44, 0x44, 0x44, 0x44, 0x44, 0x44, 0x44, 0x32, 0x22, 0x11, 0x25, 0x45, 0x54, 0x53, 0x43, 0x44, 0x54, 0x44, 0x44, 0x44, 0x44,
  0x44, 0x44, 0x44, 0x32, 0x32, 0x11, 0x54, 0x54, 0x64, 0x44, 0x43, 0x45, 0x44, 0x44, 0x45, 0x44, 0x4d, 0x44, 0x44, 0x44, 0x33, 0x32, 0x65, 0x45,
  0x54, 0x54, 0x43, 0x45, 0x44, 0x54, 0x44, 0x34, 0x43, 0xd4, 0x44, 0x44, 0x34, 0x33, 0x33, 0x26, 0x12, 0x21, 0x56, 0x55, 0x35, 0x34, 0x43, 0x54,
  0x44, 0x54, 0x44, 0x44, 0x54, 0x4d, 0x44, 0x33, 0x23, 0x22, 0x46, 0x66, 0x54, 0x44, 0x43, 0x45, 0x44, 0x45, 0x44, 0x44, 0x54, 0x44, 0x44, 0x44,
  0x33, 0x22, 0x54, 0x55, 0x56, 0x54, 0x44, 0x45, 0x45, 0x44, 0x34, 0x44, 0x44, 0x44, 0x45, 0x45, 0x33, 0x23, 0x32, 0x55, 0x55, 0x55, 0x54, 0x34,
  0x44, 0x43, 0x34, 0x45, 0x44, 0x43, 0x43, 0x44, 0x44, 0x34, 0x22, 0x33, 0x12, 0x15, 0x56, 0x54, 0x53, 0x34, 0xd4, 0x44, 0x44, 0x43, 0x44, 0x43,
  0x44, 0x54, 0x43, 0x23, 0x33, 0x12, 0x65, 0x55, 0x45, 0x45, 0x44, 0x43, 0x44, 0x44, 0x34, 0x44, 0x44, 0x34, 0x44, 0x43, 0x32, 0x32, 0x56, 0x45,
  0x46, 0x43, 0x44, 0x43, 0x44, 0x44, 0x44, 0x45, 0x45, 0x44, 0x45, 0x45, 0x44, 0x22, 0x22, 0x15, 0x21, 0x21, 0x55, 0x44, 0x44, 0x45, 0x54, 0x43,
  0x44, 0x54, 0x44, 0x45, 0x44, 0xd3, 0x44, 0x23, 0x23, 0x21, 0x55, 0x46, 0x54, 0x44, 0x44, 0x45, 0x44, 0x44, 0x44, 0x44, 0x34, 0x44, 0x44, 0x43,
  0x23, 0x32, 0x56, 0x55, 0x55, 0x54, 0x44, 0x44, 0x44, 0x44, 0x34, 0x44, 0x44, 0x44, 0x44, 0x45, 0x54, 0x33, 0x22, 0x55, 0x55, 0x45, 0x54, 0x44,
  0x44, 0x44, 0x44, 0x44, 0x33, 0x44, 0x34, 0x33, 0x43, 0x44, 0x33, 0x23, 0x11, 0x15, 0x46, 0x44, 0x43, 0x54, 0x44, 0x44, 0x44, 0x33, 0x44, 0x35,
  0x45, 0x43, 0x44, 0x22, 0x32, 0x21, 0x45, 0x54, 0x44, 0x35, 0x54, 0x34, 0x44, 0x44, 0x44, 0x44, 0x44, 0x34, 0x44, 0x44, 0x33, 0x23, 0x54, 0x55,
  0x64, 0x55, 0x45, 0x43, 0x44, 0x44, 0x43, 0x44, 0x44, 0x45, 0x54, 0x44, 0x44, 0x33, 0x33, 0x14, 0x12, 0x22, 0x65, 0x54, 0x44, 0x44, 0x33, 0x44,
  0x44, 0x44, 0x43, 0x34, 0x54, 0x44, 0x44, 0x33, 0x32, 0x11, 0x54, 0x56, 0x44, 0x44, 0x44, 0x34, 0x44, 0x43, 0x34, 0x43, 0x33, 0x43, 0x43, 0x44,
  0x32, 0x21, 0x25, 0x54, 0x66, 0x64, 0x45, 0x44, 0xd3, 0x43, 0x34, 0x44, 0x35, 0x44, 0x44, 0x44, 0x44, 0x22, 0x31, 0x15, 0x65, 0x54, 0x54, 0x44,
  0x43, 0x45, 0x33, 0x44, 0x43, 0x44, 0x55, 0x44, 0x43, 0x44, 0x33, 0x22, 0x11, 0x25, 0x65, 0x54, 0x54, 0x44, 0x44, 0x45, 0x45, 0x44, 0x54, 0x45,
  0x34, 0x44, 0x44, 0x22, 0x31, 0x11, 0x65, 0x66, 0x44, 0x33, 0x44, 0x44, 0x43, 0x54, 0x44, 0x44, 0x44, 0x44, 0x44, 0x44, 0x33, 0x32, 0x15, 0x55,
  0x56, 0x53, 0x45, 0x33, 0x44, 0x54, 0x44, 0x45, 0x44, 0x44, 0x44, 0x34, 0x44, 0x33, 0x22, 0x24, 0x12, 0x66, 0x46, 0x53, 0x44, 0x54, 0x45, 0x44,
  0x44, 0x45, 0x44, 0x44, 0x44, 0x44, 0x44, 0x33, 0x11, 0x22, 0x15, 0x54, 0x54, 0x45, 0x55, 0x43, 0x43, 0x44, 0x43, 0x54, 0x44, 0x54, 0x43, 0x54,
  0x23, 0x12, 0x11, 0x55, 0x65, 0x54, 0x34, 0x44, 0x44, 0x44, 0x44, 0x35, 0x33, 0x44, 0x34, 0x43, 0x44, 0x22, 0x11, 0x11, 0x55, 0x65, 0x45, 0x44,
  0xd4, 0x44, 0x43, 0x54, 0x34, 0x4d, 0x44, 0x53, 0x35, 0x34, 0x23, 0x11, 0x21, 0x11, 0x44, 0x53, 0x43, 0x43, 0x44, 0x43, 0x44, 0x53, 0x43, 0x34,
  0x55, 0x44, 0x44, 0x32, 0x22, 0x22, 0x22, 0x46, 0x54, 0x44, 0x44, 0x45, 0x43, 0x43, 0x44, 0x44, 0x44, 0x44, 0x44, 0x45, 0x32, 0x21, 0x11, 0x45,
  0x56, 0x54, 0x34, 0x43, 0x44, 0x44, 0x44, 0x44, 0x44, 0x44, 0x54, 0x34, 0x45, 0x32, 0x11, 0x12, 0x12, 0x25, 0x56, 0x44, 0x35, 0x44, 0x34, 0x44,
  0x44, 0x54, 0x44, 0x44, 0x44, 0x34, 0x34, 0x31, 0x12, 0x12, 0x16, 0x55, 0x44, 0x44, 0x3d, 0x44, 0x45, 0x43, 0x44, 0x44, 0x35, 0x44, 0x44, 0x44,
  0x21, 0x21, 0x21, 0x24, 0x64, 0x64, 0x34, 0x44, 0x44, 0x44, 0x44, 0x44, 0x44, 0x44, 0x44, 0x44, 0x34, 0x22, 0x12, 0x21, 0x25, 0x55, 0x54, 0x54,
  0x43, 0x44, 0x43, 0x34, 0x44, 0x44, 0x34, 0x44, 0x44, 0x44, 0x32, 0x22, 0x11, 0x21, 0x46, 0x54, 0x44, 0x44, 0x43, 0x44, 0x44, 0x45, 0x44, 0x45,
  0x45, 0x44, 0x54, 0x21, 0x11, 0x11, 0x21, 0x55, 0x54, 0x44, 0x44, 0x43, 0x54, 0x43, 0x43, 0x44, 0x44, 0x35, 0x44, 0x45, 0x22, 0x11, 0x21, 0x15,
  0x45, 0x43, 0x44, 0x34, 0x45, 0x44, 0x44, 0x44, 0x43, 0x43, 0x44, 0x44, 0x44, 0x32, 0x11, 0x12, 0x11, 0x12, 0x45, 0x52, 0x32, 0x33, 0x22, 0x22,
  0x33, 0x32, 0x33, 0x32, 0x23, 0x33, 0x22, 0x21, 0x11, 0x12, 0x12, 0x54, 0x63, 0x32, 0x33, 0x32, 0x22, 0x32, 0x33, 0x23, 0x32, 0x22, 0x22, 0x23,
  0x11, 0x11, 0x21, 0x12, 0x46, 0x53, 0x33, 0x33, 0x32, 0x22, 0x32, 0x32, 0x33, 0x33, 0x33, 0x32, 0x33, 0x21, 0x21, 0x22, 0x12, 0x65, 0x63, 0x23,
  0x33, 0x22, 0x22, 0x22, 0x33, 0x32, 0x32, 0x32, 0x32, 0x32, 0x22, 0x12, 0x21, 0x21, 0x45, 0x52, 0x33, 0x23, 0x33, 0x33, 0x22, 0x23, 0x32, 0x33,
  0x22, 0x22, 0x22, 0x11, 0x21, 0x12, 0x11, 0x56, 0x63, 0x23, 0x33, 0x23, 0x22, 0x22, 0x32, 0x32, 0x32, 0x22, 0x32, 0x23, 0x12, 0x11, 0x21, 0x21,
  0x56, 0x53, 0x33, 0x33, 0x32, 0x23, 0x32, 0x32, 0x33, 0x22, 0x23, 0x33, 0x33, 0x22, 0x12, 0x11, 0x11, 0x21, 0x26, 0x53, 0x32, 0x22, 0x22, 0x23,
  0x22, 0x33, 0x23, 0x23, 0x33, 0x32, 0x21, 0x12, 0x11, 0x11, 0x11, 0x15, 0x52, 0x33, 0x33, 0x32, 0x22, 0x22, 0x32, 0x33, 0x23, 0x32, 0x22, 0x32,
  0x21, 0x22, 0x21, 0x11, 0x14, 0x62, 0x23, 0x33, 0x33, 0x22, 0x33, 0x33, 0x23, 0x32, 0x32, 0x33, 0x32, 0x21, 0x22, 0x22, 0x12, 0x16, 0x63, 0x23,
  0x22, 0x23, 0x33, 0x22, 0x32, 0x33, 0x22, 0x22, 0x32, 0x22, 0x11, 0x12, 0x11, 0x22, 0x26, 0x52, 0x33, 0x33, 0x23, 0x33, 0x33, 0x33, 0x33, 0x33,
  0x33, 0x23, 0x31, 0x12, 0x21, 0x22, 0x22, 0x26, 0x63, 0x33, 0x33, 0x33, 0x33, 0x22, 0x32, 0x33, 0x23, 0x33, 0x22, 0x32, 0x22, 0x11, 0x12, 0x22,
  0x15, 0x63, 0x33, 0x32, 0x33, 0x33, 0x33, 0x32, 0x23, 0x32, 0x22, 0x23, 0x32, 0x11, 0x11, 0x22, 0x21, 0x11, 0x11, 0x53, 0x23, 0x33, 0x23, 0x22,
  0x32, 0x33, 0x23, 0x32, 0x23, 0x22, 0x12, 0x11, 0x12, 0x21, 0x11, 0x12, 0x53, 0x32, 0x33, 0x22, 0x33, 0x33, 0x22, 0x33, 0x23, 0x23, 0x32, 0x22,
  0x22, 0x11, 0x21, 0x12, 0x12, 0x43, 0x23, 0x22, 0x33, 0x23, 0x33, 0x23, 0x22, 0x32, 0x32, 0x23, 0x21, 0x11, 0x11, 0x22, 0x11, 0x12, 0x53, 0x33,
  0x33, 0x32, 0x22, 0x32, 0x33, 0x23, 0x32, 0x32, 0x33, 0x21, 0x22, 0x12, 0x11, 0x22, 0x22, 0x53, 0x32, 0x33, 0x33, 0x33, 0x22, 0x33, 0x33, 0x33,
  0x33, 0x32, 0x22, 0x11, 0x22, 0x11, 0x21, 0x11, 0x53, 0x22, 0x32, 0x33, 0x23, 0x33, 0x23, 0x33, 0x23, 0x23, 0x33, 0x11, 0x11, 0x12, 0x11, 0x22,
  0x21, 0x43, 0x32, 0x32, 0x33, 0x32, 0x23, 0x23, 0x23, 0x33, 0x23, 0x22, 0x22, 0x12, 0x11, 0x12, 0x21, 0x11, 0x12, 0x13, 0x33, 0x33, 0x23, 0x33,
  0x32, 0x32, 0x22, 0x22, 0x23, 0x22, 0x21, 0x11, 0x11, 0x11, 0x12, 0x12, 0x22, 0x32, 0x32, 0x33, 0x23, 0x32, 0x23, 0x33, 0x22, 0x23, 0x21, 0x12,
  0x11, 0x22, 0x21, 0x11, 0x22, 0x13, 0x23, 0x33, 0x33, 0x33, 0x23, 0x23, 0x33, 0x23, 0x23, 0x31, 0x21, 0x21, 0x11, 0x11, 0x21, 0x22, 0x23, 0x33,
  0x33, 0x33, 0x23, 0x32, 0x23, 0x23, 0x22, 0x22, 0x31, 0x11, 0x21, 0x22, 0x12, 0x21, 0x11, 0x13, 0x22, 0x22, 0x23, 0x22, 0x33, 0x22, 0x22, 0x23,
  0x22, 0x31, 0x22, 0x11, 0x12, 0x12, 0x11, 0x12, 0x23, 0x33, 0x33, 0x33, 0x32, 0x23, 0x22, 0x23, 0x33, 0x23, 0x21, 0x22, 0x12, 0x11, 0x12, 0x12,
  0x11, 0x12, 0x32, 0x23, 0x23, 0x23, 0x33, 0x33, 0x32, 0x32, 0x33, 0x21, 0x22, 0x22, 0x22, 0x11, 0x54, 0x44, 0x45, 0x56, 0x11, 0x12, 0x22, 0x12,
  0x12, 0x22, 0x21, 0x11, 0x21, 0x11, 0x22, 0x21, 0x12, 0x22, 0x11, 0x11, 0x21, 0x11, 0x11, 0x11, 0x21, 0x22, 0x21, 0x12, 0x22, 0x12, 0x12, 0x12,
  0x11, 0x12, 0x12, 0x21, 0x21, 0x12, 0x22, 0x12, 0x12, 0x22, 0x11, 0x11, 0x21, 0x21, 0x22, 0x12, 0x11, 0x11, 0x22, 0x12, 0x12, 0x11, 0x12, 0x21,
  0x11, 0x12, 0x11, 0x22, 0x21, 0x11, 0x11, 0x65, 0x11, 0x22, 0x11, 0x12, 0x45, 0x56, 0x12, 0x11, 0x12, 0x22, 0x12, 0x21, 0x22, 0x21, 0x21, 0x11,
  0x12, 0x11, 0x12, 0x21, 0x11, 0x12, 0x11, 0x21, 0x11, 0x11, 0x21, 0x11, 0x21, 0x21, 0x22, 0x21, 0x22, 0x22, 0x21, 0x22, 0x55, 0x56, 0x22, 0x12,
  0x21, 0x12, 0x12, 0x22, 0x11, 0x11, 0x12, 0x21, 0x11, 0x22, 0x22, 0x11, 0x11, 0x21, 0x12, 0x11, 0x55, 0x56, 0x45, 0x55, 0x55, 0x51, 0x12, 0x12,
  0x12, 0x12, 0x11, 0x21, 0x11, 0x11, 0x12, 0x22, 0x11, 0x12, 0x22, 0x21, 0x21, 0x12, 0x12, 0x22, 0x21, 0x12, 0x11, 0x11, 0x21, 0x21, 0x21, 0x22,
  0x21, 0x21, 0x11, 0x11, 0x21, 0x12, 0x11, 0x11, 0x12, 0x11, 0x21, 0x12, 0x11, 0x11, 0x12, 0x11, 0x11, 0x12, 0x22, 0x11, 0x21, 0x11, 0x22, 0x11,
  0x61, 0x11, 0x22, 0x11, 0x22, 0x11, 0x15, 0x56, 0x64, 0x55, 0x65, 0x45, 0x46, 0x65, 0x56, 0x64, 0x22, 0x11, 0x21, 0x12, 0x11, 0x11, 0x21, 0x26,
  0x22, 0x11, 0x11, 0x22, 0x46, 0x45, 0x11, 0x11, 0x56, 0x56, 0x21, 0x21, 0x21, 0x11, 0x21, 0x22, 0x15, 0x54, 0x65, 0x55, 0x45, 0x54, 0x12, 0x11,
  0x65, 0x55, 0x11, 0x11, 0x21, 0x21, 0x22, 0x21, 0x11, 0x21, 0x55, 0x55, 0x21, 0x21, 0x56, 0x65, 0x55, 0x45, 0x55, 0x56, 0x55, 0x55, 0x11, 0x11,
  0x11, 0x21, 0x12, 0x11, 0x55, 0x45, 0x21, 0x12, 0x12, 0x12, 0x55, 0x65, 0x54, 0x55, 0x44, 0x21, 0x22, 0x12, 0x22, 0x12, 0x11, 0x11, 0x21, 0x21,
  0x55, 0x55, 0x11, 0x11, 0x12, 0x22, 0x12, 0x11, 0x21, 0x11, 0x12, 0x11, 0x12, 0x56, 0x64, 0x65, 0x11, 0x21, 0x11, 0x11, 0x55, 0x45, 0x54, 0x55,
  0x66, 0x11, 0x12, 0x11, 0x12, 0x12, 0x56, 0x65, 0x56, 0x65, 0x44, 0x56, 0x45, 0x45, 0x45, 0x56, 0x45, 0x45, 0x22, 0x12, 0x12, 0x11, 0x21, 0x66,
  0x22, 0x11, 0x55, 0x64, 0x65, 0x55, 0x54, 0x45, 0x65, 0x55, 0x55, 0x12, 0x11, 0x21, 0x21, 0x22, 0x65, 0x55, 0x45, 0x55, 0x46, 0x55, 0x65, 0x65,
  0x65, 0x56, 0x45, 0x55, 0x12, 0x12, 0x22, 0x11, 0x11, 0x21, 0x44, 0x55, 0x21, 0x11, 0x56, 0x44, 0x55, 0x55, 0x55, 0x66, 0x44, 0x65, 0x52, 0x22,
  0x11, 0x21, 0x11, 0x11, 0x45, 0x55, 0x11, 0x11, 0x45, 0x54, 0x44, 0x55, 0x46, 0x56, 0x55, 0x51, 0x22, 0x11, 0x21, 0x12, 0x45, 0x45, 0x12, 0x21,
  0x46, 0x46, 0x21, 0x12, 0x46, 0x56, 0x22, 0x12, 0x11, 0x11, 0x12, 0x21, 0x15, 0x64, 0x65, 0x66, 0x65, 0x55, 0x54, 0x55, 0x64, 0x65, 0x56, 0x56,
  0x44, 0x52, 0x11, 0x11, 0x12, 0x25, 0x56, 0x56, 0x55, 0x54, 0x65, 0x65, 0x45, 0x66, 0x64, 0x44, 0x46, 0x55, 0x52, 0x21, 0x12, 0x22, 0x16, 0x55,
  0x54, 0x55, 0x55, 0x44, 0x54, 0x54, 0x55, 0x45, 0x54, 0x55, 0x55, 0x51, 0x11, 0x21, 0x11, 0x26, 0x66, 0x46, 0x45, 0x45, 0x44, 0x65, 0x55, 0x55,
  0x66, 0x54, 0x65, 0x44, 0x52, 0x11, 0x12, 0x21, 0x25, 0x54, 0x55, 0x55, 0x56, 0x54, 0x55, 0x54, 0x55, 0x65, 0x56, 0x66, 0x64, 0x45, 0x54, 0x21,
  0x11, 0x11, 0x45, 0x55, 0x55, 0x45, 0x54, 0x45, 0x44, 0x55, 0x54, 0x46, 0x64, 0x45, 0x54, 0x46, 0x11, 0x21, 0x11, 0x64, 0x44, 0x45, 0x55, 0x64,
  0x65, 0x66, 0x65, 0x54, 0x55, 0x44, 0x55, 0x56, 0x44, 0x22, 0x22, 0x12, 0x16, 0x55, 0x55, 0x44, 0x44, 0x65, 0x54, 0x55, 0x55, 0x56, 0x56, 0x65,
  0x54, 0x64, 0x22, 0x21, 0x12, 0x56, 0x55, 0x55, 0x45, 0x55, 0x55, 0x45, 0x54, 0x56, 0x55, 0x54, 0x55, 0x65, 0x56, 0x11, 0x11, 0x12, 0x54, 0x55,
  0x56, 0x54, 0x56, 0x45, 0x45, 0x46, 0x45, 0x56, 0x55, 0x64, 0x65, 0x55, 0x21, 0x22, 0x21, 0x46, 0x55, 0x66, 0x54, 0x56, 0x65, 0x55, 0x55, 0x54,
  0x45, 0x54, 0x56, 0x45, 0x55, 0x22, 0x11, 0x21, 0x56, 0x65, 0x56, 0x56, 0x45, 0x54, 0x45, 0x55, 0x55, 0x54, 0x64, 0x44, 0x65, 0x46, 0x54, 0x61,
  0x12, 0x24, 0x54, 0x65, 0x65, 0x44, 0x55, 0x54, 0x54, 0x56, 0x66, 0x65, 0x64, 0x55, 0x54, 0x46, 0x61, 0x11, 0x25, 0x54, 0x56, 0x45, 0x56, 0x45,
  0x56, 0x54, 0x45, 0x46, 0x55, 0x45, 0x64, 0x55, 0x56, 0x41, 0x21, 0x12, 0x26, 0x46, 0x46, 0x66, 0x54, 0x66, 0x65, 0x64, 0x65, 0x64, 0x66, 0x54,
  0x55, 0x65, 0x62, 0x21, 0x24, 0x55, 0x65, 0x54, 0x55, 0x55, 0x46, 0x55, 0x55, 0x45, 0x54, 0x46, 0x46, 0x65, 0x55, 0x51, 0x21, 0x15, 0x65, 0x46,
  0x55, 0x46, 0x55, 0x45, 0x54, 0x65, 0x66, 0x66, 0x45, 0x64, 0x44, 0x44, 0x51, 0x11, 0x12, 0x54, 0x54, 0x54, 0x55, 0x46, 0x45, 0x55, 0x56, 0x54,
  0x65, 0x45, 0x55, 0x55, 0x45, 0x61, 0x12, 0x16, 0x45, 0x46, 0x56, 0x64, 0x64, 0x44, 0x54, 0x45, 0x44, 0x44, 0x44, 0x34, 0x44, 0x45, 0x43, 0x33,
  0x11, 0x45, 0x64, 0x56, 0x44, 0x44, 0x44, 0x44, 0x43, 0x34, 0x44, 0x34, 0x44, 0x43, 0x44, 0x43, 0x22, 0x22, 0x11, 0x64, 0x46, 0x43, 0x45, 0x44,
  0x33, 0x34, 0x44, 0x44, 0x45, 0x44, 0x34, 0x34, 0x42, 0x33, 0x12, 0x16, 0x64, 0x66, 0x33, 0x44, 0x45, 0x45, 0x34, 0x44, 0x44, 0x43, 0x44, 0x43,
  0x44, 0x43, 0x22, 0x22, 0x55, 0x46, 0x65, 0x44, 0x44, 0x45, 0x44, 0x54, 0x44, 0x44, 0x44, 0x44, 0x44, 0x45, 0x33, 0x33, 0x21, 0x46, 0x66, 0x54,
  0x45, 0x43, 0x44, 0x44, 0x34, 0x44, 0x44, 0x44, 0x35, 0x34, 0x43, 0x42, 0x32, 0x21, 0x11, 0x65, 0x44, 0x44, 0x44, 0x44, 0x44, 0x45, 0x34, 0x44,
  0x45, 0x44, 0x44, 0x34, 0x42, 0x23, 0x21, 0x45, 0x55, 0x65, 0x44, 0x35, 0x33, 0x44, 0x44, 0x44, 0x54, 0x44, 0x43, 0x45, 0x44, 0x44, 0x43, 0x32,
  0x34, 0x45, 0x55, 0x44, 0x34, 0x45, 0x44, 0x44, 0x45, 0x44, 0x44, 0x33, 0x44, 0x54, 0x34, 0x42, 0x23, 0x31, 0x21, 0x55, 0x56, 0x43, 0x54, 0x44,
  0x53, 0x44, 0x44, 0x34, 0x34, 0x44, 0x44, 0x34, 0x42, 0x33, 0x21, 0x24, 0x45, 0x56, 0x43, 0x45, 0x44, 0x44, 0x45, 0x44, 0x44, 0x44, 0x44, 0x34,
  0x44, 0x43, 0x23, 0x22, 0x55, 0x55, 0x44, 0x44, 0x44, 0x44, 0x54, 0x45, 0x53, 0x45, 0x44, 0x44, 0x35, 0x44, 0x42, 0x23, 0x32, 0x55, 0x56, 0x66,
  0x54, 0x43, 0x44, 0x44, 0x44, 0x43, 0x44, 0x44, 0x44, 0x44, 0x53, 0x33, 0x33, 0x32, 0x11, 0x55, 0x66, 0x44, 0x43, 0x33, 0x34, 0x44, 0x44, 0x44,
  0x43, 0x44, 0x44, 0x44, 0x43, 0x22, 0x32, 0x54, 0x46, 0x46, 0x44, 0x44, 0x34, 0x34, 0x44, 0x43, 0x44, 0x44, 0x44, 0x44, 0x43, 0x45, 0x43, 0x22,
  0x24, 0x46, 0x45, 0x65, 0x44, 0x44, 0x44, 0x44, 0x44, 0x44, 0x44, 0x43, 0x44, 0x54, 0x33, 0x43, 0x33, 0x31, 0x21, 0x55, 0x65, 0x44, 0x43, 0x45,
  0x44, 0x54, 0x53, 0x34, 0x34, 0x54, 0x43, 0x44, 0x52, 0x22, 0x21, 0x16, 0x66, 0x45, 0x44, 0x43, 0x34, 0x54, 0x34, 0x44, 0x44, 0x44, 0x43, 0x44,
  0x44, 0x43, 0x32, 0x22, 0x55, 0x56, 0x45, 0x54, 0x44, 0x44, 0x44, 0x44, 0x45, 0x54, 0x43, 0x44, 0x34, 0x45, 0x52, 0x33, 0x31, 0x54, 0x55, 0x46,
  0x44, 0x44, 0x53, 0x44, 0x43, 0x34, 0x54, 0x45, 0x43, 0x44, 0x34, 0x33, 0x22, 0x31, 0x12, 0x64, 0x55, 0x34, 0x43, 0x44, 0x54, 0x54, 0x55, 0x44,
  0x43, 0x43, 0x43, 0x34, 0x32, 0x23, 0x32, 0x56, 0x46, 0x46, 0x43, 0x54, 0x33, 0x44, 0x55, 0x34, 0x45, 0x45, 0x44, 0x44, 0x43, 0x44, 0x42, 0x33,
  0x26, 0x55, 0x64, 0x54, 0x43, 0x34, 0x45, 0x34, 0x44, 0x45, 0x53, 0x44, 0x44, 0x44, 0x54, 0x32, 0x33, 0x31, 0x22, 0x45, 0x55, 0x44, 0x45, 0x44,
  0x43, 0x45, 0x55, 0x44, 0x44, 0x45, 0x44, 0x44, 0x42, 0x32, 0x32, 0x15, 0x46, 0x46, 0x55, 0x43, 0x44, 0x44, 0x34, 0x44, 0x44, 0x44, 0x44, 0x44,
  0x44, 0x42, 0x33, 0x31, 0x54, 0x66, 0x56, 0x44, 0x44, 0x33, 0x44, 0x44, 0x44, 0x44, 0x34, 0x44, 0x34, 0x44, 0x42, 0x22, 0x31, 0x55, 0x64, 0x55,
  0x34, 0x45, 0x44, 0x33, 0x44, 0x44, 0x44, 0xd4, 0x44, 0x44, 0x44, 0x42, 0x32, 0x32, 0x12, 0x45, 0x46, 0x43, 0x33, 0x44, 0x45, 0x34, 0x44, 0x35,
  0x34, 0x44, 0x44, 0x44, 0x43, 0x22, 0x32, 0x65, 0x45, 0x54, 0x4d, 0x34, 0x44, 0x35, 0x54, 0x34, 0x34, 0x44, 0x44, 0x43, 0x44, 0x44, 0x52, 0x22,
  0x31, 0x56, 0x64, 0x64, 0x44, 0x44, 0x43, 0x44, 0x44, 0x35, 0x34, 0x44, 0x34, 0x44, 0x54, 0x43, 0x22, 0x22, 0x22, 0x45, 0x56, 0x34, 0x43, 0x4d,
  0x54, 0x34, 0x34, 0x44, 0x43, 0x44, 0x44, 0x34, 0x43, 0x23, 0x31, 0x12, 0x55, 0x66, 0x45, 0x44, 0x54, 0x33, 0x44, 0x54, 0x44, 0x4d, 0x44, 0x34,
  0x44, 0x43, 0x33, 0x31, 0x24, 0x46, 0x65, 0x34, 0x43, 0x44, 0x33, 0x35, 0x45, 0x44, 0x44, 0x44, 0x44, 0x43, 0x43, 0x22, 0x24, 0x46, 0x56, 0x55,
  0x44, 0x44, 0x44, 0x34, 0x44, 0x54, 0x44, 0x54, 0x43, 0x45, 0x45, 0x42, 0x33, 0x21, 0x15, 0x45, 0x66, 0x44, 0x54, 0x44, 0x44, 0x54, 0x45, 0x43,
  0x45, 0x34, 0x45, 0x54, 0x43, 0x33, 0x22, 0x56, 0x54, 0x55, 0x44, 0x34, 0x44, 0x44, 0x44, 0x34, 0x44, 0x54, 0x43, 0x44, 0x44, 0x44, 0x33, 0x33,
  0x31, 0x64, 0x44, 0x55, 0x43, 0x44, 0x44, 0x44, 0x45, 0x44, 0x45, 0x44, 0x44, 0x44, 0x44, 0x43, 0x32, 0x21, 0x11, 0x55, 0x65, 0x44, 0x44, 0x44,
  0x34, 0x44, 0x44, 0x44, 0x45, 0x44, 0x43, 0x44, 0x43, 0x22, 0x31, 0x11, 0x54, 0x56, 0x44, 0x44, 0x43, 0x44, 0x44, 0x44, 0x44, 0x34, 0x54, 0x44,
  0x54, 0x43, 0x23, 0x21, 0x15, 0x55, 0x46, 0x35, 0x55, 0x44, 0x43, 0x34, 0x44, 0x44, 0x44, 0x43, 0x35, 0x44, 0x43, 0x33, 0x25, 0x44, 0x64, 0x66,
  0x44, 0x44, 0x44, 0x44, 0x55, 0x44, 0x34, 0x44, 0x44, 0x43, 0x43, 0x43, 0x22, 0x31, 0x25, 0x55, 0x65, 0x44, 0x44, 0x44, 0x54, 0x44, 0x54, 0x34,
  0x44, 0x43, 0x44, 0x44, 0x42, 0x32, 0x21, 0x56, 0x55, 0x54, 0x44, 0x34, 0x34, 0x44, 0x44, 0x34, 0x44, 0x44, 0x44, 0x54, 0x44, 0x44, 0x53, 0x32,
  0x21, 0x54, 0x45, 0x56, 0x44, 0x44, 0x44, 0x44, 0x43, 0x44, 0x44, 0x44, 0x44, 0x53, 0x44, 0x52, 0x23, 0x22, 0x21, 0x55, 0x65, 0x44, 0x44, 0x44,
  0x45, 0x54, 0x44, 0x44, 0x44, 0x54, 0x44, 0x44, 0x43, 0x33, 0x31, 0x21, 0x66, 0x44, 0x34, 0x44, 0x55, 0x43, 0x44, 0x34, 0x44, 0x53, 0x33, 0x44,
  0x34, 0x52, 0x33, 0x21, 0x15, 0x66, 0x56, 0x34, 0x44, 0x44, 0x53, 0x44, 0x53, 0x54, 0x43, 0x44, 0x44, 0x34, 0x42, 0x33, 0x35, 0x65, 0x54, 0x45,
  0x44, 0x44, 0x34, 0x43, 0x44, 0x44, 0x44, 0x54, 0x44, 0x44, 0x44, 0x32, 0x23, 0x31, 0x25, 0x56, 0x55, 0x54, 0x44, 0x44, 0x54, 0x53, 0x44, 0x55,
  0x44, 0x43, 0x44, 0x44, 0x53, 0x22, 0x31, 0x56, 0x55, 0x55, 0x44, 0x44, 0x44, 0x54, 0x33, 0x44, 0x44, 0x44, 0x44, 0x54, 0x44, 0x44, 0x43, 0x33,
  0x32, 0x64, 0x54, 0x56, 0x44, 0x44, 0x44, 0x43, 0x34, 0x54, 0x44, 0x35, 0x43, 0x44, 0x44, 0x42, 0x32, 0x32, 0x12, 0x44, 0x54, 0x45, 0x43, 0x43,
  0x44, 0x44, 0x44, 0x34, 0x44, 0x44, 0x43, 0x44, 0x43, 0x33, 0x32, 0x21, 0x46, 0x64, 0x44, 0x44, 0x44, 0x34, 0x54, 0x45, 0x44, 0x43, 0x44, 0x44,
  0x43, 0x43, 0x32, 0x31, 0x25, 0x45, 0x44, 0x44, 0x44, 0x45, 0x44, 0x44, 0x55, 0x43, 0x45, 0x44, 0x44, 0x54, 0x43, 0x32, 0x35, 0x45, 0x66, 0x56,
  0x45, 0x43, 0x44, 0x44, 0x44, 0x35, 0x44, 0x55, 0x44, 0x45, 0x34, 0x43, 0x32, 0x21, 0x25, 0x56, 0x65, 0x34, 0x43, 0x44, 0x54, 0x43, 0x44, 0x44,
  0x34, 0x43, 0x44, 0x44, 0x43, 0x33, 0x31, 0x54, 0x54, 0x54, 0x54, 0x34, 0x44, 0x44, 0x45, 0x53, 0x54, 0x34, 0x44, 0x44, 0x44, 0x54, 0x42, 0x23,
  0x34, 0x55, 0x54, 0x46, 0x54, 0x54, 0x44, 0x44, 0x44, 0x44, 0x44, 0x43, 0x44, 0x44, 0x34, 0x32, 0x22, 0x32, 0x21, 0x55, 0x54, 0x44, 0x44, 0x44,
  0x53, 0x44, 0x45, 0x44, 0x44, 0x44, 0x54, 0x44, 0x43, 0x23, 0x22, 0x11, 0x65, 0x54, 0x44, 0x44, 0x44, 0x44, 0x44, 0x44, 0x44, 0x44, 0x44, 0x44,
  0x44, 0x42, 0x33, 0x21, 0x55, 0x54, 0x55, 0x44, 0x43, 0x44, 0x33, 0x35, 0xd4, 0x44, 0x44, 0x44, 0x54, 0x44, 0x53, 0x33, 0x31, 0x56, 0x55, 0x55,
  0x44, 0x35, 0x44, 0x44, 0x44, 0x34, 0x44, 0x43, 0x44, 0x33, 0x44, 0x43, 0x33, 0x31, 0x11, 0x55, 0x44, 0x44, 0x44, 0x44, 0x54, 0x44, 0x54, 0x44,
  0x43, 0x34, 0x44, 0x34, 0x43, 0x33, 0x31, 0x14, 0x55, 0x55, 0x44, 0x44, 0x45, 0x34, 0x44, 0x44, 0x54, 0x44, 0x44, 0x44, 0x34, 0x43, 0x43, 0x23,
  0x35, 0x44, 0x54, 0x54, 0x44, 0x44, 0x44, 0x43, 0x43, 0x44, 0x44, 0x44, 0x44, 0x44, 0x34, 0x33, 0x33, 0x32, 0x11, 0x64, 0x44, 0x34, 0x44, 0x44,
  0x44, 0x44, 0x44, 0x45, 0x44, 0x44, 0x43, 0x34, 0x42, 0x23, 0x21, 0x22, 0x64, 0x55, 0x44, 0x44, 0x44, 0x44, 0x44, 0x44, 0x43, 0x44, 0x43, 0x43,
  0x44, 0x42, 0x22, 0x22, 0x55, 0x45, 0x56, 0x34, 0x53, 0x34, 0x33, 0x44, 0x43, 0x44, 0x43, 0x45, 0x45, 0x34, 0x43, 0x22, 0x21, 0x44, 0x55, 0x55,
  0x44, 0x44, 0x45, 0x44, 0x54, 0x34, 0x43, 0x34, 0x44, 0x54, 0x33, 0x42, 0x22, 0x32, 0x12, 0x54, 0x66, 0x44, 0x44, 0x34, 0x43, 0x34, 0x34, 0x43,
  0x43, 0x53, 0x44, 0x44, 0x42, 0x23, 0x21, 0x25, 0x55, 0x65, 0x34, 0x54, 0x44, 0x44, 0x34, 0x34, 0x44, 0x44, 0x34, 0x44, 0x43, 0x44, 0x43, 0x32,
  0x35, 0x54, 0x55, 0x45, 0x54, 0x44, 0x44, 0x44, 0x45, 0x44, 0x45, 0x44, 0x44, 0x44, 0x44, 0x42, 0x23, 0x31, 0x21, 0x45, 0x55, 0x44, 0x44, 0x54,
  0x44, 0x44, 0x33, 0x44, 0x44, 0x54, 0x44, 0x43, 0x43, 0x23, 0x31, 0x12, 0x55, 0x64, 0x44, 0x44, 0x44, 0x45, 0x44, 0x34, 0x45, 0x44, 0x34, 0x43,
  0x44, 0x43, 0x33, 0x22, 0x45, 0x55, 0x64, 0x43, 0x44, 0x33, 0x44, 0x35, 0x45, 0x45, 0x44, 0x45, 0x34, 0x43, 0x43, 0x22, 0x32, 0x64, 0x54, 0x56,
  0x43, 0x34, 0x44, 0x34, 0x34, 0x45, 0x45, 0x44, 0x34, 0x43, 0x44, 0x43, 0x33, 0x22, 0x11, 0x64, 0x56, 0x34, 0x44, 0x44, 0x44, 0x44, 0x45, 0x34,
  0x44, 0x44, 0x44, 0x44, 0x43, 0x32, 0x31, 0x15, 0x55, 0x56, 0x43, 0x45, 0x44, 0x43, 0x43, 0x44, 0x54, 0x44, 0x44, 0x44, 0x44, 0x44, 0x43, 0x22,
  0x34, 0x55, 0x46, 0x54, 0x44, 0x44, 0x44, 0x34, 0x44, 0x44, 0x44, 0x44, 0x34, 0x44, 0x55, 0x42, 0x33, 0x31, 0x22, 0x65, 0x65, 0x44, 0x43, 0x44,
  0x44, 0x44, 0x44, 0x44, 0x44, 0x44, 0x44, 0x44, 0x32, 0x23, 0x21, 0x11, 0x46, 0x56, 0x44, 0x43, 0x44, 0x44, 0xd4, 0x54, 0x44, 0x54, 0x34, 0x44,
  0x44, 0x42, 0x22, 0x31, 0x64, 0x54, 0x45, 0x44, 0x43, 0x44, 0x44, 0x35, 0x43, 0x44, 0x44, 0x44, 0x43, 0x34, 0x52, 0x32, 0x31, 0x55, 0x55, 0x55,
  0x44, 0x43, 0x44, 0x43, 0x44, 0x54, 0x43, 0x33, 0x44, 0x44, 0x44, 0x33, 0x32, 0x31, 0x22, 0x65, 0x65, 0x44, 0x54, 0x44, 0x44, 0x45, 0x44, 0x44,
  0x43, 0x44, 0x44, 0x43, 0x43, 0x22, 0x22, 0x25, 0x45, 0x66, 0x43, 0x43, 0x44, 0x43, 0x44, 0x43, 0x45, 0x44, 0x43, 0x54, 0x54, 0x54, 0x43, 0x23,
  0x25, 0x56, 0x64, 0x55, 0x44, 0x44, 0x54, 0x44, 0x35, 0x53, 0x43, 0x44, 0x45, 0x34, 0x55, 0x43, 0x22, 0x22, 0x22, 0x55, 0x65, 0x34, 0x44, 0x44,
  0x44, 0x44, 0x44, 0x43, 0x44, 0x44, 0x44, 0x34, 0x43, 0x32, 0x22, 0x14, 0x45, 0x55, 0x43, 0x43, 0x44, 0x43, 0x44, 0x54, 0x44, 0x45, 0x54, 0x34,
  0x44, 0x42, 0x23, 0x21, 0x24, 0x45, 0x56, 0x44, 0x44, 0x44, 0x44, 0x44, 0x44, 0x44, 0x44, 0x44, 0x54, 0x44, 0x43, 0x22, 0x34, 0x54, 0x45, 0x65,
  0x44, 0x45, 0x43, 0x44, 0x54, 0x44, 0x44, 0x44, 0x44, 0x44, 0x43, 0x42, 0x33, 0x21, 0x25, 0x44, 0x65, 0x44, 0x55, 0x44, 0x34, 0x43, 0x43, 0x44,
  0x33, 0x44, 0x54, 0x54, 0x43, 0x23, 0x21, 0x14, 0x55, 0x66, 0x45, 0x44, 0x54, 0x55, 0x44, 0x43, 0x44, 0x44, 0x34, 0x44, 0x44, 0x44, 0x43, 0x22,
  0x12, 0x55, 0x55, 0x55, 0x44, 0x44, 0x35, 0x44, 0x44, 0x44, 0x44, 0x34, 0x44, 0x43, 0x44, 0x43, 0x22, 0x11, 0x21, 0x64, 0x55, 0x44, 0x44, 0x54,
  0x43, 0x54, 0x44, 0x43, 0x54, 0x54, 0xd4, 0x34, 0x43, 0x32, 0x11, 0x16, 0x55, 0x46, 0x34, 0x43, 0x43, 0x44, 0x44, 0x44, 0x44, 0x44, 0x34, 0x44,
  0x44, 0x43, 0x32, 0x22, 0x26, 0x54, 0x54, 0x44, 0x43, 0x45, 0x34, 0x45, 0x45, 0x34, 0x43, 0x45, 0x44, 0x44, 0x42, 0x22, 0x12, 0x55, 0x56, 0x46,
  0x44, 0x43, 0x44, 0x43, 0x44, 0x54, 0x43, 0x4d, 0x44, 0x43, 0x34, 0x43, 0x32, 0x21, 0x16, 0x55, 0x65, 0x44, 0x44, 0x43, 0x44, 0x44, 0x35, 0x44,
  0x44, 0x43, 0x43, 0x54, 0x43, 0x23, 0x21, 0x25, 0x55, 0x56, 0x34, 0x45, 0x33, 0x34, 0x44, 0x44, 0x43, 0x44, 0x43, 0x44, 0x33, 0x43, 0x43, 0x32,
  0x12, 0x15, 0x44, 0x55, 0x44, 0x44, 0x44, 0x44, 0x45, 0x34, 0x43, 0x45, 0x44, 0xd4, 0x44, 0x33, 0x21, 0x11, 0x11, 0x54, 0x65, 0x44, 0x44, 0x44,
  0x44, 0x44, 0x35, 0x44, 0x44, 0x35, 0x44, 0x44, 0x42, 0x21, 0x21, 0x15, 0x46, 0x55, 0x44, 0x44, 0x45, 0x44, 0x53, 0x44, 0x44, 0x54, 0x45, 0x44,
  0x44, 0x43, 0x21, 0x21, 0x15, 0x54, 0x56, 0x44, 0x45, 0x45, 0x44, 0x34, 0x34, 0x33, 0x44, 0x44, 0x34, 0x44, 0x42, 0x32, 0x22, 0x16, 0x55, 0x64,
  0x44, 0x33, 0x44, 0x45, 0x34, 0x44, 0x44, 0x43, 0x44, 0x34, 0x35, 0x42, 0x31, 0x11, 0x16, 0x55, 0x54, 0x54, 0x44, 0x45, 0x45, 0x43, 0x44, 0x43,
  0x54, 0x34, 0x45, 0x44, 0x42, 0x22, 0x11, 0x15, 0x55, 0x65, 0x44, 0x43, 0x33, 0x44, 0x44, 0x44, 0x44, 0x45, 0x45, 0x44, 0x44, 0x54, 0x53, 0x12,
  0x21, 0x11, 0x66, 0x66, 0x54, 0x54, 0x33, 0x45, 0x44, 0x53, 0x34, 0x44, 0x43, 0x44, 0x43, 0x42, 0x22, 0x21, 0x21, 0x44, 0x55, 0x44, 0x54, 0x43,
  0x44, 0x44, 0x43, 0x54, 0x55, 0x34, 0x44, 0x44, 0x43, 0x12, 0x22, 0x12, 0x55, 0x45, 0x45, 0x44, 0x44, 0x44, 0x44, 0x44, 0x44, 0x44, 0x44, 0x44,
  0x34, 0x53, 0x22, 0x11, 0x12, 0x45, 0x56, 0x44, 0x43, 0x43, 0x44, 0x44, 0x44, 0x54, 0xd4, 0x44, 0x44, 0x53, 0x32, 0x21, 0x12, 0x22, 0x65, 0x54,
  0x34, 0x45, 0x44, 0x45, 0x43, 0x44, 0x44, 0x43, 0x55, 0x44, 0x43, 0x43, 0x11, 0x21, 0x11, 0x64, 0x46, 0x44, 0x44, 0x44, 0x43, 0x44, 0x44, 0x55,
  0x33, 0x44, 0x43, 0x43, 0x53, 0x11, 0x12, 0x12, 0x54, 0x56, 0x44, 0x43, 0x43, 0x44, 0x45, 0x44, 0x23, 0x23, 0x33, 0x32, 0x22, 0x33, 0x31, 0x12,
  0x21, 0x22, 0x15, 0x55, 0x33, 0x22, 0x33, 0x33, 0x23, 0x32, 0x32, 0x23, 0x33, 0x32, 0x33, 0x31, 0x21, 0x21, 0x22, 0x15, 0x45, 0x33, 0x32, 0x23,
  0x23, 0x23, 0x22, 0x22, 0x23, 0x22, 0x32, 0x22, 0x22, 0x11, 0x11, 0x21, 0x15, 0x65, 0x32, 0x33, 0x33, 0x32, 0x22, 0x22, 0x33, 0x33, 0x23, 0x23,
  0x33, 0x21, 0x11, 0x11, 0x21, 0x25, 0x54, 0x32, 0x23, 0x33, 0x32, 0x33, 0x23, 0x33, 0x23, 0x33, 0x32, 0x22, 0x22, 0x11, 0x21, 0x22, 0x26, 0x55,
  0x32, 0x32, 0x33, 0x23, 0x33, 0x23, 0x23, 0x23, 0x32, 0x33, 0x23, 0x32, 0x21, 0x21, 0x11, 0x15, 0x54, 0x22, 0x22, 0x23, 0x33, 0x33, 0x32, 0x23,
  0x32, 0x23, 0x32, 0x33, 0x21, 0x21, 0x11, 0x11, 0x25, 0x46, 0x33, 0x32, 0x33, 0x32, 0x23, 0x22, 0x33, 0x33, 0x33, 0x33, 0x32, 0x32, 0x21, 0x11,
  0x22, 0x21, 0x12, 0x46, 0x22, 0x23, 0x23, 0x22, 0x32, 0x32, 0x32, 0x32, 0x32, 0x33, 0x33, 0x21, 0x22, 0x11, 0x11, 0x21, 0x45, 0x22, 0x22, 0x33,
  0x23, 0x33, 0x23, 0x22, 0x22, 0x32, 0x32, 0x33, 0x12, 0x11, 0x12, 0x21, 0x11, 0x44, 0x23, 0x22, 0x22, 0x32, 0x33, 0x33, 0x32, 0x22, 0x33, 0x33,
  0x32, 0x12, 0x12, 0x11, 0x12, 0x12, 0x64, 0x32, 0x33, 0x23, 0x32, 0x22, 0x32, 0x33, 0x33, 0x23, 0x23, 0x23, 0x11, 0x21, 0x11, 0x11, 0x12, 0x45,
  0x32, 0x23, 0x33, 0x32, 0x32, 0x33, 0x32, 0x33, 0x23, 0x33, 0x32, 0x12, 0x11, 0x22, 0x11, 0x11, 0x55, 0x22, 0x23, 0x32, 0x22, 0x22, 0x33, 0x22,
  0x23, 0x32, 0x23, 0x33, 0x11, 0x21, 0x22, 0x12, 0x12, 0x65, 0x32, 0x33, 0x23, 0x32, 0x32, 0x32, 0x32, 0x32, 0x32, 0x32, 0x33, 0x31, 0x12, 0x11,
  0x11, 0x12, 0x11, 0x24, 0x23, 0x33, 0x32, 0x33, 0x33, 0x23, 0x33, 0x23, 0x32, 0x23, 0x32, 0x21, 0x12, 0x22, 0x21, 0x12, 0x15, 0x32, 0x22, 0x22,
  0x23, 0x32, 0x23, 0x32, 0x22, 0x32, 0x23, 0x32, 0x21, 0x22, 0x11, 0x11, 0x12, 0x15, 0x32, 0x33, 0x22, 0x22, 0x22, 0x32, 0x23, 0x32, 0x32, 0x33,
  0x31, 0x11, 0x22, 0x11, 0x22, 0x11, 0x16, 0x23, 0x32, 0x32, 0x33, 0x22, 0x23, 0x33, 0x32, 0x33, 0x33, 0x31, 0x22, 0x11, 0x12, 0x11, 0x12, 0x25,
  0x23, 0x33, 0x32, 0x23, 0x22, 0x23, 0x32, 0x33, 0x32, 0x32, 0x31, 0x21, 0x21, 0x12, 0x11, 0x21, 0x15, 0x22, 0x33, 0x33, 0x32, 0x23, 0x33, 0x23,
  0x22, 0x23, 0x32, 0x22, 0x21, 0x21, 0x12, 0x12, 0x11, 0x26, 0x32, 0x33, 0x23, 0x23, 0x33, 0x33, 0x32, 0x23, 0x23, 0x32, 0x23, 0x11, 0x11, 0x11,
  0x11, 0x11, 0x22, 0x12, 0x32, 0x23, 0x32, 0x33, 0x32, 0x33, 0x33, 0x33, 0x33, 0x22, 0x21, 0x22, 0x21, 0x22, 0x11, 0x12, 0x11, 0x23, 0x32, 0x23,
  0x23, 0x33, 0x33, 0x22, 0x22, 0x33, 0x33, 0x22, 0x11, 0x11, 0x22, 0x11, 0x22, 0x11, 0x32, 0x33, 0x32, 0x22, 0x32, 0x23, 0x33, 0x33, 0x33, 0x33,
  0x11, 0x11, 0x12, 0x11, 0x11, 0x11, 0x22, 0x32, 0x23, 0x32, 0x22, 0x33, 0x33, 0x22, 0x32, 0x23, 0x22, 0x21, 0x21, 0x11, 0x22, 0x21, 0x11, 0x12,
  0x23, 0x22, 0x33, 0x32, 0x22, 0x23, 0x33, 0x33, 0x33, 0x23, 0x12, 0x22, 0x11, 0x11, 0x22, 0x22, 0x22, 0x23, 0x33, 0x33, 0x22, 0x22, 0x22, 0x33,
  0x33, 0x32, 0x32, 0x21, 0x22, 0x11, 0x22, 0x11, 0x22, 0x12, 0x33, 0x33, 0x22, 0x33, 0x32, 0x33, 0x21, 0x22, 0x12, 0x21, 0x12, 0x12, 0x11, 0x12,
  0x21, 0x12, 0x11, 0x22, 0x21, 0x11, 0x12, 0x21, 0x11, 0x11, 0x21, 0x11, 0x12, 0x21, 0x11, 0x22, 0x21, 0x12, 0x12, 0x11, 0x11, 0x11, 0x11, 0x12,
  0x11, 0x22, 0x22, 0x11, 0x12, 0x16, 0x56, 0x64, 0x56, 0x66, 0x55, 0x45, 0x22, 0x12, 0x65, 0x62, 0x12, 0x11, 0x12, 0x22, 0x11, 0x12, 0x11, 0x22,
  0x11, 0x22, 0x11, 0x22, 0x11, 0x22, 0x12, 0x12, 0x12, 0x12, 0x12, 0x11, 0x12, 0x12, 0x22, 0x12, 0x12, 0x22, 0x22, 0x11, 0x21, 0x22, 0x11, 0x21,
  0x21, 0x11, 0x21, 0x11, 0x11, 0x12, 0x21, 0x12, 0x21, 0x22, 0x12, 0x21, 0x21, 0x12, 0x11, 0x22, 0x11, 0x11, 0x12, 0x12, 0x12, 0x22, 0x21, 0x12,
  0x22, 0x16, 0x11, 0x12, 0x11, 0x22, 0x21, 0x12, 0x11, 0x22, 0x45, 0x61, 0x22, 0x22, 0x22, 0x12, 0x12, 0x12, 0x22, 0x11, 0x11, 0x11, 0x21, 0x11,
  0x21, 0x12, 0x21, 0x11, 0x11, 0x12, 0x11, 0x11, 0x12, 0x12, 0x11, 0x12, 0x64, 0x45, 0x11, 0x11, 0x55, 0x46, 0x65, 0x66, 0x12, 0x22, 0x12, 0x11,
  0x22, 0x11, 0x12, 0x21, 0x21, 0x65, 0x46, 0x54, 0x45, 0x46, 0x46, 0x54, 0x56, 0x55, 0x65, 0x65, 0x21, 0x11, 0x21, 0x11, 0x21, 0x11, 0x12, 0x11,
  0x22, 0x11, 0x11, 0x11, 0x22, 0x21, 0x21, 0x12, 0x11, 0x12, 0x21, 0x22, 0x22, 0x11, 0x11, 0x22, 0x12, 0x11, 0x22, 0x21, 0x12, 0x21, 0x22, 0x11,
  0x11, 0x11, 0x22, 0x11, 0x22, 0x22, 0x11, 0x22, 0x11, 0x12, 0x21, 0x22, 0x12, 0x11, 0x12, 0x11, 0x11, 0x11, 0x12, 0x11, 0x21, 0x11, 0x21, 0x11,
  0x11, 0x65, 0x21, 0x11, 0x55, 0x66, 0x54, 0x54, 0x11, 0x12, 0x54, 0x55, 0x12, 0x21, 0x12, 0x22, 0x12, 0x11, 0x11, 0x11, 0x12, 0x22, 0x21, 0x21,
  0x21, 0x12, 0x12, 0x21, 0x12, 0x11, 0x22, 0x12, 0x12, 0x22, 0x21, 0x12, 0x55, 0x65, 0x11, 0x22, 0x45, 0x55, 0x45, 0x45, 0x54, 0x55, 0x12, 0x22,
  0x12, 0x21, 0x12, 0x11, 0x25, 0x65, 0x55, 0x55, 0x45, 0x65, 0x65, 0x54, 0x44, 0x46, 0x66, 0x55, 0x41, 0x21, 0x11, 0x12, 0x12, 0x12, 0x44, 0x65,
  0x11, 0x11, 0x56, 0x55, 0x11, 0x11, 0x55, 0x65, 0x12, 0x11, 0x12, 0x21, 0x11, 0x21, 0x21, 0x22, 0x45, 0x56, 0x11, 0x22, 0x64, 0x55, 0x56, 0x55,
  0x55, 0x55, 0x51, 0x11, 0x21, 0x11, 0x12, 0x11, 0x55, 0x44, 0x55, 0x44, 0x21, 0x11, 0x65, 0x66, 0x21, 0x12, 0x11, 0x11, 0x12, 0x12, 0x12, 0x11,
  0x16, 0x65, 0x65, 0x55, 0x55, 0x54, 0x55, 0x65, 0x64, 0x56, 0x65, 0x44, 0x62, 0x11, 0x22, 0x22, 0x12, 0x21, 0x66, 0x45, 0x22, 0x22, 0x21, 0x22,
  0x12, 0x12, 0x11, 0x11, 0x44, 0x45, 0x54, 0x21, 0x12, 0x21, 0x21, 0x46, 0x55, 0x65, 0x44, 0x65, 0x45, 0x45, 0x44, 0x55, 0x45, 0x65, 0x65, 0x66,
  0x12, 0x11, 0x11, 0x11, 0x44, 0x46, 0x54, 0x54, 0x54, 0x46, 0x66, 0x54, 0x64, 0x44, 0x66, 0x46, 0x44, 0x11, 0x11, 0x11, 0x11, 0x21, 0x56, 0x66,
  0x65, 0x54, 0x54, 0x66, 0x55, 0x55, 0x55, 0x56, 0x56, 0x64, 0x12, 0x11, 0x22, 0x11, 0x55, 0x56, 0x45, 0x54, 0x54, 0x44, 0x55, 0x55, 0x55, 0x46,
  0x44, 0x45, 0x65, 0x11, 0x21, 0x22, 0x21, 0x46, 0x46, 0x54, 0x55, 0x46, 0x11, 0x21, 0x56, 0x55, 0x12, 0x12, 0x11, 0x22, 0x12, 0x11, 0x11, 0x22,
  0x55, 0x66, 0x46, 0x55, 0x66, 0x55, 0x56, 0x65, 0x64, 0x45, 0x65, 0x55, 0x56, 0x11, 0x22, 0x22, 0x12, 0x14, 0x45, 0x55, 0x11, 0x22, 0x12, 0x22,
  0x11, 0x21, 0x65, 0x65, 0x65, 0x45, 0x55, 0x51, 0x12, 0x21, 0x15, 0x55, 0x56, 0x65, 0x55, 0x54, 0x66, 0x56, 0x55, 0x65, 0x64, 0x64, 0x66, 0x45,
  0x41, 0x21, 0x11, 0x11, 0x65, 0x55, 0x55, 0x54, 0x55, 0x45, 0x64, 0x44, 0x54, 0x46, 0x45, 0x56, 0x55, 0x52, 0x22, 0x22, 0x15, 0x45, 0x66, 0x65,
  0x65, 0x65, 0x65, 0x44, 0x56, 0x45, 0x66, 0x45, 0x55, 0x45, 0x52, 0x11, 0x11, 0x26, 0x56, 0x55, 0x65, 0x46, 0x65, 0x54, 0x54, 0x45, 0x66, 0x66,
  0x55, 0x65, 0x66, 0x41, 0x11, 0x21, 0x26, 0x45, 0x44, 0x66, 0x45, 0x55, 0x45, 0x44, 0x54, 0x66, 0x64, 0x65, 0x45, 0x54, 0x42, 0x11, 0x22, 0x15,
  0x56, 0x55, 0x46, 0x45, 0x65, 0x45, 0x66, 0x46, 0x46, 0x65, 0x45, 0x65, 0x66, 0x61, 0x11, 0x12, 0x21, 0x44, 0x65, 0x55, 0x54, 0x45, 0x64, 0x64,
  0x45, 0x44, 0x54, 0x55, 0x45, 0x45, 0x54, 0x46, 0x12, 0x21, 0x24, 0x54, 0x64, 0x54, 0x45, 0x66, 0x55, 0x56, 0x55, 0x56, 0x66, 0x65, 0x46, 0x55,
  0x65, 0x11, 0x21, 0x22, 0x44, 0x46, 0x56, 0x65, 0x65, 0x54, 0x56, 0x55, 0x55, 0x55, 0x65, 0x54, 0x56, 0x65, 0x21, 0x12, 0x64, 0x56, 0x55, 0x45,
  0x54, 0x56, 0x55, 0x44, 0x56, 0x45, 0x44, 0x56, 0x54, 0x64, 0x55, 0x11, 0x22, 0x44, 0x45, 0x66, 0x54, 0x66, 0x55, 0x44, 0x66, 0x54, 0x64, 0x66,
  0x65, 0x56, 0x45, 0x55, 0x22, 0x12, 0x44, 0x55, 0x65, 0x56, 0x66, 0x54, 0x65, 0x55, 0x55, 0x44, 0x65, 0x64, 0x46, 0x54, 0x56, 0x12, 0x21, 0x16,
  0x46, 0x55, 0x55, 0x55, 0x46, 0x65, 0x56, 0x66, 0x46, 0x64, 0x56, 0x45, 0x54, 0x45, 0x22, 0x12, 0x11, 0x44, 0x55, 0x44, 0x44, 0x43, 0x45, 0x44,
  0x44, 0x55, 0x44, 0x34, 0x44, 0x34, 0x44, 0x23, 0x21, 0x22, 0x24, 0x46, 0x64, 0x33, 0x54, 0x43, 0x34, 0x44, 0x44, 0x43, 0x44, 0x43, 0x54, 0x43,
  0x23, 0x21, 0x11, 0x21, 0x45, 0x64, 0x44, 0x44, 0x44, 0x43, 0x45, 0x43, 0x43, 0x44, 0x44, 0x43, 0x43, 0x23, 0x21, 0x15, 0x65, 0x54, 0x54, 0x44,
  0x34, 0x34, 0x54, 0x44, 0x44, 0x44, 0x44, 0x43, 0x44, 0x43, 0x22, 0x31, 0x25, 0x54, 0x64, 0x64, 0x44, 0x34, 0x44, 0x43, 0x44, 0x44, 0x44, 0x44,
  0x54, 0x44, 0x44, 0x32, 0x31, 0x21, 0x54, 0x44, 0x54, 0x34, 0x44, 0x45, 0x45, 0x54, 0x34, 0x44, 0x44, 0x43, 0x44, 0x43, 0x23, 0x21, 0x21, 0x26,
  0x55, 0x54, 0x44, 0x44, 0x44, 0x34, 0x34, 0x33, 0x34, 0x34, 0x44, 0x44, 0x54, 0x22, 0x32, 0x11, 0x21, 0x44, 0x65, 0x44, 0x43, 0x44, 0x44, 0x44,
  0x44, 0xd4, 0x44, 0x44, 0x45, 0x44, 0x44, 0x33, 0x22, 0x21, 0x24, 0x44, 0x65, 0x45, 0x44, 0x43, 0x35, 0x44, 0x44, 0x44, 0x54, 0x44, 0x44, 0x44,
  0x22, 0x33, 0x12, 0x11, 0x65, 0x64, 0x44, 0x44, 0x45, 0x45, 0x44, 0x44, 0x43, 0x43, 0x44, 0x34, 0x54, 0x23, 0x33, 0x14, 0x55, 0x56, 0x55, 0x44,
  0x44, 0x44, 0x44, 0x44, 0x43, 0x43, 0x44, 0x43, 0x54, 0x44, 0x23, 0x23, 0x15, 0x64, 0x54, 0x64, 0x44, 0x54, 0x54, 0x45, 0x44, 0x34, 0x44, 0x43,
  0x54, 0x45, 0x44, 0x33, 0x23, 0x22, 0x55, 0x56, 0x64, 0x44, 0x44, 0x44, 0x44, 0x44, 0x54, 0x44, 0x44, 0x44, 0x44, 0x43, 0x33, 0x33, 0x12, 0x15,
  0x64, 0x53, 0x34, 0x33, 0x44, 0x43, 0x54, 0x44, 0x33, 0x44, 0x45, 0x43, 0x44, 0x22, 0x32, 0x11, 0x16, 0x54, 0x65, 0x54, 0x43, 0x34, 0x35, 0x44,
  0x44, 0x44, 0x45, 0x44, 0x53, 0x35, 0x44, 0x33, 0x32, 0x16, 0x56, 0x64, 0x54, 0x54, 0x54, 0x43, 0x44, 0x34, 0x44, 0x45, 0x54, 0x44, 0x44, 0x43,
  0x32, 0x22, 0x12, 0x55, 0x65, 0x53, 0x44, 0x44, 0x34, 0x44, 0x45, 0x35, 0x44, 0x44, 0x44, 0x45, 0x44, 0x33, 0x33, 0x21, 0x25, 0x56, 0x44, 0x34,
  0x54, 0x44, 0x44, 0x54, 0x44, 0x34, 0x45, 0x34, 0x44, 0x54, 0x23, 0x23, 0x16, 0x54, 0x66, 0x54, 0x44, 0x44, 0x44, 0x44, 0x34, 0x43, 0x44, 0x43,
  0x43, 0x44, 0x43, 0x32, 0x23, 0x21, 0x45, 0x45, 0x43, 0x34, 0x43, 0x45, 0x34, 0x44, 0x54, 0x54, 0x43, 0x54, 0x44, 0x44, 0x32, 0x23, 0x11, 0x12,
  0x44, 0x64, 0x33, 0x34, 0x44, 0x34, 0x44, 0x44, 0x44, 0x44, 0x44, 0x34, 0x44, 0x33, 0x23, 0x11, 0x15, 0x45, 0x44, 0x54, 0x35, 0x44, 0x44, 0x44,
  0x44, 0x44, 0x43, 0x44, 0x44, 0x44, 0x43, 0x23, 0x22, 0x14, 0x44, 0x45, 0x54, 0x44, 0x35, 0x44, 0x55, 0x44, 0x44, 0x53, 0x44, 0x44, 0x44, 0x44,
  0x32, 0x32, 0x21, 0x55, 0x55, 0x54, 0x44, 0x44, 0x54, 0x54, 0x44, 0x43, 0x44, 0x44, 0x54, 0x43, 0x53, 0x22, 0x22, 0x11, 0x25, 0x55, 0x55, 0x54,
  0x44, 0x45, 0x44, 0x45, 0x44, 0x44, 0x54, 0xd4, 0x44, 0x44, 0x23, 0x23, 0x25, 0x44, 0x54, 0x44, 0x33, 0x45, 0x45, 0x35, 0x53, 0x43, 0x45, 0x43,
  0x44, 0x45, 0x44, 0x32, 0x22, 0x11, 0x56, 0x56, 0x44, 0x44, 0x44, 0x34, 0x54, 0x45, 0x43, 0x44, 0x43, 0x44, 0x43, 0x44, 0x32, 0x22, 0x22, 0x11,
  0x65, 0x64, 0x34, 0x44, 0x44, 0x45, 0x44, 0x44, 0x44, 0x34, 0x43, 0x44, 0x44, 0x32, 0x32, 0x11, 0x25, 0x45, 0x44, 0x54, 0x44, 0x44, 0x44, 0x44,
  0x44, 0x44, 0x44, 0x44, 0x44, 0x33, 0x44, 0x32, 0x33, 0x16, 0x45, 0x46, 0x63, 0x43, 0x44, 0x44, 0x44, 0x44, 0x43, 0x44, 0x43, 0x44, 0x34, 0x44,
  0x32, 0x22, 0x12, 0x44, 0x65, 0x44, 0x44, 0x44, 0x44, 0x44, 0x45, 0x45, 0x45, 0x43, 0x44, 0x44, 0x44, 0x22, 0x22, 0x21, 0x26, 0x55, 0x54, 0x44,
  0x54, 0x34, 0x54, 0x34, 0x44, 0x44, 0x43, 0x44, 0x55, 0x43, 0x32, 0x23, 0x16, 0x45, 0x55, 0x54, 0x44, 0x44, 0x54, 0x44, 0x43, 0x34, 0x44, 0x44,
  0x44, 0x44, 0x34, 0x32, 0x22, 0x11, 0x54, 0x55, 0x64, 0x44, 0x44, 0x53, 0x44, 0x34, 0x44, 0x44, 0x44, 0x44, 0x34, 0x34, 0x32, 0x32, 0x11, 0x22,
  0x65, 0x54, 0x44, 0x43, 0x33, 0x44, 0x44, 0x43, 0x34, 0x44, 0x45, 0x44, 0x44, 0x32, 0x23, 0x11, 0x25, 0x54, 0x46, 0x44, 0x44, 0x44, 0x44, 0x43,
  0x33, 0x33, 0x44, 0x45, 0x44, 0x45, 0x44, 0x32, 0x23, 0x14, 0x45, 0x46, 0x64, 0x44, 0x34, 0x54, 0x34, 0x44, 0x43, 0x44, 0x43, 0x34, 0x43, 0x45,
  0x23, 0x22, 0x21, 0x54, 0x45, 0x64, 0x44, 0x44, 0x44, 0x44, 0x54, 0x34, 0x44, 0x4d, 0x45, 0x54, 0x44, 0x33, 0x33, 0x21, 0x24, 0x55, 0x54, 0x45,
  0x54, 0x44, 0x44, 0x44, 0x43, 0x44, 0x44, 0x45, 0x44, 0x45, 0x33, 0x23, 0x14, 0x56, 0x65, 0x64, 0x44, 0xd4, 0x44, 0x45, 0x44, 0x44, 0x44, 0x34,
  0x44, 0x44, 0x44, 0x33, 0x33, 0x11, 0x55, 0x54, 0x45, 0x44, 0x34, 0x44, 0x44, 0x44, 0x43, 0x55, 0x44, 0x45, 0x43, 0x45, 0x22, 0x33, 0x22, 0x11,
  0x65, 0x44, 0x34, 0x34, 0x35, 0x44, 0x44, 0x44, 0x44, 0x34, 0x43, 0x44, 0x34, 0x32, 0x33, 0x12, 0x11, 0x26, 0x54, 0x64, 0x44, 0x44, 0x34, 0x43,
  0x44, 0x44, 0x34, 0x44, 0x43, 0x43, 0x44, 0x33, 0x32, 0x11, 0x65, 0x65, 0x64, 0x44, 0x44, 0x44, 0x44, 0x43, 0x54, 0x44, 0x45, 0x44, 0x44, 0x44,
  0x32, 0x33, 0x11, 0x46, 0x54, 0x54, 0x45, 0x44, 0x54, 0x44, 0x44, 0x43, 0x44, 0x54, 0x44, 0x43, 0x44, 0x22, 0x22, 0x22, 0x45, 0x54, 0x45, 0x44,
  0x45, 0x54, 0x44, 0x44, 0x44, 0x44, 0x43, 0x45, 0x44, 0x45, 0x33, 0x33, 0x55, 0x44, 0x46, 0x43, 0x43, 0x54, 0x44, 0x44, 0x44, 0x44, 0x45, 0x43,
  0x43, 0x44, 0x44, 0x33, 0x33, 0x11, 0x14, 0x65, 0x45, 0x44, 0x43, 0x44, 0x43, 0x44, 0x45, 0x45, 0x44, 0x43, 0x45, 0x34, 0x32, 0x33, 0x12, 0x12,
  0x56, 0x45, 0x35, 0x44, 0x44, 0x45, 0x43, 0x44, 0x44, 0x44, 0x44, 0x45, 0x45, 0x32, 0x32, 0x46, 0x22, 0x25, 0x44, 0x54, 0x54, 0x44, 0x54, 0x44,
  0x34, 0x45, 0x44, 0x34, 0x43, 0x44, 0x44, 0x32, 0x32, 0x12, 0x55, 0x54, 0x54, 0x44, 0x44, 0x44, 0x43, 0x45, 0x43, 0x44, 0x44, 0x35, 0x44, 0x44,
  0x22, 0x33, 0x11, 0x55, 0x56, 0x44, 0x44, 0x44, 0x54, 0x35, 0x44, 0x44, 0x44, 0x44, 0x44, 0x44, 0x44, 0x33, 0x32, 0x11, 0x54, 0x66, 0x54, 0x34,
  0x35, 0x45, 0x44, 0x44, 0x44, 0x44, 0x43, 0x44, 0x54, 0x34, 0x23, 0x22, 0x65, 0x56, 0x66, 0x64, 0x35, 0x44, 0x44, 0x33, 0x43, 0x45, 0x43, 0x44,
  0x54, 0x44, 0x44, 0x33, 0x22, 0x21, 0x14, 0x55, 0x54, 0x44, 0x34, 0x45, 0x44, 0x44, 0x44, 0x44, 0x44, 0x43, 0x45, 0x53, 0x22, 0x23, 0x21, 0x21,
  0x55, 0x64, 0x44, 0x43, 0x44, 0x34, 0x44, 0x44, 0x54, 0x43, 0x44, 0x44, 0x44, 0x23, 0x23, 0x65, 0x11, 0x15, 0x46, 0x55, 0x44, 0x4d, 0x34, 0x45,
  0x44, 0x45, 0x44, 0x34, 0x44, 0x44, 0x34, 0x22, 0x33, 0x11, 0x65, 0x45, 0x64, 0x44, 0xd4, 0x44, 0x43, 0x45, 0x44, 0x34, 0x44, 0x43, 0x34, 0x44,
  0x33, 0x23, 0x11, 0x55, 0x54, 0x54, 0x34, 0x44, 0x44, 0x43, 0x44, 0x54, 0x54, 0x43, 0x44, 0x54, 0x44, 0x23, 0x23, 0x21, 0x64, 0x65, 0x44, 0x44,
  0x44, 0x44, 0x44, 0x44, 0x43, 0x33, 0x44, 0x44, 0x44, 0x54, 0x32, 0x33, 0x54, 0x56, 0x56, 0x54, 0x43, 0x43, 0x44, 0x44, 0x44, 0x35, 0x44, 0x45,
  0x44, 0x54, 0x44, 0x23, 0x33, 0x22, 0x14, 0x56, 0x54, 0x44, 0x44, 0x44, 0x45, 0x44, 0x44, 0x44, 0x44, 0x44, 0x44, 0x35, 0x33, 0x33, 0x22, 0x21,
  0x45, 0x54, 0x54, 0x43, 0x44, 0x43, 0x44, 0x45, 0x45, 0x54, 0x44, 0x44, 0x44, 0x32, 0x23, 0x55, 0x11, 0x14, 0x54, 0x65, 0x44, 0x44, 0x45, 0x44,
  0x44, 0x44, 0x44, 0x34, 0x54, 0x44, 0x34, 0x33, 0x32, 0x12, 0x55, 0x55, 0x63, 0x44, 0x43, 0x44, 0x44, 0x44, 0x44, 0x44, 0x44, 0x45, 0x44, 0x44,
  0x22, 0x33, 0x21, 0x55, 0x54, 0x44, 0xd4, 0x44, 0x44, 0x54, 0x34, 0x4d, 0x44, 0x43, 0x34, 0x34, 0x44, 0x32, 0x23, 0x11, 0x55, 0x64, 0x44, 0x43,
  0x44, 0x45, 0x43, 0x44, 0x34, 0x44, 0x44, 0x44, 0x44, 0x54, 0x33, 0x23, 0x55, 0x45, 0x65, 0x44, 0x54, 0x33, 0x44, 0x44, 0x34, 0x44, 0x54, 0x34,
  0x34, 0x54, 0x43, 0x33, 0x33, 0x12, 0x25, 0x44, 0x54, 0x45, 0x34, 0x44, 0x44, 0xd4, 0x44, 0x34, 0x43, 0x54, 0x34, 0x34, 0x22, 0x23, 0x11, 0x12,
  0x56, 0x44, 0x44, 0x44, 0x44, 0x54, 0x34, 0x44, 0x53, 0x44, 0x44, 0x44, 0x44, 0x22, 0x32, 0x54, 0x15, 0x46, 0x55, 0x54, 0x44, 0x44, 0x54, 0x44,
  0x45, 0x34, 0x44, 0x44, 0x55, 0x43, 0x44, 0x23, 0x32, 0x12, 0x44, 0x66, 0x54, 0x44, 0x44, 0x34, 0x44, 0x44, 0x44, 0x45, 0x44, 0x45, 0x54, 0x35,
  0x33, 0x32, 0x21, 0x64, 0x55, 0x65, 0x34, 0x44, 0x44, 0x34, 0x44, 0x44, 0x44, 0x45, 0x44, 0x44, 0x44, 0x32, 0x32, 0x11, 0x24, 0x54, 0x64, 0x44,
  0x44, 0x44, 0x44, 0x45, 0x44, 0x44, 0x53, 0x44, 0x44, 0x44, 0x32, 0x23, 0x16, 0x65, 0x64, 0x54, 0x54, 0x44, 0x44, 0x45, 0x43, 0x44, 0x44, 0x44,
  0x44, 0x34, 0x45, 0x22, 0x22, 0x11, 0x64, 0x54, 0x53, 0x44, 0x44, 0x44, 0x44, 0x44, 0x44, 0x44, 0x44, 0x44, 0x44, 0x33, 0x22, 0x22, 0x12, 0x21,
  0x55, 0x54, 0x44, 0x44, 0x35, 0x43, 0x44, 0x44, 0x54, 0x44, 0x34, 0x44, 0x44, 0x33, 0x33, 0x15, 0x15, 0x56, 0x55, 0x63, 0x44, 0x44, 0x44, 0x43,
  0x44, 0x44, 0x44, 0x44, 0x44, 0x44, 0x44, 0x33, 0x22, 0x12, 0x44, 0x64, 0x64, 0x44, 0x34, 0x45, 0x44, 0x44, 0x54, 0x44, 0x34, 0x43, 0x45, 0x44,
  0x32, 0x33, 0x11, 0x45, 0x54, 0x64, 0x44, 0x44, 0x53, 0x44, 0x43, 0x44, 0x34, 0x45, 0x44, 0x43, 0x43, 0x32, 0x22, 0x21, 0x26, 0x66, 0x55, 0x34,
  0x45, 0x43, 0x44, 0x44, 0x34, 0x44, 0x44, 0x43, 0x43, 0x54, 0x22, 0x23, 0x14, 0x64, 0x56, 0x64, 0x44, 0x44, 0x44, 0x34, 0x54, 0x44, 0x44, 0x44,
  0x43, 0x43, 0x43, 0x32, 0x33, 0x11, 0x66, 0x45, 0x43, 0x44, 0x44, 0x44, 0x44, 0x54, 0x33, 0x43, 0x44, 0x44, 0x44, 0x54, 0x33, 0x23, 0x22, 0x21,
  0x66, 0x44, 0x45, 0x44, 0x44, 0x43, 0x44, 0x54, 0x44, 0x44, 0x34, 0x34, 0x45, 0x23, 0x32, 0x14, 0x25, 0x45, 0x66, 0x54, 0x44, 0x44, 0x33, 0x44,
  0x34, 0x45, 0x44, 0x44, 0x33, 0x44, 0x54, 0x32, 0x23, 0x22, 0x46, 0x45, 0x44, 0x33, 0x34, 0x45, 0x44, 0x44, 0x34, 0x44, 0x44, 0x45, 0x45, 0x44,
  0x23, 0x33, 0x21, 0x45, 0x45, 0x54, 0x43, 0x54, 0x53, 0x44, 0x34, 0x35, 0x44, 0x44, 0x43, 0x35, 0x34, 0x23, 0x22, 0x11, 0x15, 0x56, 0x64, 0x45,
  0x44, 0x44, 0x54, 0x44, 0x44, 0x44, 0x44, 0x44, 0x44, 0x44, 0x22, 0x32, 0x26, 0x55, 0x65, 0x43, 0x44, 0x44, 0x43, 0x44, 0x44, 0x44, 0x44, 0x44,
  0x44, 0x44, 0x44, 0x33, 0x32, 0x11, 0x55, 0x64, 0x54, 0x44, 0x43, 0x53, 0x44, 0x43, 0x44, 0x43, 0x45, 0x45, 0x44, 0x34, 0x22, 0x23, 0x12, 0x11,
  0x66, 0x54, 0x44, 0x43, 0x45, 0x44, 0x54, 0x45, 0x44, 0x34, 0x43, 0x45, 0x44, 0x23, 0x22, 0x24, 0x15, 0x56, 0x46, 0x54, 0x44, 0x45, 0x43, 0x44,
  0x45, 0x44, 0x43, 0x45, 0x44, 0x44, 0x34, 0x22, 0x31, 0x21, 0x45, 0x54, 0x64, 0x45, 0x43, 0x44, 0x44, 0x34, 0x44, 0x34, 0x44, 0x44, 0x54, 0x54,
  0x22, 0x21, 0x22, 0x55, 0x65, 0x53, 0x34, 0x43, 0x44, 0x44, 0x44, 0x54, 0x53, 0x54, 0x44, 0x44, 0x44, 0x22, 0x31, 0x21, 0x25, 0x54, 0x54, 0x44,
  0x44, 0x44, 0x44, 0x54, 0x45, 0x44, 0x44, 0x34, 0x33, 0x34, 0x23, 0x32, 0x16, 0x45, 0x55, 0x54, 0x44, 0x43, 0x44, 0x45, 0x44, 0x44, 0x43, 0x44,
  0x34, 0x44, 0x44, 0x33, 0x22, 0x22, 0x56, 0x55, 0x44, 0x45, 0x44, 0xd4, 0x43, 0x44, 0x44, 0x43, 0x44, 0x54, 0x45, 0x43, 0x33, 0x31, 0x12, 0x12,
  0x45, 0x55, 0x34, 0x34, 0x35, 0x45, 0x44, 0x43, 0x44, 0xd4, 0x44, 0x44, 0x44, 0x22, 0x31, 0x14, 0x21, 0x44, 0x46, 0x64, 0x44, 0x34, 0x44, 0x43,
  0x43, 0x45, 0x54, 0x44, 0x43, 0x45, 0x43, 0x22, 0x11, 0x12, 0x16, 0x64, 0x55, 0x44, 0x44, 0x44, 0x44, 0x44, 0x44, 0x44, 0x44, 0x54, 0x44, 0x54,
  0x23, 0x11, 0x11, 0x11, 0x66, 0x64, 0x44, 0x44, 0x44, 0x44, 0x44, 0x44, 0x44, 0x45, 0x44, 0x44, 0x44, 0x23, 0x22, 0x21, 0x55, 0x55, 0x54, 0x54,
  0x44, 0x44, 0x45, 0x45, 0x34, 0x44, 0x43, 0x44, 0x43, 0x44, 0x33, 0x22, 0x12, 0x55, 0x54, 0x44, 0x34, 0x54, 0x44, 0x34, 0x43, 0x45, 0x44, 0x3d,
  0x43, 0x44, 0x43, 0x33, 0x12, 0x11, 0x66, 0x54, 0x54, 0x44, 0x44, 0x33, 0x44, 0x44, 0x44, 0x44, 0xd4, 0x34, 0x44, 0x54, 0x22, 0x22, 0x21, 0x54,
  0x64, 0x54, 0x43, 0x54, 0x34, 0x34, 0x44, 0x43, 0x44, 0x54, 0x44, 0x45, 0x54, 0x32, 0x22, 0x11, 0x12, 0x24, 0x56, 0x54, 0x44, 0x44, 0x43, 0x54,
  0x44, 0x34, 0x44, 0x54, 0x34, 0x44, 0x44, 0x32, 0x21, 0x11, 0x14, 0x45, 0x64, 0x33, 0x35, 0x43, 0x44, 0x34, 0x44, 0x43, 0x44, 0x45, 0x44, 0x43,
  0x31, 0x11, 0x11, 0x21, 0x64, 0x53, 0x44, 0x44, 0x53, 0x44, 0x53, 0x44, 0x34, 0x44, 0x34, 0x44, 0x44, 0x32, 0x11, 0x21, 0x15, 0x65, 0x64, 0x44,
  0x45, 0x34, 0x44, 0x44, 0x44, 0x44, 0x34, 0x44, 0x54, 0x34, 0x31, 0x21, 0x12, 0x16, 0x45, 0x44, 0x44, 0x44, 0x44, 0x44, 0x43, 0x54, 0x43, 0x44,
  0x44, 0x44, 0x44, 0x22, 0x12, 0x21, 0x15, 0x54, 0x43, 0x54, 0xd4, 0x34, 0x44, 0x34, 0x44, 0x44, 0x44, 0x44, 0x44, 0x54, 0x22, 0x21, 0x11, 0x26,
  0x65, 0x64, 0x44, 0x43, 0x34, 0x44, 0x43, 0x45, 0x44, 0x43, 0x44, 0x53, 0x45, 0x21, 0x22, 0x11, 0x21, 0x11, 0x55, 0x42, 0x33, 0x23, 0x33, 0x33,
  0x33, 0x22, 0x23, 0x33, 0x32, 0x32, 0x32, 0x21, 0x21, 0x22, 0x12, 0x56, 0x53, 0x22, 0x23, 0x23, 0x33, 0x32, 0x33, 0x23, 0x23, 0x33, 0x33, 0x33,
  0x12, 0x22, 0x11, 0x12, 0x65, 0x62, 0x22, 0x32, 0x23, 0x32, 0x23, 0x23, 0x22, 0x22, 0x32, 0x32, 0x23, 0x21, 0x12, 0x11, 0x11, 0x55, 0x53, 0x33,
  0x23, 0x22, 0x23, 0x23, 0x32, 0x33, 0x23, 0x33, 0x32, 0x33, 0x11, 0x11, 0x21, 0x12, 0x54, 0x62, 0x22, 0x22, 0x22, 0x33, 0x22, 0x32, 0x33, 0x33,
  0x23, 0x23, 0x33, 0x11, 0x21, 0x21, 0x12, 0x45, 0x62, 0x33, 0x23, 0x33, 0x33, 0x22, 0x33, 0x22, 0x22, 0x23, 0x23, 0x23, 0x21, 0x22, 0x11, 0x22,
  0x45, 0x43, 0x22, 0x23, 0x23, 0x32, 0x22, 0x33, 0x32, 0x32, 0x22, 0x22, 0x33, 0x12, 0x21, 0x12, 0x11, 0x22, 0x25, 0x62, 0x33, 0x22, 0x33, 0x23,
  0x22, 0x22, 0x23, 0x33, 0x23, 0x32, 0x31, 0x11, 0x22, 0x11, 0x22, 0x14, 0x62, 0x33, 0x33, 0x33, 0x23, 0x22, 0x23, 0x33, 0x23, 0x33, 0x33, 0x31,
  0x11, 0x12, 0x11, 0x12, 0x26, 0x43, 0x32, 0x23, 0x22, 0x22, 0x22, 0x33, 0x23, 0x22, 0x33, 0x33, 0x31, 0x12, 0x21, 0x11, 0x21, 0x25, 0x53, 0x22,
  0x32, 0x33, 0x23, 0x32, 0x33, 0x33, 0x22, 0x33, 0x23, 0x22, 0x12, 0x21, 0x11, 0x11, 0x15, 0x53, 0x23, 0x32, 0x23, 0x23, 0x22, 0x22, 0x23, 0x32,
  0x33, 0x32, 0x21, 0x22, 0x12, 0x12, 0x12, 0x25, 0x52, 0x22, 0x23, 0x22, 0x32, 0x23, 0x32, 0x22, 0x23, 0x33, 0x33, 0x21, 0x12, 0x11, 0x11, 0x11,
  0x26, 0x63, 0x22, 0x32, 0x33, 0x23, 0x23, 0x22, 0x32, 0x33, 0x32, 0x32, 0x22, 0x21, 0x21, 0x21, 0x22, 0x11, 0x22, 0x52, 0x32, 0x22, 0x32, 0x32,
  0x32, 0x32, 0x23, 0x23, 0x33, 0x33, 0x21, 0x11, 0x11, 0x22, 0x22, 0x22, 0x43, 0x23, 0x23, 0x33, 0x23, 0x33, 0x32, 0x33, 0x23, 0x23, 0x23, 0x11,
  0x21, 0x21, 0x21, 0x21, 0x22, 0x53, 0x32, 0x33, 0x23, 0x23, 0x32, 0x32, 0x23, 0x32, 0x33, 0x32, 0x12, 0x21, 0x21, 0x12, 0x21, 0x21, 0x53, 0x23,
  0x32, 0x33, 0x32, 0x32, 0x22, 0x33, 0x22, 0x32, 0x33, 0x11, 0x21, 0x11, 0x21, 0x22, 0x11, 0x52, 0x23, 0x22, 0x33, 0x23, 0x33, 0x33, 0x22, 0x33,
  0x23, 0x23, 0x12, 0x11, 0x11, 0x21, 0x22, 0x12, 0x53, 0x33, 0x32, 0x23, 0x33, 0x23, 0x33, 0x22, 0x22, 0x33, 0x23, 0x11, 0x11, 0x22, 0x12, 0x12,
  0x12, 0x52, 0x23, 0x32, 0x33, 0x32, 0x22, 0x33, 0x23, 0x33, 0x32, 0x33, 0x22, 0x11, 0x21, 0x22, 0x11, 0x11, 0x11, 0x22, 0x23, 0x32, 0x22, 0x32,
  0x33, 0x32, 0x23, 0x33, 0x32, 0x32, 0x11, 0x12, 0x21, 0x21, 0x11, 0x21, 0x12, 0x33, 0x33, 0x23, 0x23, 0x23, 0x33, 0x33, 0x33, 0x32, 0x22, 0x21,
  0x21, 0x11, 0x21, 0x21, 0x12, 0x12, 0x32, 0x23, 0x33, 0x33, 0x23, 0x33, 0x33, 0x33, 0x33, 0x32, 0x11, 0x21, 0x21, 0x11, 0x11, 0x11, 0x13, 0x22,
  0x32, 0x23, 0x22, 0x22, 0x22, 0x32, 0x32, 0x32, 0x31, 0x12, 0x11, 0x21, 0x11, 0x21, 0x21, 0x12, 0x32, 0x33, 0x32, 0x23, 0x23, 0x32, 0x33, 0x22,
  0x22, 0x21, 0x21, 0x21, 0x11, 0x21, 0x21, 0x12, 0x12, 0x23, 0x33, 0x33, 0x33, 0x33, 0x33, 0x23, 0x22, 0x22, 0x22, 0x11, 0x12, 0x12, 0x11, 0x21,
  0x21, 0x22, 0x22, 0x22, 0x32, 0x22, 0x33, 0x33, 0x33, 0x33, 0x22, 0x32, 0x22, 0x21, 0x12, 0x22, 0x54, 0x64, 0x65, 0x44, 0x45, 0x12, 0x12, 0x11,
  0x21, 0x22, 0x12, 0x11, 0x11, 0x11, 0x12, 0x12, 0x66, 0x55, 0x56, 0x45, 0x12, 0x11, 0x11, 0x12, 0x12, 0x11, 0x11, 0x11, 0x11, 0x22, 0x11, 0x11,
  0x11, 0x21, 0x21, 0x11, 0x11, 0x22, 0x11, 0x11, 0x11, 0x11, 0x21, 0x22, 0x11, 0x11, 0x12, 0x11, 0x12, 0x21, 0x11, 0x11, 0x21, 0x11, 0x21, 0x22,
  0x12, 0x12, 0x22, 0x11, 0x12, 0x22, 0x11, 0x11, 0x12, 0x11, 0x22, 0x22, 0x12, 0x12, 0x21, 0x22, 0x11, 0x11, 0x11, 0x22, 0x11, 0x11, 0x21, 0x11,
  0x21, 0x11, 0x11, 0x12, 0x21, 0x22, 0x22, 0x22, 0x11, 0x21, 0x12, 0x22, 0x12, 0x21, 0x21, 0x22, 0x22, 0x11, 0x21, 0x11, 0x22, 0x21, 0x11, 0x12,
  0x11, 0x21, 0x11, 0x21, 0x11, 0x22, 0x12, 0x12, 0x12, 0x11, 0x21, 0x11, 0x21, 0x12, 0x11, 0x21, 0x65, 0x45, 0x55, 0x64, 0x45, 0x51, 0x22, 0x21,
  0x21, 0x22, 0x12, 0x21, 0x46, 0x55, 0x44, 0x56, 0x66, 0x65, 0x64, 0x64, 0x55, 0x64, 0x62, 0x22, 0x11, 0x22, 0x11, 0x11, 0x12, 0x22, 0x21, 0x11,
  0x11, 0x11, 0x54, 0x65, 0x11, 0x11, 0x11, 0x22, 0x11, 0x12, 0x11, 0x12, 0x21, 0x12, 0x11, 0x11, 0x12, 0x21, 0x11, 0x22, 0x22, 0x21, 0x11, 0x12,
  0x21, 0x21, 0x22, 0x11, 0x21, 0x21, 0x12, 0x11, 0x21, 0x21, 0x21, 0x21, 0x22, 0x12, 0x11, 0x11, 0x11, 0x11, 0x21, 0x21, 0x11, 0x21, 0x11, 0x22,
  0x11, 0x11, 0x22, 0x21, 0x21, 0x12, 0x12, 0x11, 0x21, 0x12, 0x12, 0x12, 0x12, 0x22, 0x12, 0x12, 0x11, 0x11, 0x12, 0x12, 0x21, 0x22, 0x12, 0x21,
  0x21, 0x12, 0x22, 0x11, 0x11, 0x21, 0x12, 0x21, 0x11, 0x11, 0x11, 0x21, 0x12, 0x11, 0x21, 0x12, 0x54, 0x44, 0x54, 0x45, 0x55, 0x55, 0x12, 0x11,
  0x12, 0x22, 0x12, 0x55, 0x54, 0x56, 0x65, 0x64, 0x55, 0x65, 0x55, 0x65, 0x55, 0x45, 0x56, 0x21, 0x11, 0x11, 0x11, 0x12, 0x12, 0x22, 0x44, 0x45,
  0x55, 0x45, 0x56, 0x65, 0x65, 0x46, 0x11, 0x11, 0x11, 0x12, 0x21, 0x22, 0x21, 0x12, 0x22, 0x22, 0x22, 0x12, 0x21, 0x21, 0x21, 0x22, 0x21, 0x11,
  0x11, 0x22, 0x21, 0x11, 0x11, 0x11, 0x11, 0x12, 0x11, 0x21, 0x11, 0x22, 0x11, 0x11, 0x21, 0x21, 0x12, 0x21, 0x21, 0x11, 0x12, 0x11, 0x12, 0x21,
  0x22, 0x21, 0x22, 0x12, 0x11, 0x21, 0x12, 0x22, 0x11, 0x21, 0x21, 0x21, 0x12, 0x12, 0x21, 0x12, 0x12, 0x12, 0x12, 0x21, 0x22, 0x11, 0x21, 0x22,
  0x11, 0x21, 0x11, 0x11, 0x12, 0x12, 0x12, 0x11, 0x11, 0x66, 0x11, 0x12, 0x21, 0x22, 0x11, 0x12, 0x55, 0x54, 0x55, 0x45, 0x56, 0x55, 0x62, 0x11,
  0x22, 0x12, 0x14, 0x65, 0x55, 0x54, 0x65, 0x55, 0x54, 0x45, 0x45, 0x55, 0x56, 0x45, 0x56, 0x42, 0x11, 0x11, 0x21, 0x15, 0x65, 0x65, 0x55, 0x65,
  0x65, 0x55, 0x45, 0x44, 0x56, 0x46, 0x45, 0x66, 0x51, 0x22, 0x21, 0x21, 0x11, 0x11, 0x21, 0x12, 0x56, 0x54, 0x22, 0x22, 0x12, 0x11, 0x65, 0x55,
  0x21, 0x12, 0x22, 0x21, 0x11, 0x26, 0x21, 0x11, 0x56, 0x64, 0x22, 0x11, 0x12, 0x12, 0x54, 0x56, 0x56, 0x46, 0x42, 0x11, 0x12, 0x12, 0x11, 0x22,
  0x22, 0x12, 0x11, 0x22, 0x12, 0x11, 0x55, 0x56, 0x12, 0x21, 0x11, 0x11, 0x21, 0x11, 0x11, 0x21, 0x54, 0x56, 0x12, 0x11, 0x65, 0x45, 0x22, 0x21,
  0x21, 0x21, 0x21, 0x21, 0x12, 0x12, 0x11, 0x12, 0x24, 0x64, 0x21, 0x22, 0x56, 0x55, 0x12, 0x12, 0x55, 0x45, 0x54, 0x66, 0x56, 0x54, 0x55, 0x22,
  0x11, 0x12, 0x45, 0x55, 0x56, 0x46, 0x65, 0x44, 0x56, 0x55, 0x55, 0x45, 0x65, 0x54, 0x64, 0x65, 0x22, 0x11, 0x11, 0x55, 0x45, 0x55, 0x55, 0x65,
  0x54, 0x54, 0x45, 0x54, 0x46, 0x54, 0x55, 0x55, 0x46, 0x22, 0x11, 0x21, 0x45, 0x55, 0x11, 0x11, 0x55, 0x45, 0x11, 0x22, 0x45, 0x46, 0x56, 0x66,
  0x11, 0x22, 0x12, 0x11, 0x11, 0x55, 0x55, 0x54, 0x56, 0x64, 0x12, 0x12, 0x45, 0x56, 0x54, 0x64, 0x56, 0x65, 0x44, 0x11, 0x22, 0x11, 0x64, 0x66,
  0x22, 0x22, 0x12, 0x11, 0x22, 0x11, 0x66, 0x66, 0x64, 0x66, 0x21, 0x21, 0x11, 0x12, 0x12, 0x22, 0x65, 0x45, 0x44, 0x54, 0x56, 0x44, 0x11, 0x12,
  0x44, 0x56, 0x22, 0x21, 0x45, 0x21, 0x11, 0x11, 0x55, 0x46, 0x45, 0x46, 0x46, 0x55, 0x56, 0x56, 0x44, 0x44, 0x55, 0x45, 0x54, 0x56, 0x55, 0x51,
  0x11, 0x26, 0x64, 0x44, 0x46, 0x55, 0x56, 0x45, 0x65, 0x55, 0x56, 0x66, 0x54, 0x45, 0x44, 0x54, 0x61, 0x12, 0x25, 0x45, 0x54, 0x56, 0x66, 0x56,
  0x45, 0x55, 0x46, 0x56, 0x54, 0x45, 0x54, 0x55, 0x56, 0x42, 0x21, 0x25, 0x55, 0x55, 0x65, 0x64, 0x64, 0x66, 0x55, 0x54, 0x45, 0x55, 0x55, 0x46,
  0x56, 0x65, 0x51, 0x22, 0x14, 0x55, 0x55, 0x45, 0x54, 0x45, 0x65, 0x56, 0x55, 0x46, 0x55, 0x44, 0x55, 0x55, 0x64, 0x51, 0x11, 0x11, 0x55, 0x54,
  0x46, 0x64, 0x56, 0x45, 0x45, 0x66, 0x55, 0x55, 0x55, 0x65, 0x56, 0x66, 0x52, 0x11, 0x25, 0x54, 0x55, 0x55, 0x55, 0x64, 0x56, 0x66, 0x65, 0x45,
  0x44, 0x45, 0x64, 0x64, 0x45, 0x42, 0x22, 0x21, 0x46, 0x65, 0x56, 0x45, 0x56, 0x45, 0x65, 0x65, 0x35, 0x44, 0x45, 0x45, 0x44, 0x44, 0x42, 0x23,
  0x12, 0x66, 0x56, 0x64, 0x54, 0x45, 0x44, 0x34, 0x45, 0x44, 0x34, 0x54, 0x54, 0x44, 0x44, 0x43, 0x32, 0x11, 0x45, 0x65, 0x45, 0x4d, 0x33, 0x44,
  0x44, 0x44, 0x53, 0x45, 0x45, 0x44, 0x34, 0x44, 0x43, 0x32, 0x12, 0x54, 0x54, 0x55, 0x34, 0x44, 0x34, 0x53, 0x34, 0x45, 0x44, 0x54, 0x54, 0x44,
  0x44, 0x43, 0x22, 0x12, 0x65, 0x64, 0x45, 0x44, 0x44, 0x44, 0x34, 0x34, 0x35, 0x44, 0x54, 0x44, 0x44, 0x44, 0x42, 0x22, 0x11, 0x12, 0x65, 0x45,
  0x44, 0x34, 0x44, 0x44, 0x43, 0x33, 0x34, 0x44, 0x44, 0x33, 0x44, 0x43, 0x32, 0x21, 0x64, 0x55, 0x55, 0x35, 0x44, 0x44, 0x44, 0x44, 0x44, 0x33,
  0x44, 0x44, 0x44, 0x33, 0x53, 0x32, 0x11, 0x16, 0x55, 0x66, 0x44, 0x54, 0x34, 0x4d, 0x44, 0x44, 0x34, 0x44, 0x34, 0x34, 0x44, 0x44, 0x42, 0x23,
  0x32, 0x55, 0x44, 0x55, 0x44, 0x44, 0x44, 0x44, 0x43, 0x44, 0x54, 0x45, 0x44, 0x33, 0x54, 0x42, 0x33, 0x34, 0x55, 0x65, 0x45, 0x44, 0x54, 0x44,
  0x44, 0x54, 0x44, 0x54, 0x44, 0x44, 0x44, 0x43, 0x43, 0x32, 0x32, 0x45, 0x45, 0x45, 0x45, 0x44, 0x44, 0x44, 0x34, 0x44, 0x34, 0x34, 0x44, 0x33,
  0x33, 0x42, 0x22, 0x35, 0x45, 0x56, 0x64, 0x43, 0x44, 0x34, 0x44, 0x4d, 0x35, 0x44, 0x44, 0x54, 0x44, 0x44, 0x43, 0x33, 0x31, 0x12, 0x66, 0x56,
  0x44, 0x44, 0x44, 0x43, 0x44, 0x34, 0x34, 0x34, 0x44, 0x44, 0x45, 0x53, 0x33, 0x36, 0x55, 0x45, 0x55, 0x34, 0x54, 0x44, 0x54, 0x45, 0x44, 0x44,
  0x45, 0x44, 0x44, 0x44, 0x42, 0x32, 0x21, 0x16, 0x65, 0x55, 0x45, 0x44, 0x34, 0x44, 0x44, 0x44, 0x44, 0x44, 0x45, 0x44, 0x34, 0x45, 0x53, 0x22,
  0x31, 0x55, 0x45, 0x56, 0x44, 0x44, 0x35, 0x44, 0x44, 0x44, 0x44, 0x34, 0x44, 0x33, 0x44, 0x42, 0x33, 0x35, 0x55, 0x45, 0x46, 0x43, 0x34, 0x44,
  0x34, 0x44, 0x44, 0x44, 0x44, 0x34, 0x34, 0x44, 0x32, 0x32, 0x31, 0x66, 0x44, 0x65, 0x34, 0x43, 0x34, 0x44, 0x44, 0x44, 0x44, 0x55, 0x44, 0x44,
  0x44, 0x42, 0x32, 0x25, 0x55, 0x55, 0x54, 0x44, 0x54, 0x34, 0x44, 0x44, 0x44, 0x43, 0x43, 0x53, 0x44, 0x44, 0x42, 0x33, 0x31, 0x11, 0x56, 0x45,
  0x44, 0x44, 0x43, 0x44, 0x43, 0x43, 0x44, 0x54, 0x44, 0x44, 0x44, 0x43, 0x33, 0x24, 0x55, 0x55, 0x54, 0x44, 0x44, 0x54, 0x44, 0x45, 0x44, 0x55,
  0x54, 0x44, 0x35, 0x44, 0x43, 0x33, 0x31, 0x25, 0x55, 0x55, 0x54, 0x44, 0x43, 0x44, 0x34, 0x43, 0x44, 0x45, 0x44, 0x44, 0x44, 0x45, 0x42, 0x23,
  0x32, 0x65, 0x54, 0x55, 0x55, 0x35, 0x54, 0x44, 0x35, 0x34, 0x53, 0x44, 0x44, 0x33, 0x44, 0x32, 0x33, 0x34, 0x45, 0x45, 0x65, 0x33, 0x45, 0x44,
  0x44, 0x44, 0x44, 0x44, 0x44, 0x33, 0x35, 0x45, 0x43, 0x32, 0x21, 0x45, 0x46, 0x45, 0x44, 0x44, 0x44, 0x44, 0x54, 0x43, 0x44, 0x44, 0x45, 0x44,
  0x44, 0x43, 0x23, 0x34, 0x44, 0x45, 0x54, 0x44, 0x45, 0x34, 0x44, 0x44, 0x44, 0x44, 0x54, 0x44, 0x44, 0x44, 0x43, 0x23, 0x32, 0x11, 0x54, 0x55,
  0x45, 0x44, 0x34, 0x44, 0x34, 0x34, 0x45, 0x44, 0x44, 0x43, 0x44, 0x42, 0x23, 0x34, 0x56, 0x65, 0x54, 0x44, 0x44, 0x43, 0x44, 0x44, 0x43, 0x44,
  0x44, 0x34, 0x44, 0x44, 0x42, 0x23, 0x31, 0x15, 0x55, 0x45, 0x44, 0x44, 0x34, 0x45, 0x44, 0x44, 0x34, 0x44, 0x43, 0x55, 0x43, 0x43, 0x43, 0x22,
  0x32, 0x11, 0x56, 0x66, 0x43, 0x34, 0x44, 0x44, 0x34, 0x54, 0x44, 0x54, 0x45, 0x34, 0x53, 0x33, 0x22, 0x24, 0x55, 0x45, 0x55, 0x44, 0x44, 0x44,
  0x44, 0x55, 0x45, 0x44, 0x44, 0x54, 0x43, 0x34, 0x43, 0x33, 0x21, 0x65, 0x45, 0x44, 0x44, 0x44, 0x35, 0x45, 0x54, 0x34, 0x54, 0x43, 0x44, 0xd4,
  0x44, 0x42, 0x22, 0x21, 0x65, 0x65, 0x55, 0x43, 0x43, 0x44, 0x44, 0x44, 0x44, 0x33, 0x44, 0x55, 0x34, 0x34, 0x42, 0x32, 0x32, 0x11, 0x16, 0x54,
  0x33, 0x44, 0x44, 0x44, 0x34, 0x44, 0x44, 0x45, 0x44, 0x44, 0x44, 0x43, 0x23, 0x36, 0x65, 0x46, 0x56, 0x45, 0x44, 0x44, 0x44, 0x43, 0x44, 0x44,
  0x35, 0x44, 0x43, 0x44, 0x42, 0x33, 0x31, 0x44, 0x56, 0x56, 0x44, 0x54, 0x44, 0x34, 0x44, 0x44, 0x44, 0x44, 0x45, 0x45, 0x43, 0x43, 0x53, 0x33,
  0x21, 0x11, 0x56, 0x44, 0x44, 0x34, 0x44, 0x44, 0x44, 0x34, 0x44, 0x34, 0x33, 0x34, 0x45, 0x53, 0x23, 0x26, 0x54, 0x56, 0x56, 0x44, 0x44, 0x44,
  0x45, 0x43, 0x44, 0x34, 0x44, 0x44, 0x35, 0x54, 0x52, 0x23, 0x31, 0x56, 0x65, 0x54, 0x33, 0x44, 0x43, 0xd4, 0x44, 0x35, 0x45, 0x45, 0x44, 0x54,
  0x45, 0x42, 0x22, 0x32, 0x66, 0x44, 0x46, 0x33, 0x44, 0x34, 0x43, 0x44, 0x34, 0x44, 0x54, 0x43, 0x34, 0x44, 0x42, 0x23, 0x32, 0x12, 0x15, 0x65,
  0x44, 0x44, 0x44, 0x44, 0x44, 0x44, 0x43, 0x54, 0x44, 0x43, 0x44, 0x43, 0x22, 0x36, 0x65, 0x56, 0x65, 0x34, 0x44, 0x43, 0x44, 0x45, 0x44, 0x35,
  0x44, 0x54, 0x33, 0x43, 0x53, 0x33, 0x21, 0x66, 0x56, 0x55, 0x54, 0x44, 0x43, 0x44, 0x44, 0x44, 0x45, 0x45, 0x43, 0x54, 0x44, 0x43, 0x33, 0x23,
  0x21, 0x11, 0x54, 0x56, 0x44, 0x44, 0x45, 0x45, 0x44, 0x43, 0x44, 0x54, 0x44, 0x34, 0x45, 0x42, 0x33, 0x34, 0x64, 0x55, 0x65, 0x34, 0x43, 0x44,
  0x35, 0x45, 0x44, 0x54, 0x34, 0x44, 0x44, 0x44, 0x43, 0x32, 0x31, 0x54, 0x56, 0x44, 0x44, 0x34, 0x44, 0x54, 0x44, 0x44, 0x44, 0x45, 0x43, 0x44,
  0x44, 0x33, 0x32, 0x22, 0x54, 0x65, 0x65, 0x43, 0x44, 0x53, 0x44, 0x43, 0x33, 0x54, 0x34, 0x45, 0x43, 0x43, 0x42, 0x32, 0x31, 0x21, 0x15, 0x64,
  0x45, 0x54, 0x35, 0x33, 0x54, 0x43, 0x33, 0x44, 0x34, 0x44, 0x45, 0x42, 0x33, 0x35, 0x56, 0x54, 0x54, 0x45, 0x44, 0x43, 0x44, 0x44, 0x44, 0x45,
  0x44, 0x54, 0x54, 0x44, 0x43, 0x22, 0x32, 0x56, 0x56, 0x65, 0x44, 0x54, 0x44, 0x53, 0x44, 0x34, 0x34, 0x44, 0x44, 0x44, 0x44, 0x44, 0x53, 0x23,
  0x32, 0x21, 0x56, 0x55, 0x34, 0x44, 0x54, 0x44, 0x45, 0x43, 0x34, 0x44, 0x44, 0x44, 0x44, 0x42, 0x23, 0x25, 0x55, 0x55, 0x55, 0x43, 0x43, 0x44,
  0x44, 0x34, 0x44, 0x44, 0x44, 0x44, 0x54, 0x44, 0x42, 0x33, 0x21, 0x46, 0x46, 0x55, 0x54, 0x44, 0x44, 0x54, 0x44, 0x54, 0x33, 0x33, 0x44, 0x44,
  0x44, 0x43, 0x33, 0x31, 0x56, 0x55, 0x45, 0x44, 0x44, 0x44, 0x44, 0x44, 0x54, 0x54, 0x44, 0x54, 0x34, 0x53, 0x43, 0x32, 0x32, 0x12, 0x15, 0x54,
  0x43, 0x44, 0x44, 0x44, 0x34, 0x43, 0x44, 0x44, 0x44, 0x45, 0x44, 0x43, 0x23, 0x25, 0x65, 0x44, 0x54, 0x44, 0x33, 0x53, 0x44, 0x54, 0x44, 0x44,
  0x55, 0x44, 0x54, 0x44, 0x43, 0x33, 0x31, 0x45, 0x64, 0x65, 0x54, 0x44, 0x43, 0x44, 0x34, 0x44, 0x44, 0x44, 0x44, 0x34, 0x44, 0x55, 0x43, 0x32,
  0x32, 0x11, 0x54, 0x56, 0x43, 0x44, 0x34, 0x44, 0x44, 0x43, 0x34, 0x44, 0x44, 0x44, 0x45, 0x43, 0x22, 0x34, 0x66, 0x45, 0x65, 0x44, 0x44, 0x44,
  0x45, 0x34, 0x54, 0x34, 0x44, 0x43, 0x43, 0x43, 0x33, 0x33, 0x21, 0x21, 0x46, 0x65, 0x44, 0x43, 0x45, 0x44, 0x45, 0x34, 0x34, 0xd4, 0x44, 0x44,
  0x44, 0x42, 0x32, 0x32, 0x26, 0x55, 0x45, 0x44, 0x54, 0x44, 0x44, 0x53, 0x44, 0x5d, 0x43, 0x44, 0x34, 0x43, 0x43, 0x23, 0x21, 0x11, 0x56, 0x45,
  0x45, 0x44, 0x44, 0x44, 0x44, 0x44, 0x44, 0x43, 0x43, 0x44, 0x44, 0x42, 0x33, 0x21, 0x56, 0x46, 0x66, 0x34, 0x44, 0x44, 0x44, 0x44, 0x45, 0x43,
  0x43, 0x44, 0x45, 0x43, 0x42, 0x32, 0x21, 0x11, 0x45, 0x65, 0x44, 0x44, 0x44, 0x44, 0x44, 0x45, 0x44, 0x34, 0x34, 0x44, 0x44, 0x34, 0x43, 0x23,
  0x21, 0x22, 0x65, 0x56, 0x44, 0x34, 0x54, 0x43, 0x54, 0x44, 0x44, 0x43, 0x44, 0x44, 0x43, 0x43, 0x33, 0x36, 0x54, 0x46, 0x65, 0x44, 0x45, 0x43,
  0x45, 0x44, 0x44, 0x45, 0x44, 0x34, 0x44, 0x55, 0x42, 0x32, 0x32, 0x11, 0x46, 0x66, 0x44, 0x54, 0x54, 0x53, 0x34, 0x45, 0x44, 0x44, 0x44, 0x44,
  0x54, 0x43, 0x23, 0x31, 0x24, 0x56, 0x56, 0x44, 0x54, 0x34, 0x44, 0x33, 0x44, 0x44, 0x44, 0x44, 0x34, 0x43, 0x53, 0x32, 0x31, 0x11, 0x65, 0x65,
  0x44, 0x45, 0x44, 0x44, 0x44, 0x44, 0x34, 0x45, 0x44, 0x34, 0x44, 0x42, 0x32, 0x21, 0x55, 0x55, 0x54, 0x44, 0x34, 0x43, 0x33, 0x53, 0x34, 0x44,
  0x54, 0x44, 0x34, 0x43, 0x43, 0x32, 0x32, 0x12, 0x55, 0x65, 0x53, 0x45, 0x43, 0x34, 0x44, 0x44, 0x44, 0x44, 0x43, 0x54, 0x44, 0x45, 0x33, 0x33,
  0x32, 0x21, 0x56, 0x54, 0x44, 0x34, 0x44, 0x44, 0x43, 0x44, 0x44, 0x43, 0x44, 0x43, 0x43, 0x43, 0x33, 0x26, 0x46, 0x64, 0x56, 0x44, 0x55, 0x44,
  0x45, 0x34, 0x44, 0x4d, 0x44, 0x44, 0x34, 0x33, 0x33, 0x32, 0x31, 0x11, 0x56, 0x46, 0x34, 0x53, 0x44, 0x44, 0x44, 0x44, 0x44, 0x44, 0x44, 0x44,
  0x44, 0x42, 0x33, 0x21, 0x24, 0x55, 0x64, 0x34, 0x44, 0x44, 0x44, 0x34, 0x44, 0x44, 0x44, 0x44, 0x44, 0x43, 0x42, 0x23, 0x32, 0x21, 0x45, 0x66,
  0x33, 0x34, 0x44, 0x45, 0x33, 0x45, 0x44, 0x44, 0x44, 0x44, 0x54, 0x43, 0x33, 0x21, 0x65, 0x55, 0x55, 0x44, 0x44, 0x43, 0x45, 0x44, 0x44, 0x44,
  0x54, 0x54, 0x44, 0x44, 0x43, 0x23, 0x21, 0x11, 0x65, 0x56, 0x54, 0x54, 0x44, 0x53, 0x44, 0x44, 0x44, 0x43, 0x44, 0x34, 0x44, 0x44, 0x43, 0x33,
  0x22, 0x11, 0x55, 0x45, 0x44, 0x34, 0x33, 0x34, 0x34, 0x45, 0x34, 0x44, 0x45, 0x44, 0x54, 0x43, 0x22, 0x34, 0x65, 0x46, 0x56, 0x33, 0x44, 0x44,
  0x43, 0x44, 0x44, 0x43, 0x44, 0x44, 0x44, 0x33, 0x43, 0x33, 0x21, 0x21, 0x56, 0x45, 0x33, 0x43, 0x44, 0x44, 0x44, 0x44, 0x44, 0x44, 0x43, 0x44,
  0x33, 0x43, 0x33, 0x32, 0x16, 0x55, 0x45, 0x53, 0x44, 0x34, 0x44, 0x33, 0x54, 0x45, 0x45, 0x44, 0x44, 0x44, 0x43, 0x22, 0x31, 0x11, 0x54, 0x46,
  0x44, 0x44, 0x34, 0x44, 0x44, 0x44, 0x44, 0x34, 0x45, 0x44, 0x44, 0x43, 0x32, 0x32, 0x64, 0x65, 0x46, 0x54, 0x44, 0x44, 0x44, 0x34, 0x54, 0x34,
  0x44, 0x44, 0x34, 0x33, 0x43, 0x33, 0x22, 0x12, 0x64, 0x44, 0x43, 0x44, 0x34, 0x44, 0x33, 0x44, 0x45, 0x33, 0x45, 0x33, 0x45, 0x45, 0x43, 0x33,
  0x31, 0x15, 0x55, 0x55, 0x44, 0x44, 0x44, 0x44, 0x43, 0x44, 0x34, 0x44, 0x34, 0x43, 0x34, 0x53, 0x33, 0x25, 0x64, 0x56, 0x56, 0x53, 0x44, 0x44,
  0x44, 0x44, 0x44, 0x45, 0x44, 0x44, 0x44, 0x45, 0x42, 0x22, 0x22, 0x56, 0x45, 0x46, 0x44, 0x43, 0x34, 0x54, 0x44, 0x43, 0x44, 0x34, 0x53, 0x44,
  0x43, 0x42, 0x32, 0x32, 0x25, 0x55, 0x55, 0x44, 0x43, 0x34, 0x34, 0x44, 0x43, 0x44, 0x34, 0x44, 0x34, 0x44, 0x43, 0x33, 0x21, 0x12, 0x14, 0x54,
  0x44, 0x44, 0x43, 0x53, 0x54, 0x43, 0x44, 0x44, 0x34, 0x44, 0x44, 0x53, 0x32, 0x32, 0x46, 0x55, 0x55, 0x44, 0x43, 0x54, 0x44, 0x44, 0x54, 0x44,
  0x44, 0x44, 0x44, 0x44, 0x43, 0x23, 0x32, 0x24, 0x56, 0x45, 0x44, 0x44, 0x44, 0x44, 0x34, 0x43, 0x44, 0x43, 0x44, 0x53, 0x44, 0x34, 0x42, 0x22,
  0x11, 0x14, 0x54, 0x65, 0x44, 0x44, 0x34, 0x44, 0x44, 0x44, 0x44, 0x44, 0x44, 0x44, 0x44, 0x53, 0x32, 0x12, 0x64, 0x44, 0x56, 0x54, 0x44, 0x44,
  0x44, 0x44, 0x44, 0x54, 0x44, 0x44, 0x45, 0x43, 0x32, 0x22, 0x22, 0x65, 0x54, 0x65, 0x34, 0x34, 0x44, 0x44, 0x44, 0x34, 0x54, 0x44, 0x44, 0x45,
  0x44, 0x42, 0x33, 0x11, 0x24, 0x65, 0x65, 0x44, 0x54, 0x44, 0x44, 0x55, 0x44, 0x44, 0x45, 0x34, 0x55, 0x34, 0x33, 0x33, 0x11, 0x11, 0x16, 0x54,
  0x45, 0x54, 0x34, 0x44, 0x44, 0x34, 0x44, 0x44, 0x44, 0x44, 0x34, 0x43, 0x22, 0x21, 0x65, 0x56, 0x45, 0x43, 0x35, 0x43, 0x43, 0x44, 0x44, 0x44,
  0x53, 0x43, 0x44, 0x44, 0x42, 0x32, 0x11, 0x24, 0x64, 0x54, 0x44, 0x44, 0x54, 0x44, 0x44, 0x54, 0x4d, 0x44, 0x54, 0x35, 0x44, 0x44, 0x43, 0x31,
  0x11, 0x26, 0x55, 0x65, 0x44, 0x54, 0x44, 0x44, 0x44, 0x45, 0x45, 0x54, 0x44, 0x44, 0x54, 0x42, 0x32, 0x12, 0x24, 0x46, 0x45, 0x55, 0x54, 0x44,
  0x44, 0x54, 0x44, 0x44, 0x44, 0x44, 0x44, 0x34, 0x42, 0x32, 0x21, 0x15, 0x65, 0x65, 0x34, 0x53, 0x44, 0x43, 0xd3, 0x44, 0x34, 0x43, 0x54, 0x34,
  0x44, 0x43, 0x31, 0x11, 0x25, 0x64, 0x56, 0x44, 0x43, 0x43, 0x44, 0x54, 0x44, 0x44, 0x44, 0x54, 0x44, 0x34, 0x43, 0x21, 0x12, 0x12, 0x14, 0x64,
  0x44, 0x44, 0x44, 0x44, 0x44, 0x35, 0x34, 0x44, 0x44, 0x44, 0x43, 0x43, 0x22, 0x12, 0x14, 0x55, 0x55, 0x45, 0x45, 0x44, 0x44, 0x34, 0x43, 0x44,
  0x45, 0xd4, 0x45, 0x43, 0x33, 0x32, 0x12, 0x25, 0x64, 0x45, 0x54, 0x43, 0x44, 0x44, 0x44, 0x44, 0x44, 0x44, 0x54, 0x44, 0x53, 0x44, 0x43, 0x22,
  0x22, 0x21, 0x45, 0x56, 0x44, 0x45, 0x44, 0x44, 0x44, 0x44, 0x44, 0x44, 0x44, 0x44, 0x44, 0x43, 0x11, 0x11, 0x11, 0x45, 0x64, 0x34, 0x54, 0x45,
  0x43, 0x44, 0x44, 0x44, 0x45, 0x34, 0x34, 0x44, 0x33, 0x22, 0x12, 0x11, 0x55, 0x46, 0x44, 0x34, 0x44, 0x44, 0x44, 0x44, 0x43, 0x44, 0x44, 0x44,
  0x54, 0x43, 0x12, 0x12, 0x11, 0x55, 0x54, 0x44, 0x44, 0x44, 0xd4, 0x44, 0x45, 0x54, 0x44, 0x44, 0x44, 0x45, 0x32, 0x11, 0x11, 0x11, 0x25, 0x55,
  0x44, 0x44, 0x44, 0x44, 0x44, 0x44, 0x54, 0x44, 0x43, 0x34, 0x44, 0x43, 0x21, 0x12, 0x12, 0x55, 0x55, 0x33, 0x45, 0x35, 0x33, 0x44, 0x44, 0x53,
  0x54, 0x44, 0x44, 0x54, 0x42, 0x11, 0x12, 0x21, 0x65, 0x54, 0x44, 0x43, 0x34, 0x34, 0x44, 0x44, 0x33, 0x23, 0x22, 0x22, 0x32, 0x23, 0x21, 0x11,
  0x11, 0x21, 0x26, 0x56, 0x22, 0x33, 0x33, 0x23, 0x22, 0x33, 0x32, 0x32, 0x32, 0x23, 0x33, 0x31, 0x22, 0x22, 0x21, 0x15, 0x55, 0x33, 0x33, 0x33,
  0x33, 0x33, 0x33, 0x22, 0x33, 0x23, 0x23, 0x22, 0x21, 0x11, 0x22, 0x21, 0x25, 0x55, 0x23, 0x33, 0x22, 0x22, 0x33, 0x23, 0x33, 0x33, 0x22, 0x32,
  0x32, 0x32, 0x11, 0x22, 0x11, 0x15, 0x55, 0x32, 0x33, 0x32, 0x22, 0x32, 0x22, 0x23, 0x32, 0x32, 0x33, 0x33, 0x22, 0x11, 0x21, 0x22, 0x24, 0x56,
  0x33, 0x33, 0x32, 0x33, 0x32, 0x32, 0x33, 0x33, 0x32, 0x23, 0x23, 0x31, 0x11, 0x22, 0x21, 0x15, 0x65, 0x33, 0x23, 0x33, 0x33, 0x33, 0x32, 0x33,
  0x23, 0x23, 0x22, 0x22, 0x21, 0x21, 0x22, 0x22, 0x15, 0x65, 0x33, 0x33, 0x33, 0x33, 0x22, 0x22, 0x33, 0x22, 0x22, 0x22, 0x33, 0x32, 0x12, 0x12,
  0x21, 0x12, 0x11, 0x55, 0x23, 0x32, 0x33, 0x23, 0x23, 0x33, 0x22, 0x32, 0x32, 0x22, 0x32, 0x22, 0x21, 0x21, 0x12, 0x12, 0x56, 0x23, 0x22, 0x33,
  0x23, 0x33, 0x33, 0x22, 0x33, 0x32, 0x32, 0x23, 0x11, 0x22, 0x11, 0x22, 0x12, 0x56, 0x22, 0x23, 0x33, 0x32, 0x33, 0x33, 0x23, 0x33, 0x33, 0x23,
  0x22, 0x21, 0x11, 0x11, 0x11, 0x12, 0x65, 0x32, 0x32, 0x23, 0x33, 0x23, 0x32, 0x33, 0x33, 0x33, 0x23, 0x32, 0x11, 0x12, 0x22, 0x12, 0x21, 0x56,
  0x33, 0x32, 0x23, 0x23, 0x33, 0x33, 0x32, 0x32, 0x33, 0x32, 0x33, 0x11, 0x12, 0x12, 0x11, 0x11, 0x65, 0x32, 0x23, 0x23, 0x32, 0x23, 0x33, 0x23,
  0x23, 0x33, 0x33, 0x23, 0x12, 0x11, 0x21, 0x21, 0x12, 0x44, 0x23, 0x33, 0x23, 0x32, 0x32, 0x22, 0x32, 0x33, 0x33, 0x32, 0x23, 0x22, 0x12, 0x11,
  0x12, 0x22, 0x22, 0x15, 0x32, 0x23, 0x32, 0x32, 0x32, 0x22, 0x32, 0x33, 0x33, 0x23, 0x21, 0x22, 0x11, 0x21, 0x22, 0x12, 0x25, 0x33, 0x23, 0x23,
  0x22, 0x33, 0x32, 0x33, 0x32, 0x22, 0x32, 0x21, 0x12, 0x11, 0x21, 0x12, 0x11, 0x14, 0x22, 0x32, 0x33, 0x22, 0x33, 0x33, 0x32, 0x32, 0x22, 0x33,
  0x22, 0x11, 0x22, 0x21, 0x21, 0x12, 0x16, 0x22, 0x23, 0x33, 0x32, 0x32, 0x23, 0x22, 0x32, 0x22, 0x23, 0x31, 0x11, 0x21, 0x11, 0x11, 0x21, 0x25,
  0x33, 0x33, 0x33, 0x23, 0x22, 0x22, 0x33, 0x23, 0x33, 0x33, 0x31, 0x12, 0x11, 0x11, 0x21, 0x22, 0x15, 0x23, 0x32, 0x32, 0x32, 0x22, 0x33, 0x22,
  0x33, 0x32, 0x23, 0x32, 0x22, 0x11, 0x11, 0x22, 0x21, 0x14, 0x33, 0x32, 0x33, 0x23, 0x22, 0x22, 0x33, 0x33, 0x32, 0x22, 0x33, 0x11, 0x12, 0x21,
  0x21, 0x12, 0x21, 0x21, 0x23, 0x23, 0x23, 0x33, 0x32, 0x33, 0x32, 0x23, 0x22, 0x23, 0x11, 0x21, 0x12, 0x12, 0x21, 0x21, 0x12, 0x33, 0x22, 0x33,
  0x22, 0x23, 0x33, 0x23, 0x33, 0x22, 0x23, 0x21, 0x11, 0x22, 0x12, 0x21, 0x11, 0x11, 0x33, 0x32, 0x33, 0x22, 0x33, 0x22, 0x33, 0x32, 0x32, 0x33,
  0x21, 0x11, 0x22, 0x12, 0x11, 0x11, 0x12, 0x23, 0x32, 0x32, 0x32, 0x23, 0x22, 0x22, 0x23, 0x33, 0x22, 0x12, 0x11, 0x11, 0x21, 0x11, 0x11, 0x21,
  0x32, 0x33, 0x22, 0x32, 0x33, 0x33, 0x32, 0x22, 0x33, 0x33, 0x21, 0x21, 0x12, 0x11, 0x21, 0x21, 0x22, 0x23, 0x22, 0x23, 0x32, 0x23, 0x22, 0x22,
  0x32, 0x33, 0x23, 0x12, 0x12, 0x21, 0x21, 0x12, 0x21, 0x21, 0x33, 0x32, 0x33, 0x23, 0x23, 0x32, 0x22, 0x11, 0x22, 0x12, 0x22, 0x12, 0x11, 0x21,
  0x12, 0x22, 0x12, 0x22, 0x11, 0x22, 0x11, 0x21, 0x12, 0x21, 0x11, 0x21, 0x25, 0x46, 0x66, 0x55, 0x55, 0x55, 0x46, 0x56, 0x55, 0x65, 0x22, 0x11,
  0x11, 0x12, 0x21, 0x12, 0x22, 0x11, 0x22, 0x12, 0x21, 0x12, 0x21, 0x12, 0x21, 0x11, 0x21, 0x12, 0x11, 0x12, 0x12, 0x11, 0x21, 0x11, 0x22, 0x12,
  0x45, 0x55, 0x54, 0x55, 0x56, 0x56, 0x21, 0x11, 0x42, 0x12, 0x12, 0x11, 0x12, 0x12, 0x11, 0x11, 0x21, 0x21, 0x12, 0x21, 0x22, 0x11, 0x11, 0x22,
  0x21, 0x22, 0x12, 0x12, 0x21, 0x12, 0x22, 0x22, 0x12, 0x22, 0x11, 0x12, 0x22, 0x12, 0x22, 0x11, 0x22, 0x12, 0x11, 0x21, 0x11, 0x12, 0x22, 0x11,
  0x12, 0x12, 0x12, 0x12, 0x11, 0x11, 0x11, 0x22, 0x22, 0x11, 0x22, 0x22, 0x12, 0x12, 0x11, 0x11, 0x21, 0x22, 0x22, 0x11, 0x22, 0x11, 0x21, 0x11,
  0x11, 0x12, 0x12, 0x21, 0x21, 0x22, 0x21, 0x22, 0x11, 0x11, 0x11, 0x12, 0x66, 0x54, 0x65, 0x66, 0x55, 0x56, 0x55, 0x55, 0x55, 0x45, 0x65, 0x22,
  0x11, 0x11, 0x12, 0x11, 0x22, 0x21, 0x12, 0x21, 0x12, 0x22, 0x12, 0x12, 0x12, 0x12, 0x21, 0x21, 0x21, 0x21, 0x21, 0x12, 0x21, 0x22, 0x45, 0x46,
  0x54, 0x55, 0x65, 0x66, 0x65, 0x64, 0x66, 0x56, 0x66, 0x12, 0x22, 0x22, 0x12, 0x21, 0x21, 0x22, 0x21, 0x12, 0x11, 0x11, 0x21, 0x12, 0x21, 0x21,
  0x12, 0x21, 0x11, 0x11, 0x11, 0x11, 0x11, 0x22, 0x11, 0x11, 0x11, 0x11, 0x12, 0x22, 0x12, 0x11, 0x21, 0x12, 0x21, 0x21, 0x12, 0x22, 0x11, 0x12,
  0x21, 0x21, 0x11, 0x22, 0x22, 0x11, 0x22, 0x21, 0x11, 0x21, 0x21, 0x21, 0x11, 0x22, 0x12, 0x12, 0x22, 0x21, 0x21, 0x22, 0x12, 0x21, 0x22, 0x22,
  0x21, 0x21, 0x11, 0x11, 0x12, 0x11, 0x22, 0x11, 0x11, 0x11, 0x12, 0x25, 0x44, 0x56, 0x54, 0x66, 0x55, 0x45, 0x56, 0x54, 0x56, 0x65, 0x44, 0x52,
  0x12, 0x12, 0x11, 0x12, 0x11, 0x21, 0x12, 0x22, 0x21, 0x22, 0x11, 0x11, 0x11, 0x12, 0x21, 0x12, 0x21, 0x12, 0x21, 0x22, 0x11, 0x26, 0x65, 0x44,
  0x65, 0x56, 0x54, 0x55, 0x55, 0x46, 0x56, 0x55, 0x55, 0x41, 0x12, 0x11, 0x21, 0x12, 0x21, 0x22, 0x21, 0x22, 0x12, 0x12, 0x11, 0x11, 0x22, 0x11,
  0x12, 0x12, 0x21, 0x21, 0x21, 0x12, 0x11, 0x22, 0x54, 0x45, 0x64, 0x44, 0x11, 0x11, 0x21, 0x12, 0x11, 0x11, 0x45, 0x51, 0x21, 0x12, 0x21, 0x12,
  0x15, 0x45, 0x44, 0x66, 0x11, 0x22, 0x11, 0x12, 0x11, 0x21, 0x11, 0x11, 0x11, 0x11, 0x11, 0x21, 0x12, 0x11, 0x21, 0x22, 0x46, 0x56, 0x55, 0x64,
  0x55, 0x54, 0x12, 0x11, 0x55, 0x65, 0x11, 0x12, 0x21, 0x12, 0x11, 0x56, 0x56, 0x56, 0x44, 0x56, 0x56, 0x55, 0x55, 0x45, 0x45, 0x54, 0x66, 0x55,
  0x21, 0x21, 0x12, 0x11, 0x45, 0x65, 0x11, 0x11, 0x22, 0x11, 0x11, 0x21, 0x12, 0x11, 0x55, 0x55, 0x64, 0x21, 0x11, 0x22, 0x12, 0x54, 0x54, 0x45,
  0x55, 0x46, 0x45, 0x56, 0x55, 0x55, 0x66, 0x64, 0x66, 0x64, 0x11, 0x11, 0x11, 0x21, 0x22, 0x11, 0x12, 0x21, 0x54, 0x65, 0x21, 0x12, 0x21, 0x11,
  0x46, 0x45, 0x55, 0x21, 0x11, 0x11, 0x21, 0x66, 0x44, 0x54, 0x56, 0x55, 0x64, 0x65, 0x21, 0x11, 0x12, 0x12, 0x54, 0x54, 0x21, 0x21, 0x11, 0x22,
  0x54, 0x46, 0x55, 0x55, 0x11, 0x12, 0x11, 0x11, 0x12, 0x12, 0x65, 0x54, 0x56, 0x12, 0x12, 0x11, 0x22, 0x16, 0x46, 0x44, 0x45, 0x55, 0x65, 0x65,
  0x65, 0x55, 0x11, 0x11, 0x65, 0x55, 0x66, 0x51, 0x11, 0x11, 0x16, 0x46, 0x56, 0x66, 0x54, 0x64, 0x45, 0x55, 0x56, 0x55, 0x44, 0x54, 0x54, 0x55,
  0x51, 0x22, 0x11, 0x26, 0x65, 0x44, 0x11, 0x12, 0x22, 0x22, 0x11, 0x21, 0x22, 0x11, 0x45, 0x54, 0x45, 0x61, 0x21, 0x21, 0x26, 0x66, 0x46, 0x55,
  0x55, 0x45, 0x55, 0x46, 0x46, 0x65, 0x55, 0x55, 0x44, 0x54, 0x51, 0x22, 0x12, 0x24, 0x55, 0x54, 0x44, 0x45, 0x55, 0x55, 0x22, 0x12, 0x46, 0x66,
  0x55, 0x56, 0x56, 0x51, 0x12, 0x21, 0x24, 0x64, 0x44, 0x55, 0x56, 0x45, 0x44, 0x46, 0x66, 0x54, 0x44, 0x64, 0x56, 0x55, 0x41, 0x22, 0x11, 0x24,
  0x55, 0x54, 0x45, 0x54, 0x56, 0x46, 0x55, 0x65, 0x65, 0x64, 0x44, 0x55, 0x44, 0x52, 0x21, 0x12, 0x21, 0x65, 0x56, 0x56, 0x44, 0x55, 0x54, 0x56,
  0x66, 0x54, 0x46, 0x64, 0x55, 0x65, 0x56, 0x45, 0x21, 0x12, 0x15, 0x64, 0x65, 0x65, 0x54, 0x44, 0x66, 0x45, 0x65, 0x56, 0x65, 0x45, 0x45, 0x65,
  0x54, 0x12, 0x11, 0x55, 0x55, 0x55, 0x65, 0x65, 0x45, 0x55, 0x56, 0x56, 0x55, 0x65, 0x54, 0x54, 0x45, 0x55, 0x22, 0x11, 0x15, 0x56, 0x55, 0x44,
  0x54, 0x56, 0x44, 0x55, 0x65, 0x64, 0x66, 0x65, 0x65, 0x44, 0x46, 0x11, 0x21, 0x55, 0x54, 0x55, 0x56, 0x54, 0x66, 0x56, 0x56, 0x65, 0x66, 0x44,
  0x54, 0x54, 0x55, 0x55, 0x11, 0x21, 0x46, 0x55, 0x45, 0x45, 0x55, 0x54, 0x54, 0x54, 0x64, 0x46, 0x55, 0x65, 0x65, 0x55, 0x65, 0x22, 0x12, 0x55,
  0x64, 0x54, 0x55, 0x56, 0x46, 0x64, 0x45, 0x66, 0x54, 0x54, 0x55, 0x54, 0x65, 0x54, 0x11, 0x22, 0x24, 0x54, 0x65, 0x53, 0x44, 0x44, 0x43, 0x43,
  0x43, 0x44, 0x54, 0x44, 0x45, 0x44, 0x44, 0x23, 0x31, 0x21, 0x24, 0x44, 0x53, 0x53, 0x44, 0x43, 0x44, 0x53, 0x44, 0x55, 0x44, 0x44, 0x43, 0x44,
  0x32, 0x21, 0x11, 0x46, 0x55, 0x53, 0x33, 0x44, 0x44, 0x44, 0x45, 0x43, 0x43, 0x44, 0x35, 0x44, 0x45, 0x32, 0x31, 0x21, 0x15, 0x44, 0x53, 0x34,
  0x44, 0x44, 0x54, 0x44, 0x34, 0x44, 0x45, 0x34, 0x44, 0x44, 0x22, 0x31, 0x16, 0x46, 0x66, 0x54, 0x44, 0x44, 0x43, 0x44, 0x43, 0x43, 0x43, 0x45,
  0x44, 0x44, 0x34, 0x22, 0x22, 0x15, 0x55, 0x54, 0x64, 0x53, 0x44, 0x44, 0x53, 0x34, 0x44, 0x44, 0x43, 0x44, 0x34, 0x34, 0x23, 0x21, 0x11, 0x44,
  0x65, 0x54, 0x44, 0x44, 0x44, 0x44, 0x54, 0x44, 0x44, 0x45, 0x45, 0x44, 0x44, 0x23, 0x21, 0x16, 0x46, 0x55, 0x55, 0x54, 0x54, 0x45, 0x44, 0x54,
  0x43, 0x44, 0x44, 0x33, 0x53, 0x44, 0x45, 0x23, 0x32, 0x21, 0x25, 0x55, 0x44, 0x55, 0x43, 0x44, 0x44, 0x44, 0x44, 0xd4, 0x44, 0x44, 0x44, 0x44,
  0x23, 0x33, 0x11, 0x55, 0x55, 0x64, 0x55, 0x45, 0x34, 0x44, 0x44, 0x4d, 0x34, 0x44, 0x44, 0x53, 0x44, 0x32, 0x23, 0x21, 0x25, 0x55, 0x55, 0x34,
  0x54, 0x44, 0x43, 0x43, 0x44, 0x35, 0x34, 0x44, 0x45, 0x34, 0x32, 0x23, 0x25, 0x45, 0x65, 0x64, 0x54, 0x53, 0x44, 0x54, 0x34, 0x44, 0x44, 0x44,
  0x44, 0x43, 0x44, 0x33, 0x33, 0x15, 0x64, 0x66, 0x53, 0x34, 0x45, 0x44, 0x45, 0x34, 0x44, 0x43, 0x43, 0x34, 0x34, 0x34, 0x22, 0x22, 0x22, 0x66,
  0x45, 0x54, 0x44, 0x44, 0x44, 0x43, 0x34, 0x43, 0x55, 0x44, 0x34, 0x44, 0x34, 0x32, 0x23, 0x65, 0x46, 0x55, 0x44, 0x64, 0x44, 0x45, 0x44, 0x54,
  0x44, 0x54, 0x54, 0x43, 0x45, 0x44, 0x43, 0x33, 0x33, 0x11, 0x21, 0x65, 0x64, 0x45, 0x33, 0x44, 0x45, 0x44, 0x44, 0x44, 0x44, 0x54, 0x44, 0x44,
  0x33, 0x23, 0x25, 0x65, 0x45, 0x65, 0x44, 0x44, 0x44, 0x34, 0x44, 0x43, 0x34, 0x44, 0x44, 0x45, 0x44, 0x22, 0x23, 0x22, 0x11, 0x56, 0x54, 0x44,
  0x44, 0x34, 0x44, 0x44, 0x44, 0x43, 0x45, 0x44, 0x43, 0x44, 0x33, 0x22, 0x54, 0x66, 0x44, 0x55, 0x34, 0x44, 0x44, 0x54, 0x44, 0x44, 0x43, 0x34,
  0x45, 0x34, 0x34, 0x32, 0x33, 0x11, 0x25, 0x65, 0x63, 0x54, 0x33, 0x54, 0x43, 0x44, 0x44, 0x44, 0x44, 0x33, 0x34, 0x53, 0x22, 0x32, 0x26, 0x56,
  0x54, 0x44, 0x45, 0x44, 0x44, 0x44, 0x44, 0x43, 0x44, 0x44, 0x44, 0x44, 0x44, 0x33, 0x23, 0x26, 0x55, 0x55, 0x55, 0x44, 0x43, 0x44, 0x44, 0x44,
  0x43, 0x34, 0x44, 0x34, 0x34, 0x55, 0x44, 0x22, 0x33, 0x21, 0x21, 0x65, 0x54, 0x34, 0x55, 0x44, 0x43, 0x45, 0x44, 0x34, 0x44, 0x44, 0x53, 0x44,
  0x32, 0x23, 0x14, 0x65, 0x54, 0x54, 0x44, 0x45, 0x34, 0x44, 0x54, 0x44, 0x45, 0x44, 0x44, 0x44, 0x43, 0x32, 0x32, 0x21, 0x12, 0x55, 0x44, 0x44,
  0x44, 0x54, 0x54, 0x44, 0x44, 0x44, 0x44, 0x44, 0x43, 0x44, 0x33, 0x23, 0x64, 0x64, 0x65, 0x54, 0x44, 0x45, 0x44, 0x44, 0x34, 0x34, 0x44, 0x45,
  0x43, 0x44, 0x43, 0x23, 0x33, 0x11, 0x26, 0x46, 0x53, 0x43, 0x45, 0x45, 0x53, 0x44, 0x54, 0x44, 0x44, 0x44, 0x44, 0x43, 0x23, 0x22, 0x24, 0x55,
  0x55, 0x44, 0x35, 0x54, 0x44, 0x44, 0x54, 0x34, 0x44, 0x44, 0x44, 0x54, 0x54, 0x33, 0x32, 0x26, 0x55, 0x54, 0x54, 0x54, 0x44, 0x54, 0x44, 0x44,
  0x44, 0x44, 0x43, 0x43, 0x44, 0x44, 0x44, 0x33, 0x33, 0x11, 0x11, 0x54, 0x54, 0x44, 0x44, 0x44, 0x43, 0x44, 0x45, 0x45, 0x44, 0x44, 0x34, 0x44,
  0x33, 0x23, 0x25, 0x64, 0x55, 0x64, 0x54, 0x44, 0x44, 0x44, 0x44, 0x53, 0x44, 0x44, 0x35, 0x34, 0x54, 0x32, 0x32, 0x22, 0x21, 0x64, 0x44, 0x44,
  0x45, 0x44, 0x44, 0x54, 0x54, 0x44, 0x44, 0x34, 0x54, 0x44, 0x33, 0x23, 0x56, 0x66, 0x64, 0x54, 0x44, 0x44, 0x54, 0x44, 0x54, 0x34, 0x44, 0x44,
  0x44, 0x44, 0x55, 0x33, 0x32, 0x11, 0x25, 0x64, 0x54, 0x53, 0x54, 0x44, 0x44, 0x45, 0x54, 0x44, 0x34, 0x34, 0x44, 0x44, 0x33, 0x22, 0x15, 0x56,
  0x56, 0x44, 0x44, 0x44, 0x43, 0x44, 0x44, 0x54, 0x44, 0x44, 0x43, 0x44, 0x43, 0x22, 0x33, 0x15, 0x55, 0x66, 0x55, 0x54, 0x44, 0x33, 0x43, 0x44,
  0x3d, 0x44, 0x44, 0x44, 0x54, 0x43, 0x44, 0x23, 0x32, 0x22, 0x22, 0x46, 0x64, 0x44, 0x43, 0x44, 0x44, 0x43, 0x54, 0x34, 0x43, 0x34, 0x44, 0x44,
  0x32, 0x33, 0x25, 0x45, 0x65, 0x64, 0x44, 0x34, 0x44, 0x44, 0x44, 0x45, 0x44, 0x44, 0x44, 0x44, 0x54, 0x23, 0x33, 0x11, 0x11, 0x55, 0x54, 0x34,
  0x44, 0x45, 0x53, 0x35, 0x44, 0x43, 0x44, 0x44, 0x44, 0x44, 0x32, 0x32, 0x65, 0x64, 0x65, 0x64, 0x44, 0x44, 0x43, 0x44, 0x44, 0x44, 0x44, 0x35,
  0x44, 0x44, 0x44, 0x32, 0x22, 0x11, 0x16, 0x45, 0x54, 0x43, 0x44, 0x44, 0x44, 0x33, 0x44, 0x44, 0x44, 0x34, 0x44, 0x44, 0x22, 0x33, 0x15, 0x56,
  0x56, 0x53, 0x34, 0x44, 0x44, 0x44, 0x44, 0x45, 0x43, 0x43, 0x43, 0x44, 0x44, 0x33, 0x33, 0x25, 0x15, 0x55, 0x46, 0x54, 0x44, 0x44, 0x44, 0x44,
  0x43, 0x44, 0x33, 0x55, 0x44, 0x44, 0x43, 0x23, 0x33, 0x22, 0x15, 0x56, 0x54, 0x44, 0x44, 0x43, 0x44, 0x34, 0x43, 0x44, 0x53, 0x34, 0x44, 0x44,
  0x32, 0x23, 0x12, 0x54, 0x55, 0x55, 0x54, 0x54, 0x44, 0x54, 0x44, 0x55, 0x44, 0x44, 0x44, 0x34, 0x45, 0x32, 0x33, 0x11, 0x65, 0x55, 0x44, 0x43,
  0x44, 0x43, 0x44, 0x44, 0x34, 0x33, 0x55, 0x44, 0x44, 0x44, 0x33, 0x32, 0x65, 0x46, 0x55, 0x44, 0x34, 0x43, 0x43, 0x45, 0x44, 0x34, 0x45, 0x34,
  0x43, 0x45, 0x43, 0x22, 0x33, 0x15, 0x66, 0x55, 0x63, 0x34, 0x44, 0x43, 0x43, 0x54, 0x43, 0x43, 0x34, 0x44, 0x45, 0x44, 0x23, 0x23, 0x12, 0x15,
  0x44, 0x54, 0x44, 0x44, 0x54, 0x44, 0x44, 0x44, 0x43, 0x44, 0x45, 0x44, 0x34, 0x32, 0x32, 0x26, 0x24, 0x55, 0x45, 0x64, 0x44, 0x34, 0x44, 0x43,
  0x54, 0x34, 0x44, 0x34, 0x54, 0x54, 0x34, 0x23, 0x23, 0x11, 0x24, 0x45, 0x54, 0x34, 0x35, 0x44, 0x44, 0x45, 0x44, 0x54, 0x45, 0x44, 0x44, 0x44,
  0x23, 0x32, 0x21, 0x66, 0x56, 0x54, 0x44, 0x54, 0x34, 0x44, 0x43, 0x34, 0x44, 0x34, 0x44, 0x44, 0x45, 0x33, 0x23, 0x12, 0x65, 0x54, 0x64, 0x35,
  0x44, 0x45, 0x44, 0x54, 0x34, 0x54, 0x44, 0x44, 0x44, 0x44, 0x32, 0x33, 0x45, 0x55, 0x54, 0x53, 0x44, 0x44, 0x44, 0x34, 0x34, 0x43, 0x44, 0x43,
  0x44, 0x43, 0x44, 0x23, 0x33, 0x26, 0x66, 0x65, 0x54, 0x45, 0x53, 0x44, 0x44, 0x45, 0x44, 0x44, 0x44, 0x43, 0x45, 0x44, 0x33, 0x23, 0x21, 0x25,
  0x44, 0x44, 0x34, 0x44, 0x55, 0x44, 0x34, 0x45, 0x44, 0x44, 0x35, 0x44, 0x43, 0x32, 0x22, 0x16, 0x14, 0x66, 0x45, 0x54, 0x45, 0x54, 0x53, 0x44,
  0x54, 0x35, 0x34, 0x44, 0x34, 0x44, 0x44, 0x22, 0x33, 0x11, 0x15, 0x56, 0x64, 0x44, 0x45, 0x44, 0x44, 0x45, 0x55, 0x43, 0x44, 0x54, 0x44, 0x45,
  0x23, 0x32, 0x21, 0x55, 0x44, 0x44, 0x44, 0x54, 0x44, 0x44, 0x45, 0x54, 0x44, 0x35, 0x45, 0x43, 0x53, 0x33, 0x22, 0x12, 0x55, 0x45, 0x64, 0x43,
  0x44, 0x54, 0x44, 0x44, 0x44, 0x34, 0x44, 0x34, 0x44, 0x44, 0x33, 0x33, 0x44, 0x55, 0x55, 0x54, 0x44, 0x34, 0x43, 0x44, 0x44, 0x45, 0x34, 0x45,
  0x43, 0x44, 0x44, 0x22, 0x23, 0x16, 0x65, 0x56, 0x54, 0x44, 0x44, 0x44, 0x34, 0x54, 0x54, 0x43, 0x44, 0x44, 0x44, 0x43, 0x22, 0x23, 0x21, 0x14,
  0x46, 0x55, 0x44, 0x34, 0x34, 0x34, 0x43, 0x45, 0x44, 0x44, 0x34, 0x44, 0x44, 0x32, 0x23, 0x16, 0x15, 0x64, 0x46, 0x44, 0x43, 0x44, 0x44, 0x43,
  0x44, 0x54, 0x45, 0x44, 0x44, 0x54, 0x44, 0x33, 0x23, 0x21, 0x16, 0x55, 0x54, 0x44, 0x43, 0x44, 0x44, 0x44, 0x35, 0x44, 0x54, 0x44, 0x44, 0x44,
  0x32, 0x23, 0x12, 0x56, 0x46, 0x64, 0x44, 0x44, 0x44, 0x54, 0x45, 0x34, 0x44, 0xd4, 0x54, 0x44, 0x34, 0x33, 0x32, 0x21, 0x44, 0x64, 0x54, 0x45,
  0x54, 0x34, 0x54, 0x44, 0x44, 0x44, 0x34, 0x44, 0x34, 0x43, 0x23, 0x32, 0x65, 0x45, 0x44, 0x54, 0x44, 0x44, 0x44, 0x44, 0x43, 0x44, 0x44, 0x43,
  0x44, 0x44, 0x44, 0x32, 0x32, 0x26, 0x54, 0x56, 0x53, 0x44, 0x43, 0x44, 0x44, 0x44, 0x44, 0x44, 0x34, 0x44, 0x44, 0x44, 0x32, 0x33, 0x22, 0x25,
  0x55, 0x54, 0x34, 0x43, 0x44, 0x44, 0x44, 0x44, 0x45, 0x43, 0x54, 0x44, 0x53, 0x23, 0x23, 0x26, 0x55, 0x44, 0x56, 0x53, 0x43, 0x44, 0xd4, 0x44,
  0x34, 0x44, 0x44, 0x44, 0x44, 0x33, 0x34, 0x22, 0x32, 0x11, 0x45, 0x46, 0x53, 0x44, 0x34, 0x44, 0x44, 0x44, 0x44, 0x44, 0x44, 0x43, 0x43, 0x44,
  0x22, 0x33, 0x25, 0x54, 0x65, 0x54, 0x44, 0xd4, 0x34, 0x44, 0x44, 0x44, 0x5d, 0x45, 0x44, 0x44, 0x34, 0x33, 0x33, 0x11, 0x11, 0x66, 0x64, 0x45,
  0x44, 0x43, 0x44, 0x54, 0x44, 0x44, 0x43, 0x44, 0x44, 0x54, 0x33, 0x32, 0x46, 0x45, 0x55, 0x55, 0x44, 0x34, 0x34, 0x33, 0x45, 0x45, 0x44, 0x43,
  0x44, 0x44, 0x44, 0x32, 0x33, 0x21, 0x24, 0x64, 0x43, 0x44, 0x44, 0x34, 0x44, 0x44, 0xd4, 0x53, 0x45, 0x44, 0x44, 0x44, 0x23, 0x23, 0x26, 0x44,
  0x55, 0x44, 0x34, 0x34, 0x45, 0x44, 0x44, 0x34, 0x44, 0x44, 0x44, 0x44, 0x33, 0x33, 0x22, 0x14, 0x54, 0x55, 0x44, 0x63, 0x44, 0x44, 0x43, 0x54,
  0x34, 0x44, 0x44, 0x44, 0x34, 0x43, 0x44, 0x22, 0x23, 0x11, 0x55, 0x55, 0x44, 0x54, 0x34, 0x35, 0x34, 0x44, 0x44, 0x33, 0x43, 0x45, 0x44, 0x44,
  0x32, 0x33, 0x15, 0x54, 0x44, 0x44, 0x54, 0x44, 0x34, 0x44, 0x34, 0x44, 0x43, 0x44, 0x34, 0x44, 0x44, 0x33, 0x22, 0x22, 0x21, 0x56, 0x64, 0x44,
  0x44, 0x34, 0x54, 0x44, 0x54, 0x44, 0x44, 0x44, 0x44, 0x44, 0x22, 0x22, 0x65, 0x54, 0x66, 0x64, 0x34, 0x54, 0x44, 0x44, 0x44, 0x34, 0x44, 0x44,
  0x43, 0x44, 0x44, 0x32, 0x33, 0x22, 0x16, 0x54, 0x54, 0x44, 0x44, 0x43, 0x44, 0x44, 0x34, 0x44, 0x44, 0x45, 0x34, 0x44, 0x33, 0x23, 0x24, 0x56,
  0x55, 0x63, 0x43, 0x44, 0x43, 0x45, 0x43, 0x34, 0x45, 0x44, 0x54, 0x45, 0x44, 0x33, 0x33, 0x15, 0x45, 0x54, 0x55, 0x44, 0x45, 0x43, 0x53, 0x34,
  0x44, 0x43, 0x34, 0x43, 0x54, 0x44, 0x44, 0x33, 0x23, 0x21, 0x55, 0x66, 0x64, 0x54, 0x43, 0x44, 0x44, 0x35, 0x34, 0x44, 0x53, 0x44, 0x43, 0x44,
  0x22, 0x23, 0x15, 0x56, 0x64, 0x53, 0x43, 0x43, 0x33, 0x45, 0x44, 0x44, 0x44, 0x44, 0x45, 0x54, 0x54, 0x33, 0x32, 0x11, 0x22, 0x56, 0x53, 0x44,
  0x34, 0x44, 0x44, 0x44, 0x43, 0x43, 0x54, 0x44, 0x35, 0x43, 0x23, 0x33, 0x45, 0x46, 0x56, 0x54, 0x43, 0x44, 0x55, 0x45, 0x34, 0x44, 0x34, 0x44,
  0x44, 0x44, 0x44, 0x33, 0x32, 0x21, 0x25, 0x54, 0x64, 0x44, 0x54, 0x43, 0x44, 0x35, 0x43, 0x44, 0x34, 0x34, 0x44, 0x44, 0x32, 0x23, 0x24, 0x55,
  0x55, 0x54, 0x44, 0x45, 0x45, 0x34, 0x54, 0x45, 0x43, 0x54, 0x44, 0x43, 0x44, 0x32, 0x23, 0x14, 0x14, 0x46, 0x66, 0x44, 0x34, 0x55, 0x33, 0x44,
  0x54, 0x33, 0x44, 0x34, 0x44, 0x54, 0x44, 0x22, 0x21, 0x11, 0x45, 0x44, 0x53, 0x45, 0x34, 0x33, 0x45, 0x35, 0x44, 0x34, 0x55, 0x44, 0x43, 0x44,
  0x32, 0x32, 0x16, 0x66, 0x65, 0x64, 0x44, 0x43, 0x45, 0x43, 0x45, 0x34, 0x44, 0x44, 0x44, 0x44, 0x43, 0x32, 0x31, 0x12, 0x21, 0x55, 0x45, 0x44,
  0x34, 0x43, 0x43, 0x43, 0x44, 0x44, 0x55, 0x44, 0x44, 0x34, 0x33, 0x32, 0x15, 0x54, 0x54, 0x54, 0x44, 0x43, 0x54, 0x44, 0x44, 0x44, 0x54, 0x44,
  0x54, 0x53, 0x45, 0x22, 0x32, 0x21, 0x26, 0x66, 0x54, 0x44, 0x44, 0x45, 0x44, 0x44, 0x44, 0x43, 0x44, 0x44, 0x44, 0x34, 0x32, 0x31, 0x15, 0x66,
  0x54, 0x64, 0x44, 0x44, 0x34, 0x44, 0x44, 0x44, 0x43, 0x34, 0x44, 0x45, 0x44, 0x33, 0x32, 0x25, 0x22, 0x45, 0x56, 0x64, 0x45, 0x44, 0x44, 0x44,
  0x43, 0x43, 0x54, 0x34, 0x53, 0x44, 0x44, 0x22, 0x12, 0x12, 0x55, 0x55, 0x54, 0x44, 0x44, 0x44, 0x43, 0x45, 0x44, 0x33, 0x44, 0x53, 0x44, 0x4d,
  0x33, 0x11, 0x21, 0x45, 0x45, 0x65, 0x55, 0x34, 0x44, 0x34, 0x44, 0x43, 0x44, 0x44, 0x43, 0x44, 0xd3, 0x32, 0x11, 0x12, 0x14, 0x56, 0x64, 0x44,
  0x44, 0x44, 0x43, 0x54, 0x44, 0x44, 0x43, 0x43, 0x34, 0x44, 0x33, 0x21, 0x11, 0x65, 0x45, 0x55, 0x44, 0x34, 0x45, 0x45, 0x44, 0x34, 0x44, 0x43,
  0x34, 0xd5, 0x44, 0x33, 0x11, 0x21, 0x26, 0x55, 0x64, 0x44, 0x44, 0x44, 0x44, 0x43, 0x43, 0x45, 0x54, 0x44, 0x44, 0x44, 0x32, 0x12, 0x21, 0x54,
  0x44, 0x44, 0x44, 0x44, 0x54, 0x44, 0x44, 0x44, 0x44, 0x44, 0x44, 0x43, 0x43, 0x32, 0x11, 0x11, 0x21, 0x14, 0x66, 0x53, 0x54, 0x43, 0x44, 0x44,
  0x54, 0x54, 0x44, 0x54, 0x33, 0x54, 0x3d, 0x31, 0x11, 0x11, 0x26, 0x45, 0x65, 0x44, 0x33, 0x34, 0x44, 0x54, 0x43, 0x44, 0x54, 0x44, 0x55, 0x34,
  0x32, 0x11, 0x21, 0x15, 0x54, 0x44, 0x45, 0x34, 0x44, 0x44, 0x54, 0x44, 0x33, 0x44, 0x44, 0x43, 0x44, 0x31, 0x21, 0x22, 0x25, 0x56, 0x54, 0x55,
  0x45, 0x44, 0x44, 0x44, 0x54, 0x44, 0x44, 0x44, 0x44, 0x44, 0x21, 0x12, 0x21, 0x15, 0x54, 0x44, 0x45, 0x44, 0x43, 0xd4, 0x34, 0x44, 0x44, 0x54,
  0x44, 0x33, 0x43, 0x22, 0x21, 0x11, 0x15, 0x54, 0x54, 0x45, 0x44, 0x45, 0x34, 0x44, 0x54, 0x44, 0x44, 0x44, 0x44, 0x33, 0x31, 0x22, 0x21, 0x24,
  0x46, 0x54, 0x55, 0x44, 0x44, 0x44, 0x43, 0x44, 0x34, 0x34, 0x44, 0x43, 0x44, 0x31, 0x11, 0x21, 0x12, 0x22, 0x54, 0x63, 0x22, 0x23, 0x32, 0x22,
  0x33, 0x23, 0x23, 0x32, 0x32, 0x33, 0x22, 0x11, 0x11, 0x11, 0x12, 0x55, 0x62, 0x23, 0x23, 0x23, 0x32, 0x33, 0x32, 0x22, 0x22, 0x23, 0x23, 0x23,
  0x11, 0x22, 0x11, 0x21, 0x66, 0x43, 0x22, 0x33, 0x33, 0x22, 0x23, 0x33, 0x32, 0x33, 0x32, 0x22, 0x23, 0x11, 0x22, 0x11, 0x22, 0x55, 0x42, 0x32,
  0x23, 0x23, 0x33, 0x23, 0x33, 0x22, 0x32, 0x32, 0x23, 0x23, 0x22, 0x21, 0x22, 0x11, 0x46, 0x43, 0x22, 0x22, 0x23, 0x22, 0x33, 0x33, 0x23, 0x23,
  0x33, 0x32, 0x23, 0x21, 0x11, 0x22, 0x21, 0x54, 0x62, 0x22, 0x23, 0x32, 0x33, 0x32, 0x33, 0x23, 0x22, 0x23, 0x22, 0x22, 0x22, 0x12, 0x22, 0x11,
  0x65, 0x53, 0x32, 0x33, 0x23, 0x23, 0x22, 0x23, 0x23, 0x33, 0x32, 0x23, 0x32, 0x22, 0x22, 0x12, 0x22, 0x11, 0x15, 0x53, 0x32, 0x22, 0x22, 0x23,
  0x22, 0x22, 0x33, 0x23, 0x23, 0x33, 0x21, 0x21, 0x22, 0x11, 0x21, 0x14, 0x42, 0x33, 0x23, 0x32, 0x33, 0x22, 0x33, 0x23, 0x33, 0x23, 0x23, 0x31,
  0x11, 0x22, 0x12, 0x22, 0x16, 0x62, 0x33, 0x22, 0x33, 0x33, 0x33, 0x22, 0x33, 0x32, 0x33, 0x32, 0x21, 0x11, 0x21, 0x11, 0x11, 0x15, 0x63, 0x33,
  0x22, 0x33, 0x23, 0x32, 0x32, 0x33, 0x23, 0x33, 0x33, 0x21, 0x11, 0x12, 0x21, 0x12, 0x16, 0x42, 0x22, 0x32, 0x33, 0x22, 0x22, 0x32, 0x23, 0x33,
  0x32, 0x32, 0x32, 0x21, 0x22, 0x11, 0x11, 0x15, 0x42, 0x33, 0x23, 0x33, 0x33, 0x33, 0x23, 0x32, 0x33, 0x33, 0x33, 0x21, 0x12, 0x21, 0x12, 0x21,
  0x25, 0x53, 0x23, 0x33, 0x33, 0x32, 0x33, 0x32, 0x23, 0x33, 0x22, 0x32, 0x21, 0x12, 0x12, 0x12, 0x11, 0x12, 0x11, 0x53, 0x32, 0x32, 0x32, 0x22,
  0x33, 0x32, 0x33, 0x23, 0x32, 0x22, 0x21, 0x11, 0x21, 0x12, 0x22, 0x12, 0x62, 0x33, 0x22, 0x22, 0x32, 0x32, 0x23, 0x22, 0x23, 0x33, 0x32, 0x22,
  0x21, 0x11, 0x22, 0x11, 0x21, 0x43, 0x23, 0x22, 0x33, 0x22, 0x32, 0x22, 0x33, 0x32, 0x23, 0x22, 0x12, 0x11, 0x12, 0x22, 0x22, 0x11, 0x42, 0x33,
  0x33, 0x33, 0x32, 0x32, 0x33, 0x33, 0x23, 0x33, 0x23, 0x11, 0x11, 0x22, 0x12, 0x12, 0x22, 0x63, 0x33, 0x32, 0x23, 0x32, 0x23, 0x33, 0x22, 0x32,
  0x22, 0x33, 0x11, 0x11, 0x11, 0x21, 0x11, 0x22, 0x52, 0x33, 0x32, 0x32, 0x32, 0x22, 0x33, 0x32, 0x33, 0x22, 0x33, 0x11, 0x21, 0x11, 0x11, 0x12,
  0x11, 0x62, 0x22, 0x22, 0x23, 0x33, 0x23, 0x33, 0x23, 0x32, 0x23, 0x32, 0x21, 0x22, 0x11, 0x11, 0x11, 0x12, 0x21, 0x13, 0x22, 0x33, 0x32, 0x23,
  0x22, 0x33, 0x22, 0x22, 0x22, 0x32, 0x21, 0x12, 0x21, 0x11, 0x12, 0x12, 0x12, 0x22, 0x23, 0x23, 0x33, 0x33, 0x32, 0x23, 0x32, 0x32, 0x31, 0x12,
  0x11, 0x21, 0x21, 0x11, 0x12, 0x13, 0x32, 0x33, 0x32, 0x32, 0x33, 0x23, 0x23, 0x32, 0x23, 0x21, 0x21, 0x21, 0x11, 0x22, 0x21, 0x21, 0x12, 0x33,
  0x32, 0x23, 0x32, 0x33, 0x33, 0x23, 0x33, 0x22, 0x31, 0x21, 0x12, 0x11, 0x21, 0x12, 0x11, 0x23, 0x33, 0x33, 0x23, 0x33, 0x33, 0x22, 0x22, 0x32,
  0x23, 0x21, 0x11, 0x12, 0x11, 0x12, 0x12, 0x22, 0x22, 0x33, 0x32, 0x32, 0x33, 0x23, 0x23, 0x32, 0x22, 0x33, 0x22, 0x11, 0x21, 0x21, 0x21, 0x11,
  0x11, 0x22, 0x33, 0x23, 0x33, 0x22, 0x33, 0x23, 0x22, 0x33, 0x33, 0x21, 0x11, 0x21, 0x12, 0x12, 0x22, 0x21, 0x12, 0x21, 0x12, 0x21, 0x21, 0x11,
  0x12, 0x12, 0x12, 0x21, 0x55, 0x56, 0x22, 0x11, 0x65, 0x56, 0x46, 0x65, 0x55, 0x66, 0x11, 0x12, 0x11, 0x11, 0x22, 0x22, 0x12, 0x21, 0x22, 0x11,
  0x22, 0x11, 0x22, 0x12, 0x12, 0x11, 0x21, 0x11, 0x11, 0x11, 0x12, 0x12, 0x11, 0x11, 0x21, 0x21, 0x54, 0x45, 0x54, 0x44, 0x65, 0x66, 0x54, 0x55,
  0x12, 0x11, 0x12, 0x21, 0x12, 0x12, 0x21, 0x11, 0x21, 0x11, 0x21, 0x21, 0x21, 0x11, 0x21, 0x11, 0x21, 0x11, 0x12, 0x11, 0x21, 0x21, 0x11, 0x21,
  0x12, 0x11, 0x22, 0x11, 0x22, 0x21, 0x66, 0x65, 0x54, 0x45, 0x21, 0x21, 0x12, 0x11, 0x21, 0x22, 0x12, 0x12, 0x22, 0x11, 0x22, 0x12, 0x11, 0x21,
  0x11, 0x11, 0x21, 0x11, 0x21, 0x11, 0x22, 0x21, 0x21, 0x12, 0x21, 0x11, 0x12, 0x11, 0x12, 0x21, 0x11, 0x11, 0x21, 0x12, 0x12, 0x12, 0x11, 0x12,
  0x21, 0x22, 0x21, 0x26, 0x64, 0x54, 0x45, 0x46, 0x45, 0x54, 0x45, 0x65, 0x54, 0x54, 0x52, 0x11, 0x21, 0x21, 0x21, 0x11, 0x11, 0x12, 0x12, 0x21,
  0x12, 0x22, 0x11, 0x11, 0x22, 0x21, 0x22, 0x21, 0x21, 0x22, 0x21, 0x21, 0x21, 0x16, 0x45, 0x55, 0x55, 0x65, 0x55, 0x46, 0x54, 0x55, 0x55, 0x55,
  0x42, 0x11, 0x11, 0x11, 0x21, 0x12, 0x22, 0x11, 0x65, 0x56, 0x11, 0x21, 0x11, 0x21, 0x21, 0x12, 0x56, 0x41, 0x12, 0x21, 0x11, 0x11, 0x21, 0x25,
  0x65, 0x54, 0x21, 0x22, 0x12, 0x21, 0x46, 0x55, 0x44, 0x55, 0x61, 0x21, 0x22, 0x22, 0x21, 0x11, 0x11, 0x11, 0x22, 0x21, 0x21, 0x21, 0x11, 0x11,
  0x11, 0x12, 0x12, 0x21, 0x21, 0x22, 0x12, 0x11, 0x12, 0x11, 0x11, 0x11, 0x11, 0x11, 0x11, 0x21, 0x56, 0x55, 0x65, 0x55, 0x12, 0x11, 0x21, 0x12,
  0x11, 0x12, 0x12, 0x64, 0x65, 0x56, 0x45, 0x45, 0x64, 0x64, 0x55, 0x56, 0x44, 0x54, 0x65, 0x22, 0x12, 0x11, 0x11, 0x22, 0x21, 0x21, 0x22, 0x21,
  0x11, 0x22, 0x11, 0x22, 0x12, 0x22, 0x21, 0x12, 0x11, 0x12, 0x12, 0x21, 0x12, 0x45, 0x54, 0x56, 0x46, 0x54, 0x44, 0x56, 0x56, 0x56, 0x55, 0x45,
  0x54, 0x11, 0x12, 0x12, 0x21, 0x11, 0x11, 0x22, 0x54, 0x45, 0x11, 0x22, 0x65, 0x65, 0x12, 0x12, 0x64, 0x45, 0x21, 0x22, 0x21, 0x12, 0x12, 0x65,
  0x66, 0x65, 0x65, 0x54, 0x45, 0x65, 0x55, 0x56, 0x55, 0x45, 0x44, 0x22, 0x22, 0x22, 0x22, 0x12, 0x21, 0x22, 0x22, 0x11, 0x21, 0x12, 0x22, 0x21,
  0x22, 0x11, 0x22, 0x21, 0x11, 0x22, 0x21, 0x11, 0x12, 0x12, 0x11, 0x12, 0x12, 0x12, 0x11, 0x12, 0x45, 0x45, 0x66, 0x45, 0x21, 0x22, 0x51, 0x12,
  0x12, 0x21, 0x16, 0x56, 0x45, 0x56, 0x65, 0x64, 0x64, 0x45, 0x54, 0x55, 0x45, 0x45, 0x56, 0x52, 0x12, 0x11, 0x21, 0x24, 0x11, 0x21, 0x64, 0x54,
  0x11, 0x11, 0x12, 0x11, 0x21, 0x22, 0x65, 0x65, 0x52, 0x22, 0x11, 0x22, 0x15, 0x56, 0x45, 0x66, 0x66, 0x55, 0x45, 0x46, 0x54, 0x44, 0x54, 0x54,
  0x45, 0x41, 0x11, 0x12, 0x22, 0x16, 0x54, 0x56, 0x46, 0x56, 0x65, 0x45, 0x66, 0x45, 0x55, 0x55, 0x65, 0x46, 0x51, 0x12, 0x22, 0x21, 0x15, 0x56,
  0x55, 0x54, 0x45, 0x65, 0x56, 0x56, 0x64, 0x46, 0x46, 0x55, 0x45, 0x52, 0x22, 0x21, 0x12, 0x21, 0x12, 0x11, 0x12, 0x21, 0x12, 0x21, 0x45, 0x55,
  0x11, 0x22, 0x11, 0x11, 0x12, 0x12, 0x21, 0x12, 0x25, 0x54, 0x21, 0x11, 0x22, 0x22, 0x12, 0x21, 0x55, 0x45, 0x46, 0x65, 0x46, 0x65, 0x64, 0x22,
  0x22, 0x12, 0x45, 0x45, 0x56, 0x64, 0x54, 0x46, 0x55, 0x46, 0x56, 0x56, 0x45, 0x65, 0x64, 0x65, 0x11, 0x11, 0x11, 0x64, 0x11, 0x21, 0x66, 0x54,
  0x55, 0x55, 0x66, 0x64, 0x44, 0x66, 0x55, 0x56, 0x45, 0x22, 0x21, 0x21, 0x66, 0x45, 0x45, 0x46, 0x55, 0x45, 0x55, 0x54, 0x55, 0x65, 0x45, 0x55,
  0x65, 0x45, 0x22, 0x22, 0x12, 0x55, 0x45, 0x54, 0x55, 0x55, 0x55, 0x55, 0x45, 0x54, 0x65, 0x55, 0x65, 0x66, 0x65, 0x22, 0x22, 0x12, 0x44, 0x55,
  0x56, 0x65, 0x56, 0x55, 0x65, 0x55, 0x55, 0x65, 0x54, 0x56, 0x64, 0x55, 0x21, 0x21, 0x21, 0x21, 0x11, 0x12, 0x22, 0x12, 0x54, 0x46, 0x54, 0x45,
  0x11, 0x22, 0x64, 0x55, 0x12, 0x11, 0x11, 0x11, 0x64, 0x54, 0x46, 0x45, 0x12, 0x12, 0x45, 0x54, 0x45, 0x54, 0x55, 0x55, 0x55, 0x64, 0x54, 0x52,
  0x11, 0x15, 0x55, 0x64, 0x46, 0x45, 0x44, 0x44, 0x66, 0x55, 0x54, 0x46, 0x54, 0x55, 0x56, 0x55, 0x41, 0x12, 0x16, 0x55, 0x46, 0x56, 0x65, 0x65,
  0x55, 0x56, 0x45, 0x44, 0x56, 0x44, 0x44, 0x45, 0x55, 0x51, 0x11, 0x15, 0x44, 0x65, 0x55, 0x45, 0x55, 0x56, 0x46, 0x46, 0x56, 0x55, 0x56, 0x55,
  0x54, 0x56, 0x52, 0x21, 0x25, 0x45, 0x45, 0x46, 0x64, 0x46, 0x56, 0x55, 0x46, 0x65, 0x46, 0x44, 0x65, 0x54, 0x66, 0x51, 0x22, 0x25, 0x64, 0x55,
  0x56, 0x55, 0x46, 0x45, 0x55, 0x64, 0x55, 0x66, 0x66, 0x55, 0x55, 0x56, 0x51, 0x21, 0x24, 0x56, 0x54, 0x55, 0x55, 0x64, 0x46, 0x66, 0x56, 0x64,
  0x64, 0x66, 0x65, 0x55, 0x45, 0x51, 0x12, 0x26, 0x54, 0x55, 0x54, 0x64, 0x64, 0x46, 0x64, 0x44, 0x54, 0x44, 0x34, 0x44, 0x44, 0x44, 0x42, 0x33,
  0x12, 0x14, 0x55, 0x55, 0x43, 0x44, 0x44, 0x54, 0x43, 0x44, 0x43, 0x45, 0x34, 0x44, 0x44, 0x42, 0x33, 0x21, 0x24, 0x45, 0x66, 0x44, 0x44, 0x43,
  0x54, 0x44, 0x44, 0x43, 0x44, 0x44, 0x43, 0x44, 0x42, 0x33, 0x11, 0x66, 0x46, 0x55, 0x44, 0x34, 0x44, 0x44, 0x44, 0x44, 0x44, 0x44, 0x43, 0x44,
  0x44, 0x43, 0x32, 0x11, 0x55, 0x65, 0x56, 0x45, 0x43, 0x44, 0x44, 0x44, 0x44, 0x44, 0x44, 0x44, 0x34, 0x54, 0x32, 0x32, 0x11, 0x14, 0x56, 0x65,
  0x44, 0x34, 0x44, 0x45, 0x44, 0x44, 0x45, 0x45, 0x34, 0x35, 0x45, 0x33, 0x32, 0x11, 0x56, 0x66, 0x54, 0xd5, 0x43, 0x44, 0x43, 0x34, 0x44, 0x34,
  0x45, 0x44, 0x35, 0x44, 0x52, 0x23, 0x11, 0x12, 0x46, 0x65, 0x44, 0x34, 0x45, 0x44, 0x43, 0x43, 0x44, 0x44, 0x45, 0x43, 0x54, 0x54, 0x43, 0x23,
  0x31, 0x14, 0x44, 0x66, 0x43, 0x45, 0x43, 0x34, 0x44, 0x43, 0x43, 0x43, 0x35, 0x54, 0x45, 0x43, 0x23, 0x21, 0x25, 0x65, 0x46, 0x44, 0x34, 0x34,
  0x34, 0x45, 0x43, 0x44, 0x44, 0x54, 0x53, 0x44, 0x43, 0x32, 0x21, 0x55, 0x65, 0x56, 0x44, 0xd4, 0x34, 0x45, 0x43, 0x43, 0x54, 0x43, 0x45, 0x54,
  0x44, 0x32, 0x22, 0x34, 0x54, 0x65, 0x54, 0x44, 0x44, 0x34, 0x34, 0x34, 0x44, 0x54, 0x44, 0x44, 0x44, 0x44, 0x32, 0x23, 0x31, 0x25, 0x56, 0x45,
  0x44, 0x34, 0x55, 0x44, 0x43, 0x44, 0x53, 0x54, 0x44, 0x43, 0x33, 0x42, 0x22, 0x35, 0x65, 0x45, 0x66, 0x44, 0x43, 0x43, 0x44, 0x34, 0x44, 0x44,
  0x43, 0x44, 0x44, 0x45, 0x43, 0x23, 0x21, 0x21, 0x55, 0x54, 0x43, 0x44, 0x44, 0x44, 0x43, 0x33, 0x44, 0x43, 0x44, 0x44, 0x44, 0x44, 0x43, 0x23,
  0x32, 0x15, 0x55, 0x55, 0x34, 0x44, 0x53, 0x44, 0x44, 0x44, 0x44, 0x44, 0x34, 0x44, 0x44, 0x42, 0x32, 0x31, 0x15, 0x65, 0x56, 0x44, 0x43, 0x44,
  0x44, 0x45, 0x44, 0x44, 0x54, 0x43, 0x34, 0x55, 0x52, 0x23, 0x31, 0x44, 0x64, 0x56, 0x44, 0x44, 0x44, 0x34, 0x44, 0x44, 0x44, 0x44, 0x44, 0x44,
  0x53, 0x33, 0x32, 0x36, 0x65, 0x54, 0x56, 0x44, 0x44, 0x34, 0x44, 0x44, 0x43, 0x44, 0x44, 0x44, 0x44, 0x45, 0x43, 0x22, 0x21, 0x15, 0x45, 0x56,
  0x43, 0x44, 0x44, 0x55, 0x45, 0xd4, 0x43, 0x34, 0x44, 0x34, 0x45, 0x42, 0x23, 0x24, 0x56, 0x45, 0x54, 0x34, 0x44, 0x54, 0x54, 0x4d, 0x44, 0x44,
  0x44, 0x44, 0x44, 0xd4, 0x43, 0x32, 0x31, 0x11, 0x54, 0x66, 0x44, 0x44, 0x44, 0x44, 0x44, 0x43, 0x34, 0x43, 0x44, 0x43, 0x44, 0x43, 0x33, 0x32,
  0x21, 0x15, 0x64, 0x45, 0x44, 0x34, 0x44, 0x54, 0x44, 0x53, 0x44, 0x45, 0x34, 0x34, 0x54, 0x42, 0x23, 0x31, 0x14, 0x64, 0x55, 0x54, 0x54, 0x54,
  0x34, 0x44, 0x44, 0x44, 0x34, 0x44, 0x44, 0x44, 0x32, 0x23, 0x31, 0x44, 0x46, 0x44, 0x44, 0x35, 0x44, 0x45, 0x45, 0x44, 0x44, 0x45, 0x44, 0x44,
  0x44, 0x53, 0x33, 0x35, 0x45, 0x44, 0x54, 0x44, 0x44, 0x44, 0x44, 0x54, 0x54, 0x44, 0x44, 0x44, 0x43, 0x43, 0x42, 0x33, 0x31, 0x25, 0x44, 0x66,
  0x44, 0x34, 0x44, 0x44, 0x44, 0x44, 0x44, 0x44, 0x44, 0x55, 0x45, 0x33, 0x22, 0x25, 0x54, 0x54, 0x65, 0x33, 0x45, 0x33, 0x44, 0x45, 0x44, 0x44,
  0x44, 0x34, 0x4d, 0x54, 0x43, 0x32, 0x21, 0x11, 0x65, 0x56, 0x44, 0x44, 0x44, 0x43, 0x44, 0x44, 0x44, 0x34, 0x45, 0x33, 0x44, 0x43, 0x43, 0x32,
  0x26, 0x54, 0x55, 0x45, 0x44, 0x45, 0x34, 0x44, 0x44, 0x43, 0x34, 0x43, 0x44, 0x44, 0x53, 0x43, 0x32, 0x21, 0x21, 0x26, 0x54, 0x34, 0x45, 0x44,
  0x43, 0x43, 0x44, 0x44, 0x44, 0x53, 0x44, 0x44, 0x53, 0x33, 0x32, 0x26, 0x65, 0x54, 0x34, 0x44, 0x44, 0x44, 0x43, 0xd4, 0x44, 0x44, 0x44, 0x44,
  0x4d, 0x43, 0x23, 0x22, 0x56, 0x55, 0x65, 0x43, 0x44, 0x44, 0x45, 0x44, 0x44, 0x45, 0x44, 0x34, 0x45, 0x45, 0x42, 0x22, 0x25, 0x66, 0x45, 0x54,
  0x44, 0x34, 0x44, 0x44, 0x44, 0x44, 0x44, 0x34, 0x44, 0x33, 0x44, 0x42, 0x23, 0x31, 0x55, 0x54, 0x56, 0x44, 0x35, 0x43, 0x45, 0x44, 0x44, 0x44,
  0x44, 0x44, 0x44, 0x44, 0x43, 0x33, 0x31, 0x12, 0x25, 0x55, 0x44, 0x44, 0x44, 0xd4, 0x44, 0x43, 0x43, 0x44, 0x44, 0x45, 0x44, 0x44, 0x52, 0x33,
  0x36, 0x55, 0x44, 0x44, 0x44, 0x44, 0x44, 0x43, 0x45, 0x34, 0x44, 0x44, 0x44, 0x44, 0x44, 0x42, 0x32, 0x21, 0x22, 0x14, 0x65, 0x35, 0x43, 0x34,
  0x44, 0x44, 0x44, 0x44, 0x44, 0x54, 0x54, 0x44, 0x42, 0x33, 0x21, 0x24, 0x65, 0x45, 0x44, 0x44, 0x44, 0x44, 0x44, 0x44, 0x43, 0x44, 0x44, 0x44,
  0xd4, 0x52, 0x32, 0x21, 0x54, 0x45, 0x54, 0x44, 0x44, 0x44, 0x34, 0x44, 0x54, 0x44, 0x44, 0x35, 0x44, 0x44, 0x42, 0x33, 0x34, 0x55, 0x54, 0x54,
  0x45, 0x44, 0x44, 0x45, 0x34, 0x44, 0x44, 0x54, 0x44, 0x44, 0x43, 0x43, 0x23, 0x22, 0x46, 0x54, 0x55, 0x44, 0x44, 0x44, 0x44, 0x54, 0x44, 0x44,
  0x44, 0x44, 0x44, 0x44, 0x42, 0x23, 0x22, 0x21, 0x26, 0x65, 0x33, 0x44, 0x4d, 0x34, 0x44, 0x34, 0x44, 0x44, 0x43, 0x44, 0x43, 0x44, 0x53, 0x33,
  0x35, 0x54, 0x45, 0x64, 0x54, 0x45, 0x44, 0x45, 0x34, 0x45, 0x44, 0x44, 0x44, 0x44, 0x44, 0x42, 0x23, 0x31, 0x11, 0x16, 0x65, 0x45, 0x44, 0x44,
  0x35, 0x44, 0x44, 0x44, 0x35, 0x34, 0x34, 0x44, 0x43, 0x33, 0x21, 0x14, 0x56, 0x55, 0x54, 0x44, 0x44, 0x54, 0x43, 0x43, 0x33, 0x44, 0x44, 0x34,
  0x43, 0x42, 0x33, 0x22, 0x46, 0x55, 0x55, 0x43, 0x44, 0x53, 0x43, 0x44, 0x44, 0x44, 0x44, 0x44, 0x44, 0x44, 0x32, 0x23, 0x35, 0x55, 0x65, 0x55,
  0x34, 0x45, 0x43, 0x45, 0x35, 0x44, 0x44, 0x34, 0x4d, 0x44, 0x44, 0x33, 0x33, 0x31, 0x55, 0x55, 0x56, 0x44, 0x44, 0x45, 0x44, 0x55, 0x44, 0x54,
  0x44, 0x44, 0x44, 0x54, 0x42, 0x23, 0x31, 0x21, 0x15, 0x55, 0x35, 0x54, 0xd3, 0x44, 0x44, 0x43, 0x33, 0x44, 0x44, 0x34, 0x44, 0x44, 0x43, 0x32,
  0x34, 0x45, 0x66, 0x45, 0x44, 0x44, 0x33, 0x34, 0x43, 0x45, 0x44, 0x55, 0x34, 0x45, 0x44, 0x43, 0x33, 0x21, 0x11, 0x24, 0x54, 0x54, 0x44, 0x44,
  0x54, 0x44, 0x44, 0x34, 0x45, 0x43, 0x45, 0x54, 0x42, 0x22, 0x31, 0x24, 0x46, 0x64, 0x45, 0x43, 0x34, 0x4d, 0x54, 0x43, 0x43, 0x45, 0x54, 0x54,
  0x34, 0x53, 0x23, 0x32, 0x56, 0x54, 0x55, 0x44, 0x44, 0x34, 0x34, 0x45, 0x54, 0x35, 0x54, 0x43, 0x43, 0x43, 0x43, 0x32, 0x35, 0x55, 0x55, 0x54,
  0x43, 0x44, 0x44, 0x44, 0x45, 0x44, 0x44, 0x43, 0x44, 0x43, 0x44, 0x43, 0x33, 0x21, 0x45, 0x45, 0x54, 0x44, 0x43, 0xd4, 0x34, 0x54, 0x54, 0x44,
  0x4d, 0x44, 0x43, 0x43, 0x42, 0x33, 0x31, 0x11, 0x15, 0x64, 0x34, 0x44, 0x44, 0x44, 0x44, 0x44, 0x44, 0x43, 0x45, 0x43, 0x43, 0x44, 0x33, 0x22,
  0x31, 0x15, 0x45, 0x45, 0x44, 0x45, 0x44, 0x44, 0x34, 0x44, 0x44, 0x44, 0x43, 0x44, 0x43, 0x43, 0x32, 0x31, 0x11, 0x55, 0x46, 0x44, 0x44, 0x54,
  0x43, 0x44, 0x43, 0x44, 0x54, 0x33, 0x44, 0x44, 0x43, 0x32, 0x21, 0x24, 0x56, 0x54, 0x34, 0x44, 0x43, 0x43, 0x54, 0x44, 0x44, 0x44, 0x34, 0x44,
  0x44, 0x43, 0x23, 0x21, 0x46, 0x64, 0x56, 0x34, 0x53, 0x44, 0x44, 0x43, 0x44, 0x45, 0x34, 0x45, 0x43, 0x34, 0x43, 0x33, 0x36, 0x55, 0x55, 0x56,
  0x54, 0x44, 0x45, 0x45, 0x34, 0x44, 0x54, 0x44, 0x45, 0x34, 0x45, 0x32, 0x22, 0x26, 0x45, 0x66, 0x56, 0x44, 0x44, 0x44, 0x44, 0x43, 0x45, 0x43,
  0x44, 0x34, 0x44, 0x35, 0x42, 0x33, 0x22, 0x12, 0x55, 0x44, 0x34, 0x43, 0x44, 0x54, 0x44, 0x33, 0x54, 0x34, 0x54, 0x34, 0x44, 0x43, 0x43, 0x33,
  0x31, 0x24, 0x54, 0x66, 0x44, 0x44, 0x44, 0x4d, 0x44, 0x44, 0x44, 0x54, 0x44, 0x34, 0x44, 0x43, 0x32, 0x32, 0x22, 0x65, 0x56, 0x44, 0x45, 0x44,
  0x44, 0x44, 0x44, 0x54, 0x44, 0x44, 0x43, 0x44, 0x33, 0x23, 0x32, 0x15, 0x55, 0x55, 0x34, 0x44, 0x44, 0x44, 0x44, 0x44, 0x34, 0x34, 0x43, 0x44,
  0x34, 0x43, 0x33, 0x32, 0x65, 0x64, 0x55, 0x45, 0x44, 0x55, 0x44, 0x43, 0x44, 0x54, 0x44, 0x33, 0x44, 0x43, 0x43, 0x32, 0x35, 0x54, 0x55, 0x44,
  0x44, 0x44, 0x44, 0x54, 0x34, 0x45, 0x54, 0x44, 0x44, 0x44, 0x43, 0x43, 0x33, 0x25, 0x65, 0x45, 0x66, 0x43, 0x44, 0x35, 0x44, 0x44, 0x44, 0x44,
  0x44, 0x53, 0x45, 0x34, 0x42, 0x22, 0x31, 0x12, 0x54, 0x55, 0x43, 0x54, 0x44, 0x44, 0x53, 0x54, 0x44, 0x44, 0x44, 0x44, 0x44, 0x45, 0x32, 0x22,
  0x21, 0x25, 0x56, 0x66, 0x44, 0x44, 0x44, 0x44, 0x35, 0x44, 0x44, 0x44, 0x44, 0x43, 0x44, 0x43, 0x33, 0x31, 0x11, 0x55, 0x55, 0x44, 0x44, 0x44,
  0x43, 0x44, 0x34, 0x44, 0x44, 0x33, 0x34, 0x44, 0x42, 0x32, 0x32, 0x26, 0x65, 0x64, 0x44, 0x44, 0x34, 0x45, 0x43, 0x44, 0x34, 0x43, 0x44, 0x44,
  0x45, 0x52, 0x33, 0x32, 0x45, 0x54, 0x55, 0x44, 0x44, 0x43, 0x44, 0x44, 0x44, 0x44, 0x44, 0x44, 0x44, 0x44, 0x43, 0x32, 0x34, 0x65, 0x45, 0x64,
  0x44, 0x44, 0x44, 0x45, 0x44, 0x44, 0x34, 0x33, 0x54, 0x34, 0x43, 0x43, 0x33, 0x36, 0x54, 0x44, 0x46, 0x54, 0x43, 0x44, 0x44, 0x44, 0x54, 0x53,
  0x34, 0x43, 0x35, 0x44, 0x52, 0x22, 0x31, 0x12, 0x46, 0x55, 0x44, 0x43, 0x43, 0x44, 0x44, 0x35, 0x44, 0x44, 0x54, 0x44, 0x44, 0x44, 0x33, 0x23,
  0x31, 0x16, 0x45, 0x64, 0x44, 0x44, 0x44, 0x44, 0x34, 0x34, 0x34, 0x44, 0x44, 0x44, 0x55, 0x42, 0x22, 0x22, 0x22, 0x55, 0x64, 0x43, 0x45, 0x45,
  0x44, 0x44, 0x55, 0x44, 0x4d, 0x44, 0x54, 0x44, 0x43, 0x22, 0x21, 0x15, 0x54, 0x55, 0x54, 0x35, 0x55, 0x34, 0x45, 0x43, 0x54, 0x44, 0x45, 0x44,
  0x44, 0x42, 0x32, 0x21, 0x65, 0x64, 0x56, 0x43, 0x44, 0x44, 0x44, 0x44, 0x34, 0x44, 0x44, 0x44, 0x43, 0x45, 0x43, 0x23, 0x36, 0x56, 0x45, 0x45,
  0x44, 0x44, 0x44, 0x44, 0x43, 0x45, 0x44, 0x45, 0x44, 0x45, 0x34, 0x53, 0x22, 0x34, 0x64, 0x56, 0x44, 0x43, 0x44, 0x44, 0x34, 0x43, 0x54, 0x44,
  0x44, 0x43, 0x44, 0x34, 0x42, 0x33, 0x31, 0x22, 0x46, 0x55, 0x44, 0x44, 0x34, 0x44, 0x44, 0x34, 0x44, 0x44, 0x54, 0x44, 0x44, 0x44, 0x43, 0x22,
  0x31, 0x65, 0x56, 0x65, 0x44, 0x44, 0x34, 0x43, 0x43, 0x44, 0x44, 0x43, 0x34, 0x45, 0x44, 0x42, 0x23, 0x32, 0x15, 0x55, 0x46, 0x43, 0x54, 0x44,
  0x54, 0x44, 0x44, 0x43, 0x34, 0x45, 0x34, 0x34, 0x32, 0x33, 0x31, 0x56, 0x46, 0x45, 0x45, 0x44, 0x44, 0x45, 0x44, 0x43, 0x54, 0x44, 0x44, 0x44,
  0x45, 0x42, 0x32, 0x21, 0x44, 0x66, 0x54, 0x4d, 0x33, 0x34, 0x34, 0x45, 0x44, 0x44, 0x44, 0x54, 0x43, 0x34, 0x42, 0x23, 0x32, 0x45, 0x65, 0x44,
  0x43, 0x44, 0x44, 0x34, 0x44, 0x44, 0x44, 0x44, 0x34, 0x44, 0x44, 0x42, 0x33, 0x34, 0x55, 0x55, 0x46, 0x44, 0x34, 0x54, 0x44, 0x44, 0x44, 0x44,
  0x54, 0x34, 0x54, 0x34, 0x33, 0x33, 0x21, 0x12, 0x45, 0x65, 0x44, 0x45, 0x34, 0x45, 0x33, 0x44, 0x44, 0x34, 0x44, 0x44, 0x44, 0x44, 0x43, 0x22,
  0x11, 0x66, 0x65, 0x64, 0x35, 0x54, 0x45, 0x43, 0x44, 0x45, 0x44, 0x55, 0x44, 0x44, 0x44, 0x43, 0x22, 0x11, 0x24, 0x46, 0x55, 0x45, 0x44, 0x55,
  0x34, 0x45, 0x44, 0x43, 0x54, 0x43, 0x44, 0x45, 0x32, 0x32, 0x12, 0x55, 0x66, 0x55, 0x44, 0x34, 0x44, 0x44, 0x34, 0x44, 0x34, 0x54, 0x44, 0x43,
  0x44, 0x43, 0x23, 0x22, 0x54, 0x66, 0x54, 0x44, 0x34, 0x43, 0x44, 0x43, 0x44, 0x54, 0x34, 0x44, 0x44, 0x44, 0x42, 0x32, 0x11, 0x56, 0x65, 0x64,
  0x44, 0x54, 0x44, 0x45, 0x43, 0x34, 0x44, 0x44, 0x44, 0x53, 0x54, 0x42, 0x33, 0x11, 0x54, 0x55, 0x44, 0x45, 0x45, 0x44, 0x35, 0x44, 0x43, 0x55,
  0x44, 0x44, 0x44, 0x33, 0x43, 0x33, 0x21, 0x12, 0x55, 0x45, 0x54, 0x44, 0x33, 0x44, 0x44, 0x45, 0x44, 0x35, 0x44, 0x43, 0x34, 0x33, 0x32, 0x22,
  0x21, 0x26, 0x55, 0x64, 0x34, 0x45, 0x34, 0x54, 0x43, 0x45, 0x44, 0x43, 0x44, 0x44, 0x45, 0x43, 0x22, 0x12, 0x24, 0x55, 0x54, 0x44, 0x44, 0x44,
  0x44, 0x44, 0x54, 0x44, 0x44, 0x44, 0x44, 0x34, 0x42, 0x31, 0x22, 0x16, 0x65, 0x56, 0x54, 0x44, 0x43, 0x44, 0x44, 0x34, 0x54, 0x45, 0x43, 0x44,
  0x44, 0x32, 0x21, 0x11, 0x24, 0x55, 0x55, 0x54, 0x44, 0x44, 0x54, 0x44, 0x43, 0x44, 0x54, 0x44, 0x34, 0x44, 0x52, 0x31, 0x21, 0x25, 0x55, 0x55,
  0x44, 0x44, 0x44, 0x44, 0x34, 0x44, 0x44, 0x34, 0x34, 0x54, 0x44, 0x42, 0x31, 0x21, 0x15, 0x54, 0x56, 0x35, 0x44, 0x35, 0x44, 0xd4, 0x43, 0x44,
  0x44, 0x43, 0x44, 0x44, 0x43, 0x31, 0x21, 0x22, 0x44, 0x45, 0x53, 0x44, 0x44, 0x43, 0x43, 0x45, 0x45, 0x45, 0x44, 0x44, 0x44, 0x43, 0x43, 0x12,
  0x22, 0x21, 0x65, 0x66, 0x34, 0x44, 0x44, 0x34, 0x44, 0x44, 0x54, 0x44, 0x44, 0x54, 0x54, 0x53, 0x11, 0x22, 0x12, 0x45, 0x45, 0x44, 0x44, 0x44,
  0x44, 0x44, 0x35, 0x44, 0x55, 0x44, 0x54, 0x54, 0x42, 0x11, 0x22, 0x22, 0x55, 0x55, 0x44, 0x44, 0x44, 0x34, 0x45, 0x44, 0x33, 0x34, 0x44, 0x45,
  0x35, 0x43, 0x22, 0x21, 0x21, 0x66, 0x44, 0x44, 0x44, 0x54, 0x34, 0x34, 0x44, 0x43, 0x45, 0x44, 0x44, 0x34, 0x42, 0x21, 0x12, 0x21, 0x65, 0x55,
  0x54, 0x44, 0x44, 0x44, 0x45, 0x43, 0x44, 0x44, 0x34, 0x44, 0x44, 0x43, 0x11, 0x11, 0x11, 0x56, 0x46, 0x34, 0x44, 0x45, 0x44, 0x44, 0x44, 0x44,
  0x55, 0x54, 0x55, 0x44, 0x52, 0x12, 0x12, 0x22, 0x45, 0x65, 0x45, 0x44, 0x35, 0x45, 0x54, 0x43, 0x22, 0x22, 0x33, 0x33, 0x23, 0x32, 0x32, 0x12,
  0x22, 0x12, 0x14, 0x44, 0x23, 0x22, 0x22, 0x33, 0x23, 0x33, 0x33, 0x33, 0x23, 0x22, 0x23, 0x31, 0x12, 0x21, 0x11, 0x24, 0x55, 0x32, 0x23, 0x33,
  0x22, 0x33, 0x33, 0x23, 0x32, 0x23, 0x32, 0x22, 0x31, 0x11, 0x11, 0x11, 0x15, 0x65, 0x33, 0x32, 0x23, 0x33, 0x33, 0x23, 0x22, 0x22, 0x33, 0x32,
  0x23, 0x31, 0x21, 0x21, 0x21, 0x16, 0x56, 0x22, 0x22, 0x33, 0x22, 0x33, 0x32, 0x22, 0x33, 0x22, 0x33, 0x22, 0x32, 0x11, 0x22, 0x12, 0x15, 0x45,
  0x22, 0x33, 0x22, 0x22, 0x32, 0x33, 0x33, 0x23, 0x23, 0x22, 0x22, 0x31, 0x12, 0x22, 0x11, 0x14, 0x46, 0x32, 0x32, 0x22, 0x33, 0x33, 0x23, 0x32,
  0x33, 0x23, 0x33, 0x22, 0x31, 0x22, 0x21, 0x22, 0x24, 0x65, 0x33, 0x33, 0x22, 0x23, 0x33, 0x33, 0x23, 0x33, 0x23, 0x22, 0x23, 0x23, 0x21, 0x11,
  0x12, 0x22, 0x21, 0x56, 0x33, 0x32, 0x32, 0x32, 0x32, 0x23, 0x23, 0x32, 0x33, 0x33, 0x23, 0x22, 0x12, 0x21, 0x12, 0x22, 0x54, 0x23, 0x32, 0x32,
  0x33, 0x33, 0x33, 0x23, 0x23, 0x33, 0x22, 0x22, 0x22, 0x11, 0x11, 0x11, 0x11, 0x55, 0x22, 0x33, 0x33, 0x23, 0x33, 0x22, 0x33, 0x33, 0x33, 0x22,
  0x32, 0x21, 0x11, 0x11, 0x21, 0x12, 0x55, 0x33, 0x32, 0x33, 0x32, 0x22, 0x33, 0x33, 0x22, 0x23, 0x32, 0x22, 0x11, 0x11, 0x22, 0x11, 0x11, 0x46,
  0x33, 0x32, 0x32, 0x23, 0x22, 0x33, 0x33, 0x33, 0x32, 0x32, 0x23, 0x22, 0x12, 0x11, 0x11, 0x11, 0x54, 0x33, 0x32, 0x32, 0x33, 0x33, 0x33, 0x22,
  0x33, 0x22, 0x33, 0x33, 0x22, 0x12, 0x21, 0x21, 0x12, 0x54, 0x32, 0x32, 0x33, 0x33, 0x22, 0x23, 0x32, 0x33, 0x33, 0x23, 0x33, 0x22, 0x11, 0x21,
  0x21, 0x12, 0x22, 0x26, 0x22, 0x22, 0x32, 0x33, 0x23, 0x23, 0x23, 0x33, 0x33, 0x33, 0x31, 0x12, 0x11, 0x11, 0x21, 0x12, 0x16, 0x23, 0x22, 0x32,
  0x32, 0x22, 0x33, 0x22, 0x33, 0x33, 0x33, 0x31, 0x22, 0x21, 0x21, 0x22, 0x12, 0x15, 0x33, 0x32, 0x32, 0x32, 0x33, 0x22, 0x32, 0x23, 0x32, 0x33,
  0x32, 0x11, 0x11, 0x12, 0x11, 0x11, 0x25, 0x23, 0x33, 0x33, 0x22, 0x32, 0x33, 0x32, 0x33, 0x33, 0x23, 0x21, 0x11, 0x21, 0x21, 0x11, 0x22, 0x24,
  0x33, 0x22, 0x33, 0x33, 0x23, 0x23, 0x32, 0x33, 0x32, 0x33, 0x32, 0x11, 0x11, 0x11, 0x21, 0x11, 0x25, 0x33, 0x32, 0x22, 0x33, 0x23, 0x33, 0x22,
  0x32, 0x32, 0x33, 0x21, 0x11, 0x21, 0x11, 0x12, 0x11, 0x16, 0x22, 0x33, 0x33, 0x33, 0x33, 0x33, 0x33, 0x32, 0x23, 0x32, 0x33, 0x12, 0x21, 0x12,
  0x21, 0x21, 0x12, 0x11, 0x32, 0x22, 0x23, 0x23, 0x33, 0x22, 0x33, 0x33, 0x32, 0x32, 0x21, 0x11, 0x21, 0x22, 0x22, 0x22, 0x11, 0x23, 0x22, 0x22,
  0x22, 0x33, 0x23, 0x23, 0x22, 0x32, 0x22, 0x12, 0x11, 0x12, 0x12, 0x22, 0x21, 0x12, 0x33, 0x22, 0x33, 0x22, 0x33, 0x22, 0x33, 0x33, 0x33, 0x22,
  0x21, 0x22, 0x22, 0x21, 0x12, 0x21, 0x11, 0x22, 0x33, 0x32, 0x22, 0x33, 0x33, 0x33, 0x33, 0x23, 0x22, 0x11, 0x12, 0x22, 0x12, 0x11, 0x22, 0x11,
  0x32, 0x33, 0x22, 0x23, 0x22, 0x33, 0x32, 0x22, 0x23, 0x32, 0x21, 0x11, 0x22, 0x11, 0x22, 0x21, 0x22, 0x33, 0x23, 0x32, 0x22, 0x23, 0x23, 0x23,
  0x22, 0x23, 0x33, 0x11, 0x21, 0x11, 0x12, 0x21, 0x21, 0x21, 0x33, 0x32, 0x23, 0x33, 0x23, 0x22, 0x12, 0x11, 0x21, 0x12, 0x65, 0x46, 0x54, 0x54,
  0x45, 0x55, 0x66, 0x55, 0x21, 0x21, 0x11, 0x22, 0x21, 0x11, 0x11, 0x11, 0x11, 0x22, 0x21, 0x22, 0x12, 0x21, 0x22, 0x21, 0x21, 0x11, 0x21, 0x22,
  0x11, 0x11, 0x11, 0x12, 0x22, 0x15, 0x65, 0x55, 0x21, 0x21, 0x54, 0x65, 0x45, 0x54, 0x54, 0x51, 0x11, 0x21, 0x21, 0x21, 0x21, 0x12, 0x12, 0x21,
  0x21, 0x22, 0x22, 0x21, 0x21, 0x12, 0x22, 0x11, 0x11, 0x21, 0x21, 0x22, 0x22, 0x21, 0x11, 0x12, 0x22, 0x21, 0x21, 0x11, 0x21, 0x11, 0x21, 0x11,
  0x12, 0x11, 0x11, 0x22, 0x11, 0x21, 0x21, 0x12, 0x22, 0x12, 0x12, 0x11, 0x12, 0x21, 0x22, 0x11, 0x21, 0x12, 0x22, 0x21, 0x11, 0x12, 0x11, 0x11,
  0x21, 0x11, 0x11, 0x12, 0x11, 0x12, 0x11, 0x11, 0x11, 0x12, 0x12, 0x12, 0x21, 0x11, 0x11, 0x12, 0x12, 0x12, 0x11, 0x55, 0x44, 0x45, 0x66, 0x55,
  0x55, 0x56, 0x44, 0x65, 0x56, 0x66, 0x11, 0x22, 0x12, 0x11, 0x11, 0x21, 0x21, 0x21, 0x11, 0x11, 0x11, 0x12, 0x21, 0x12, 0x12, 0x22, 0x22, 0x11,
  0x12, 0x21, 0x12, 0x11, 0x11, 0x55, 0x55, 0x65, 0x45, 0x45, 0x55, 0x55, 0x44, 0x65, 0x64, 0x64, 0x11, 0x21, 0x21, 0x21, 0x12, 0x21, 0x12, 0x12,
  0x21, 0x12, 0x12, 0x11, 0x11, 0x11, 0x12, 0x12, 0x11, 0x11, 0x12, 0x11, 0x21, 0x11, 0x11, 0x45, 0x22, 0x12, 0x55, 0x66, 0x11, 0x12, 0x21, 0x12,
  0x46, 0x55, 0x11, 0x11, 0x12, 0x12, 0x22, 0x11, 0x55, 0x44, 0x22, 0x11, 0x21, 0x12, 0x11, 0x21, 0x11, 0x22, 0x66, 0x12, 0x11, 0x11, 0x21, 0x12,
  0x12, 0x12, 0x12, 0x11, 0x11, 0x11, 0x11, 0x11, 0x11, 0x11, 0x12, 0x21, 0x11, 0x21, 0x22, 0x12, 0x11, 0x22, 0x16, 0x56, 0x46, 0x55, 0x54, 0x64,
  0x65, 0x56, 0x55, 0x55, 0x44, 0x46, 0x62, 0x11, 0x21, 0x11, 0x22, 0x21, 0x12, 0x12, 0x11, 0x21, 0x12, 0x12, 0x11, 0x12, 0x12, 0x11, 0x12, 0x12,
  0x12, 0x11, 0x21, 0x21, 0x25, 0x56, 0x55, 0x55, 0x45, 0x55, 0x64, 0x56, 0x44, 0x56, 0x45, 0x46, 0x41, 0x11, 0x12, 0x11, 0x22, 0x21, 0x11, 0x12,
  0x11, 0x11, 0x11, 0x12, 0x21, 0x12, 0x11, 0x22, 0x21, 0x11, 0x12, 0x21, 0x11, 0x21, 0x25, 0x56, 0x54, 0x64, 0x46, 0x56, 0x11, 0x11, 0x56, 0x55,
  0x66, 0x55, 0x41, 0x22, 0x21, 0x21, 0x22, 0x12, 0x65, 0x55, 0x11, 0x22, 0x11, 0x12, 0x45, 0x65, 0x21, 0x12, 0x65, 0x52, 0x11, 0x12, 0x11, 0x11,
  0x21, 0x11, 0x21, 0x11, 0x11, 0x11, 0x21, 0x12, 0x22, 0x12, 0x11, 0x22, 0x21, 0x21, 0x22, 0x21, 0x12, 0x12, 0x46, 0x55, 0x55, 0x65, 0x54, 0x54,
  0x66, 0x45, 0x44, 0x46, 0x55, 0x55, 0x45, 0x11, 0x11, 0x21, 0x22, 0x45, 0x45, 0x44, 0x12, 0x12, 0x22, 0x22, 0x11, 0x22, 0x11, 0x12, 0x11, 0x12,
  0x22, 0x22, 0x11, 0x12, 0x44, 0x65, 0x46, 0x56, 0x56, 0x44, 0x65, 0x56, 0x44, 0x55, 0x55, 0x65, 0x55, 0x21, 0x11, 0x21, 0x12, 0x12, 0x12, 0x11,
  0x54, 0x46, 0x11, 0x22, 0x21, 0x11, 0x11, 0x11, 0x44, 0x54, 0x22, 0x21, 0x11, 0x11, 0x65, 0x55, 0x56, 0x54, 0x55, 0x55, 0x45, 0x65, 0x45, 0x45,
  0x45, 0x56, 0x46, 0x11, 0x22, 0x22, 0x22, 0x65, 0x55, 0x65, 0x56, 0x64, 0x44, 0x55, 0x46, 0x56, 0x64, 0x66, 0x45, 0x56, 0x12, 0x11, 0x12, 0x12,
  0x22, 0x21, 0x12, 0x11, 0x22, 0x11, 0x44, 0x55, 0x12, 0x22, 0x22, 0x22, 0x11, 0x22, 0x21, 0x12, 0x22, 0x25, 0x44, 0x56, 0x66, 0x65, 0x64, 0x54,
  0x56, 0x65, 0x54, 0x45, 0x55, 0x66, 0x56, 0x51, 0x21, 0x11, 0x15, 0x56, 0x65, 0x46, 0x45, 0x54, 0x46, 0x55, 0x55, 0x45, 0x44, 0x45, 0x12, 0x22,
  0x52, 0x12, 0x22, 0x16, 0x55, 0x44, 0x55, 0x55, 0x55, 0x55, 0x55, 0x46, 0x56, 0x54, 0x65, 0x54, 0x65, 0x42, 0x11, 0x11, 0x26, 0x56, 0x45, 0x56,
  0x45, 0x65, 0x56, 0x45, 0x12, 0x11, 0x55, 0x46, 0x65, 0x64, 0x62, 0x11, 0x12, 0x16, 0x65, 0x64, 0x64, 0x65, 0x55, 0x56, 0x66, 0x54, 0x65, 0x56,
  0x65, 0x64, 0x64, 0x41, 0x21, 0x11, 0x16, 0x56, 0x44, 0x56, 0x56, 0x56, 0x56, 0x55, 0x46, 0x44, 0x56, 0x66, 0x46, 0x54, 0x62, 0x21, 0x11, 0x15,
  0x44, 0x66, 0x65, 0x54, 0x12, 0x22, 0x55, 0x44, 0x45, 0x65, 0x65, 0x45, 0x55, 0x52, 0x11, 0x11, 0x12, 0x45, 0x55, 0x55, 0x64, 0x45, 0x54, 0x55,
  0x66, 0x45, 0x46, 0x45, 0x45, 0x55, 0x44, 0x45, 0x11, 0x12, 0x56, 0x45, 0x45, 0x45, 0x56, 0x56, 0x56, 0x45, 0x44, 0x55, 0x66, 0x66, 0x45, 0x66,
  0x44, 0x21, 0x11, 0x55, 0x45, 0x66, 0x65, 0x55, 0x56, 0x56, 0x46, 0x55, 0x45, 0x45, 0x46, 0x46, 0x65, 0x46, 0x21, 0x12, 0x55, 0x56, 0x56, 0x54,
  0x66, 0x45, 0x64, 0x64, 0x55, 0x56, 0x64, 0x54, 0x56, 0x46, 0x54, 0x11, 0x11, 0x65, 0x55, 0x46, 0x66, 0x55, 0x64, 0x46, 0x55, 0x45, 0x56, 0x45,
  0x45, 0x44, 0x45, 0x55, 0x21, 0x21, 0x46, 0x45, 0x45, 0x65, 0x54, 0x65, 0x45, 0x54, 0x46, 0x65, 0x55, 0x55, 0x65, 0x55, 0x64, 0x11, 0x21, 0x44,
  0x45, 0x45, 0x56, 0x55, 0x54, 0x45, 0x66, 0x46, 0x44, 0x56, 0x64, 0x44, 0x54, 0x44, 0x21, 0x22, 0x21, 0x64, 0x56, 0x64, 0x45, 0x44, 0x44, 0x43,
  0x43, 0x44, 0x43, 0x44, 0x43, 0x44, 0x55, 0x32, 0x31, 0x16, 0x56, 0x55, 0x64, 0x44, 0x44, 0x4d, 0x33, 0x43, 0x43, 0x54, 0x44, 0x35, 0x53, 0x45,
  0x22, 0x32, 0x26, 0x65, 0x56, 0x54, 0x44, 0x44, 0x54, 0x44, 0x44, 0x44, 0x33, 0x34, 0x44, 0x45, 0x43, 0x32, 0x31, 0x11, 0x55, 0x56, 0x44, 0x44,
  0x44, 0x44, 0x33, 0x43, 0x43, 0x44, 0x54, 0x43, 0x43, 0x44, 0x33, 0x22, 0x11, 0x45, 0x65, 0x43, 0x54, 0x44, 0x44, 0x44, 0x44, 0x54, 0x44, 0x45,
  0x54, 0x44, 0x43, 0x32, 0x22, 0x16, 0x55, 0x55, 0x54, 0x33, 0x44, 0x34, 0x43, 0x43, 0x44, 0x44, 0x43, 0x44, 0x44, 0x45, 0x33, 0x21, 0x15, 0x64,
  0x55, 0x44, 0x44, 0x44, 0x34, 0x54, 0x44, 0x34, 0x34, 0x44, 0x53, 0x34, 0x44, 0x33, 0x21, 0x12, 0x11, 0x45, 0x54, 0x64, 0x54, 0x43, 0x44, 0x43,
  0x44, 0x44, 0x43, 0x34, 0x44, 0x34, 0x45, 0x33, 0x23, 0x25, 0x64, 0x46, 0x64, 0x44, 0x45, 0x43, 0x44, 0x34, 0x34, 0x43, 0x45, 0x34, 0x34, 0x43,
  0x23, 0x33, 0x56, 0x55, 0x45, 0x54, 0x44, 0x44, 0x44, 0x44, 0x54, 0x53, 0x44, 0x44, 0x44, 0x43, 0x54, 0x32, 0x23, 0x11, 0x54, 0x55, 0x54, 0x43,
  0x44, 0x44, 0x44, 0x54, 0x44, 0x43, 0x44, 0x44, 0x45, 0x33, 0x23, 0x33, 0x21, 0x45, 0x65, 0x54, 0x44, 0x43, 0x44, 0x45, 0x44, 0x43, 0x44, 0x45,
  0x34, 0x54, 0x44, 0x22, 0x22, 0x45, 0x54, 0x64, 0x43, 0x44, 0x44, 0x43, 0x44, 0x54, 0x44, 0x44, 0x44, 0x34, 0x34, 0x44, 0x22, 0x22, 0x55, 0x54,
  0x55, 0x54, 0x45, 0x33, 0x44, 0x44, 0x45, 0x44, 0x33, 0x44, 0x44, 0x43, 0x44, 0x33, 0x22, 0x21, 0x11, 0x45, 0x65, 0x54, 0x44, 0x44, 0x33, 0x34,
  0x44, 0x43, 0x34, 0x43, 0x54, 0x44, 0x45, 0x23, 0x33, 0x15, 0x54, 0x65, 0x54, 0x45, 0x45, 0x43, 0x43, 0x43, 0x44, 0x43, 0x34, 0x45, 0x54, 0x44,
  0x32, 0x33, 0x64, 0x44, 0x45, 0x55, 0x34, 0x44, 0x34, 0x44, 0x44, 0x44, 0x44, 0x44, 0x44, 0x44, 0x44, 0x33, 0x22, 0x12, 0x26, 0x55, 0x43, 0x44,
  0x44, 0x44, 0x43, 0x44, 0x44, 0x44, 0x53, 0x44, 0x44, 0x44, 0x33, 0x23, 0x14, 0x65, 0x56, 0x54, 0xd3, 0x43, 0x45, 0x44, 0x44, 0x34, 0x35, 0x44,
  0x34, 0x33, 0x54, 0x23, 0x23, 0x55, 0x54, 0x45, 0x54, 0x44, 0x44, 0x44, 0x44, 0x43, 0x34, 0x54, 0x45, 0x54, 0x44, 0x45, 0x33, 0x32, 0x54, 0x55,
  0x46, 0x54, 0x34, 0x54, 0x44, 0x43, 0x45, 0x54, 0x45, 0x44, 0x44, 0x54, 0x44, 0x23, 0x22, 0x11, 0x11, 0x55, 0x64, 0x53, 0x43, 0x34, 0x44, 0x44,
  0x44, 0x44, 0x44, 0x44, 0x54, 0x44, 0x44, 0x22, 0x23, 0x24, 0x56, 0x65, 0x54, 0x44, 0x34, 0x34, 0x35, 0x44, 0x53, 0x44, 0x44, 0x33, 0x44, 0x34,
  0x33, 0x22, 0x65, 0x46, 0x46, 0x55, 0x44, 0x44, 0x43, 0x44, 0x54, 0x44, 0x44, 0x44, 0x34, 0x54, 0x44, 0x22, 0x32, 0x22, 0x25, 0x65, 0x64, 0x43,
  0x44, 0x45, 0x44, 0x44, 0x35, 0x44, 0x54, 0x44, 0x44, 0x34, 0x32, 0x33, 0x25, 0x56, 0x46, 0x44, 0x44, 0x45, 0x43, 0x34, 0x44, 0x44, 0x43, 0x44,
  0x44, 0x44, 0x44, 0x23, 0x32, 0x55, 0x46, 0x56, 0x53, 0x44, 0x44, 0x44, 0x43, 0x43, 0x44, 0x43, 0x44, 0x44, 0x34, 0x44, 0x22, 0x22, 0x64, 0x54,
  0x55, 0x44, 0x54, 0x44, 0x43, 0x44, 0x44, 0x44, 0x34, 0x44, 0x44, 0x44, 0x54, 0x22, 0x33, 0x11, 0x12, 0x56, 0x65, 0x64, 0x44, 0x44, 0x33, 0x44,
  0x44, 0x44, 0x44, 0x43, 0x54, 0x43, 0x44, 0x33, 0x23, 0x15, 0x55, 0x45, 0x44, 0x44, 0x44, 0x44, 0x34, 0x44, 0x44, 0x54, 0x43, 0x44, 0x43, 0x43,
  0x22, 0x23, 0x44, 0x56, 0x45, 0x44, 0x44, 0x44, 0x43, 0x44, 0x54, 0x54, 0x33, 0x44, 0x44, 0x54, 0x54, 0x23, 0x32, 0x12, 0x25, 0x45, 0x53, 0x33,
  0x44, 0x44, 0x53, 0x44, 0x33, 0x44, 0x44, 0x44, 0x34, 0x44, 0x23, 0x33, 0x16, 0x65, 0x54, 0x63, 0x44, 0x44, 0x44, 0x43, 0x3d, 0x44, 0x44, 0x53,
  0x54, 0x44, 0x45, 0x33, 0x23, 0x45, 0x66, 0x65, 0x55, 0x34, 0x43, 0x44, 0x44, 0x43, 0x44, 0x44, 0x44, 0x34, 0x54, 0x44, 0x33, 0x32, 0x54, 0x44,
  0x65, 0x54, 0x44, 0x44, 0x44, 0x43, 0x34, 0x45, 0x44, 0x33, 0x44, 0x44, 0x44, 0x33, 0x32, 0x12, 0x11, 0x54, 0x65, 0x54, 0x54, 0x44, 0x45, 0x44,
  0x44, 0x55, 0x44, 0x44, 0x44, 0x44, 0x55, 0x33, 0x22, 0x16, 0x44, 0x54, 0x45, 0x43, 0x44, 0x43, 0x44, 0x33, 0x44, 0x43, 0x34, 0x44, 0x44, 0x43,
  0x23, 0x23, 0x55, 0x46, 0x54, 0x54, 0x44, 0x54, 0x44, 0x43, 0x45, 0x44, 0x44, 0x43, 0x44, 0x44, 0x44, 0x23, 0x33, 0x11, 0x15, 0x55, 0x55, 0x53,
  0x44, 0x34, 0x44, 0x44, 0x54, 0x44, 0x44, 0x44, 0x43, 0x43, 0x22, 0x32, 0x25, 0x56, 0x64, 0x64, 0x54, 0x44, 0x44, 0x44, 0x43, 0x44, 0x45, 0x44,
  0x45, 0x44, 0x44, 0x32, 0x22, 0x65, 0x64, 0x44, 0x54, 0x44, 0x45, 0x44, 0x44, 0x44, 0x54, 0x34, 0x43, 0x44, 0x44, 0x34, 0x33, 0x23, 0x56, 0x55,
  0x55, 0x63, 0x44, 0x44, 0x43, 0x34, 0x34, 0x43, 0x34, 0x34, 0x45, 0x44, 0x44, 0x33, 0x33, 0x11, 0x11, 0x25, 0x45, 0x45, 0x44, 0x44, 0x54, 0x44,
  0x45, 0x45, 0x44, 0x44, 0x44, 0x44, 0x33, 0x32, 0x32, 0x45, 0x55, 0x56, 0x64, 0x44, 0x54, 0x44, 0x44, 0x44, 0x44, 0x44, 0x34, 0x44, 0x34, 0x44,
  0x23, 0x32, 0x54, 0x56, 0x65, 0x44, 0x44, 0x34, 0x44, 0x44, 0x43, 0x34, 0x44, 0x44, 0x44, 0x45, 0x44, 0x32, 0x32, 0x11, 0x16, 0x45, 0x54, 0x44,
  0x45, 0x44, 0x44, 0x44, 0x44, 0x44, 0x44, 0x44, 0x44, 0x44, 0x33, 0x22, 0x11, 0x54, 0x54, 0x44, 0x44, 0x45, 0x43, 0x44, 0x44, 0x43, 0x44, 0x44,
  0x44, 0xd4, 0x44, 0x23, 0x23, 0x56, 0x56, 0x55, 0x45, 0x43, 0x44, 0x44, 0x44, 0x44, 0x44, 0x44, 0x54, 0x33, 0x44, 0x54, 0x23, 0x33, 0x45, 0x55,
  0x55, 0x54, 0x34, 0x44, 0x44, 0x43, 0x43, 0x43, 0x44, 0x44, 0xd4, 0x54, 0x44, 0x23, 0x33, 0x11, 0x22, 0x25, 0x66, 0x6d, 0x45, 0x44, 0x35, 0x34,
  0x44, 0x44, 0x44, 0x44, 0x44, 0x44, 0x45, 0x23, 0x32, 0x55, 0x55, 0x56, 0x44, 0x44, 0x54, 0x44, 0x44, 0x54, 0x54, 0x44, 0x43, 0x45, 0x53, 0x43,
  0x23, 0x33, 0x55, 0x55, 0x64, 0x63, 0x44, 0x44, 0x45, 0x44, 0x44, 0x54, 0x44, 0x44, 0x44, 0x44, 0x44, 0x33, 0x23, 0x12, 0x14, 0x55, 0x55, 0x54,
  0x44, 0x44, 0x44, 0x43, 0x44, 0x43, 0x44, 0x44, 0x44, 0x54, 0x33, 0x22, 0x11, 0x66, 0x56, 0x55, 0x44, 0x44, 0x54, 0xd4, 0x44, 0x44, 0x44, 0x44,
  0x43, 0x44, 0x44, 0x23, 0x33, 0x54, 0x66, 0x55, 0x54, 0x34, 0x54, 0x44, 0x44, 0x45, 0x44, 0x43, 0x44, 0x44, 0x44, 0x34, 0x32, 0x33, 0x65, 0x55,
  0x45, 0x63, 0x43, 0x44, 0x35, 0x45, 0x43, 0x45, 0x44, 0x45, 0x44, 0x44, 0x44, 0x33, 0x23, 0x22, 0x21, 0x15, 0x55, 0x54, 0x44, 0x44, 0x44, 0x34,
  0x34, 0x34, 0x54, 0x34, 0x44, 0x44, 0x34, 0x22, 0x32, 0x55, 0x66, 0x65, 0x45, 0x44, 0x44, 0x43, 0x44, 0x45, 0x45, 0x44, 0x44, 0x34, 0x43, 0x44,
  0x33, 0x23, 0x54, 0x54, 0x45, 0x44, 0x35, 0x45, 0x54, 0x44, 0x44, 0x44, 0x43, 0x34, 0x43, 0x44, 0x43, 0x23, 0x33, 0x21, 0x15, 0x56, 0x64, 0x45,
  0x44, 0x44, 0x53, 0x44, 0x34, 0x34, 0x44, 0x44, 0x44, 0x44, 0x23, 0x23, 0x22, 0x45, 0x56, 0x54, 0x44, 0x43, 0x44, 0x33, 0x44, 0x44, 0x44, 0x44,
  0x44, 0x44, 0x44, 0x23, 0x23, 0x56, 0x64, 0x66, 0x63, 0x43, 0x44, 0x45, 0x54, 0x34, 0x45, 0x43, 0x54, 0x34, 0x55, 0x44, 0x22, 0x33, 0x65, 0x45,
  0x64, 0x45, 0x44, 0x44, 0x34, 0x44, 0x44, 0x55, 0x34, 0x43, 0x44, 0x44, 0x35, 0x23, 0x33, 0x22, 0x22, 0x14, 0x55, 0x64, 0x44, 0x53, 0x44, 0x44,
  0x44, 0x43, 0x43, 0x44, 0x43, 0x44, 0x54, 0x23, 0x32, 0x55, 0x45, 0x66, 0x54, 0x53, 0x44, 0x43, 0x44, 0x44, 0x34, 0x44, 0x34, 0x45, 0x44, 0x44,
  0x33, 0x23, 0x56, 0x64, 0x55, 0x44, 0x54, 0x45, 0x44, 0x44, 0x44, 0x44, 0x44, 0x34, 0x44, 0x44, 0x43, 0x33, 0x23, 0x22, 0x15, 0x65, 0x54, 0x34,
  0x44, 0x44, 0x54, 0x44, 0x34, 0x43, 0x43, 0x44, 0x33, 0x44, 0x23, 0x23, 0x11, 0x55, 0x55, 0x63, 0x35, 0x44, 0x33, 0x54, 0x44, 0x44, 0x44, 0x34,
  0x34, 0x44, 0x54, 0x33, 0x23, 0x55, 0x56, 0x55, 0x64, 0x44, 0x44, 0x34, 0x54, 0x43, 0x44, 0x45, 0x35, 0x34, 0x34, 0x54, 0x23, 0x22, 0x56, 0x55,
  0x66, 0x54, 0x43, 0x34, 0x54, 0x44, 0x44, 0x44, 0x34, 0x44, 0x44, 0x43, 0x44, 0x33, 0x32, 0x11, 0x26, 0x45, 0x55, 0x54, 0x44, 0x44, 0x44, 0x44,
  0x43, 0x34, 0x44, 0x54, 0x44, 0xd4, 0x44, 0x33, 0x32, 0x45, 0x66, 0x55, 0x63, 0x44, 0x44, 0x44, 0x43, 0x45, 0x44, 0x43, 0x34, 0x44, 0x43, 0x44,
  0x32, 0x32, 0x65, 0x65, 0x65, 0x44, 0x34, 0x44, 0x34, 0x44, 0x43, 0x54, 0x54, 0x44, 0x44, 0x45, 0x43, 0x33, 0x32, 0x21, 0x65, 0x55, 0x54, 0x54,
  0x44, 0x45, 0x44, 0x44, 0x44, 0x33, 0x34, 0x54, 0x44, 0x34, 0x33, 0x23, 0x25, 0x55, 0x65, 0x53, 0x44, 0x44, 0x44, 0x44, 0x34, 0x54, 0x43, 0x45,
  0x54, 0x44, 0x55, 0x23, 0x32, 0x56, 0x64, 0x65, 0x65, 0x43, 0x44, 0x44, 0x33, 0x45, 0x44, 0x44, 0x34, 0x54, 0x44, 0x43, 0x22, 0x32, 0x44, 0x55,
  0x65, 0x65, 0x54, 0x44, 0x44, 0x55, 0x34, 0x44, 0x44, 0x43, 0x44, 0x44, 0x44, 0x33, 0x32, 0x22, 0x15, 0x64, 0x56, 0x44, 0x34, 0x44, 0x54, 0x44,
  0x44, 0x45, 0x45, 0x43, 0x34, 0x44, 0x45, 0x32, 0x23, 0x55, 0x54, 0x55, 0x44, 0x43, 0x44, 0x34, 0x44, 0x44, 0x44, 0x34, 0x54, 0x45, 0x45, 0x44,
  0x33, 0x33, 0x65, 0x55, 0x64, 0x43, 0x45, 0x54, 0x44, 0x44, 0x44, 0x44, 0x45, 0x44, 0x53, 0x43, 0x43, 0x23, 0x23, 0x21, 0x66, 0x55, 0x44, 0x44,
  0x44, 0x34, 0x44, 0x44, 0x53, 0x43, 0x34, 0x43, 0x44, 0x34, 0x23, 0x23, 0x25, 0x65, 0x54, 0x64, 0x44, 0x44, 0x44, 0x44, 0x44, 0x44, 0x35, 0x45,
  0x44, 0x54, 0x44, 0x33, 0x23, 0x44, 0x45, 0x64, 0x54, 0x43, 0x34, 0x44, 0x44, 0x44, 0x35, 0x44, 0x33, 0x34, 0x44, 0x43, 0x23, 0x33, 0x46, 0x56,
  0x65, 0x54, 0x45, 0x34, 0x45, 0x43, 0x34, 0x43, 0x44, 0x44, 0x34, 0x34, 0x34, 0x33, 0x33, 0x21, 0x24, 0x44, 0x45, 0x54, 0x44, 0x53, 0x44, 0x54,
  0x44, 0x44, 0x44, 0x43, 0x45, 0x44, 0x44, 0x23, 0x22, 0x64, 0x55, 0x46, 0x64, 0x34, 0x44, 0x43, 0x44, 0x44, 0x44, 0x43, 0x44, 0x35, 0x55, 0x54,
  0x32, 0x23, 0x56, 0x56, 0x45, 0x63, 0x44, 0x45, 0x44, 0x54, 0x44, 0x45, 0x34, 0x44, 0x44, 0x34, 0x54, 0x23, 0x23, 0x11, 0x66, 0x45, 0x44, 0x44,
  0x33, 0x44, 0x34, 0x44, 0x45, 0x44, 0x34, 0x55, 0x44, 0x54, 0x33, 0x23, 0x15, 0x65, 0x56, 0x64, 0x53, 0x44, 0x45, 0x43, 0x43, 0x55, 0xd5, 0x44,
  0x44, 0x44, 0x54, 0x32, 0x23, 0x44, 0x65, 0x56, 0x44, 0x43, 0x44, 0x34, 0x33, 0x44, 0x44, 0x44, 0x45, 0x45, 0x44, 0x43, 0x23, 0x32, 0x64, 0x66,
  0x46, 0x54, 0x33, 0x43, 0x43, 0x44, 0x44, 0x34, 0x44, 0x45, 0x43, 0x44, 0x34, 0x22, 0x32, 0x21, 0x15, 0x54, 0x46, 0x53, 0x43, 0x34, 0x44, 0x34,
  0x44, 0x44, 0x45, 0x34, 0x44, 0x43, 0x44, 0x22, 0x32, 0x16, 0x54, 0x45, 0x54, 0x45, 0x45, 0x44, 0x45, 0x45, 0x34, 0x44, 0x44, 0x44, 0x44, 0x44,
  0x33, 0x31, 0x15, 0x55, 0x55, 0x64, 0x44, 0x44, 0x43, 0x44, 0x45, 0x44, 0x4d, 0x43, 0x44, 0x35, 0x44, 0x23, 0x22, 0x22, 0x45, 0x55, 0x54, 0x44,
  0x43, 0x34, 0x54, 0x34, 0x34, 0x43, 0x44, 0x44, 0x44, 0x44, 0x33, 0x21, 0x26, 0x56, 0x46, 0x54, 0x45, 0x43, 0x55, 0x45, 0x34, 0x44, 0x44, 0x34,
  0x44, 0x44, 0x44, 0x33, 0x32, 0x26, 0x54, 0x44, 0x54, 0x44, 0x34, 0x34, 0x45, 0x33, 0x54, 0x43, 0x34, 0x44, 0x34, 0x44, 0x23, 0x32, 0x15, 0x55,
  0x46, 0x54, 0x44, 0x44, 0x43, 0x34, 0x44, 0x44, 0x44, 0x33, 0x44, 0x44, 0x44, 0x32, 0x32, 0x21, 0x11, 0x54, 0x65, 0x54, 0x54, 0x44, 0x54, 0x45,
  0x54, 0x44, 0x44, 0x54, 0x44, 0x43, 0x33, 0x32, 0x22, 0x21, 0x45, 0x55, 0x64, 0x44, 0x34, 0x44, 0x44, 0x44, 0x43, 0x53, 0x43, 0x44, 0x54, 0x44,
  0x22, 0x12, 0x12, 0x66, 0x65, 0x54, 0x44, 0x34, 0x43, 0x53, 0x44, 0x44, 0x44, 0x44, 0x55, 0x34, 0x44, 0x23, 0x11, 0x11, 0x26, 0x54, 0x44, 0x33,
  0x34, 0x44, 0x43, 0x44, 0x44, 0x43, 0x54, 0x54, 0x44, 0x54, 0x33, 0x22, 0x11, 0x16, 0x55, 0x53, 0x44, 0x44, 0x54, 0x44, 0x44, 0x34, 0x44, 0x44,
  0x54, 0x44, 0x44, 0x23, 0x21, 0x11, 0x64, 0x64, 0x43, 0x44, 0x44, 0x44, 0x34, 0x44, 0x44, 0x43, 0x34, 0x45, 0x44, 0x44, 0x23, 0x12, 0x22, 0x65,
  0x65, 0x44, 0x44, 0x34, 0x54, 0x44, 0x44, 0x34, 0x44, 0x45, 0x44, 0x34, 0x44, 0x32, 0x11, 0x22, 0x22, 0x15, 0x45, 0x63, 0x44, 0x44, 0x44, 0x44,
  0x44, 0x34, 0x4d, 0x44, 0x43, 0x34, 0x34, 0x21, 0x21, 0x11, 0x14, 0x46, 0x64, 0x34, 0x44, 0x44, 0x44, 0x44, 0x34, 0x44, 0x44, 0x45, 0x34, 0x45,
  0x22, 0x22, 0x22, 0x15, 0x64, 0x55, 0x44, 0x44, 0x44, 0x43, 0x44, 0x44, 0x34, 0x44, 0x44, 0x35, 0x45, 0x31, 0x22, 0x22, 0x16, 0x66, 0x64, 0x45,
  0x35, 0x54, 0x54, 0x44, 0x45, 0x34, 0x43, 0x44, 0x44, 0x44, 0x31, 0x11, 0x22, 0x26, 0x44, 0x45, 0x44, 0x44, 0x44, 0x44, 0x4d, 0x44, 0x44, 0x44,
  0x54, 0x44, 0x44, 0x21, 0x22, 0x12, 0x16, 0x65, 0x44, 0x44, 0x44, 0x43, 0x44, 0xd5, 0x44, 0x44, 0x44, 0x44, 0x33, 0x44, 0x21, 0x11, 0x11, 0x16,
  0x55, 0x64, 0x43, 0x54, 0x43, 0x44, 0x44, 0x44, 0x43, 0x44, 0x44, 0x34, 0x44, 0x31, 0x12, 0x22, 0x21, 0x12, 0x54, 0x63, 0x23, 0x23, 0x33, 0x23,
  0x33, 0x33, 0x23, 0x33, 0x32, 0x23, 0x23, 0x11, 0x21, 0x21, 0x11, 0x66, 0x42, 0x22, 0x32, 0x32, 0x32, 0x22, 0x32, 0x23, 0x22, 0x22, 0x33, 0x22,
  0x21, 0x22, 0x12, 0x11, 0x54, 0x42, 0x32, 0x23, 0x23, 0x23, 0x23, 0x22, 0x32, 0x32, 0x33, 0x32, 0x23, 0x11, 0x22, 0x11, 0x11, 0x56, 0x52, 0x33,
  0x32, 0x23, 0x22, 0x33, 0x23, 0x33, 0x33, 0x32, 0x33, 0x33, 0x12, 0x11, 0x12, 0x22, 0x44, 0x53, 0x22, 0x32, 0x23, 0x33, 0x23, 0x32, 0x33, 0x32,
  0x23, 0x33, 0x32, 0x11, 0x22, 0x22, 0x21, 0x66, 0x53, 0x33, 0x33, 0x33, 0x33, 0x32, 0x33, 0x22, 0x33, 0x32, 0x32, 0x32, 0x12, 0x12, 0x11, 0x21,
  0x54, 0x63, 0x33, 0x33, 0x22, 0x33, 0x23, 0x22, 0x33, 0x23, 0x23, 0x23, 0x23, 0x12, 0x12, 0x12, 0x22, 0x11, 0x16, 0x53, 0x33, 0x22, 0x33, 0x22,
  0x33, 0x22, 0x22, 0x33, 0x22, 0x23, 0x31, 0x12, 0x11, 0x21, 0x22, 0x25, 0x53, 0x32, 0x33, 0x33, 0x33, 0x23, 0x33, 0x33, 0x22, 0x32, 0x33, 0x21,
  0x11, 0x21, 0x12, 0x12, 0x15, 0x42, 0x33, 0x33, 0x22, 0x32, 0x23, 0x32, 0x32, 0x22, 0x22, 0x22, 0x32, 0x11, 0x21, 0x21, 0x22, 0x14, 0x63, 0x32,
  0x32, 0x32, 0x32, 0x23, 0x23, 0x23, 0x32, 0x33, 0x32, 0x31, 0x12, 0x12, 0x12, 0x22, 0x26, 0x52, 0x33, 0x32, 0x33, 0x22, 0x32, 0x23, 0x32, 0x22,
  0x33, 0x32, 0x22, 0x12, 0x12, 0x21, 0x11, 0x15, 0x43, 0x23, 0x33, 0x23, 0x32, 0x33, 0x32, 0x33, 0x32, 0x23, 0x23, 0x32, 0x12, 0x21, 0x12, 0x11,
  0x15, 0x62, 0x32, 0x32, 0x32, 0x22, 0x32, 0x32, 0x23, 0x32, 0x32, 0x32, 0x31, 0x22, 0x22, 0x22, 0x22, 0x21, 0x12, 0x42, 0x32, 0x22, 0x33, 0x23,
  0x32, 0x23, 0x22, 0x23, 0x23, 0x32, 0x21, 0x11, 0x12, 0x21, 0x21, 0x11, 0x63, 0x33, 0x32, 0x23, 0x32, 0x22, 0x22, 0x33, 0x23, 0x22, 0x22, 0x11,
  0x22, 0x11, 0x21, 0x11, 0x22, 0x53, 0x23, 0x33, 0x23, 0x32, 0x23, 0x33, 0x33, 0x22, 0x32, 0x23, 0x11, 0x12, 0x11, 0x12, 0x21, 0x11, 0x63, 0x32,
  0x23, 0x23, 0x33, 0x23, 0x23, 0x32, 0x33, 0x33, 0x22, 0x21, 0x21, 0x21, 0x22, 0x12, 0x11, 0x53, 0x22, 0x33, 0x33, 0x32, 0x32, 0x32, 0x32, 0x32,
  0x32, 0x23, 0x21, 0x12, 0x11, 0x11, 0x22, 0x11, 0x53, 0x33, 0x33, 0x23, 0x33, 0x32, 0x33, 0x23, 0x32, 0x33, 0x22, 0x22, 0x22, 0x22, 0x11, 0x21,
  0x22, 0x63, 0x23, 0x32, 0x33, 0x32, 0x22, 0x33, 0x32, 0x33, 0x32, 0x32, 0x11, 0x11, 0x11, 0x22, 0x11, 0x12, 0x21, 0x23, 0x32, 0x33, 0x23, 0x33,
  0x22, 0x23, 0x33, 0x22, 0x23, 0x31, 0x11, 0x12, 0x12, 0x22, 0x12, 0x22, 0x23, 0x33, 0x22, 0x33, 0x22, 0x23, 0x23, 0x22, 0x32, 0x33, 0x31, 0x12,
  0x22, 0x11, 0x22, 0x12, 0x12, 0x22, 0x22, 0x33, 0x33, 0x33, 0x33, 0x23, 0x23, 0x23, 0x32, 0x32, 0x11, 0x11, 0x21, 0x11, 0x11, 0x12, 0x22, 0x23,
  0x33, 0x32, 0x33, 0x32, 0x32, 0x33, 0x33, 0x33, 0x32, 0x21, 0x21, 0x21, 0x22, 0x21, 0x11, 0x12, 0x33, 0x33, 0x23, 0x22, 0x33, 0x22, 0x23, 0x23,
  0x33, 0x21, 0x22, 0x22, 0x12, 0x22, 0x11, 0x21, 0x13, 0x22, 0x32, 0x22, 0x23, 0x22, 0x32, 0x23, 0x33, 0x23, 0x32, 0x11, 0x11, 0x11, 0x12, 0x11,
  0x21, 0x13, 0x32, 0x33, 0x22, 0x32, 0x33, 0x33, 0x22, 0x32, 0x32, 0x22, 0x22, 0x22, 0x21, 0x11, 0x22, 0x11, 0x65, 0x44, 0x12, 0x21, 0x12, 0x11,
  0x22, 0x22, 0x21, 0x12, 0x11, 0x11, 0x11, 0x12, 0x55, 0x65, 0x54, 0x65, 0x22, 0x12, 0x11, 0x21, 0x21, 0x12, 0x21, 0x11, 0x22, 0x21, 0x11, 0x11,
  0x22, 0x12, 0x46, 0x56, 0x21, 0x12, 0x22, 0x12, 0x11, 0x11, 0x12, 0x11, 0x21, 0x21, 0x46, 0x64, 0x55, 0x56, 0x54, 0x65, 0x55, 0x66, 0x22, 0x21,
  0x11, 0x21, 0x21, 0x22, 0x12, 0x22, 0x11, 0x11, 0x12, 0x12, 0x21, 0x22, 0x55, 0x54, 0x12, 0x11, 0x22, 0x11, 0x12, 0x12, 0x21, 0x11, 0x11, 0x21,
  0x66, 0x45, 0x45, 0x54, 0x56, 0x54, 0x56, 0x56, 0x56, 0x56, 0x11, 0x11, 0x12, 0x21, 0x22, 0x22, 0x12, 0x22, 0x21, 0x11, 0x22, 0x11, 0x11, 0x21,
  0x21, 0x21, 0x12, 0x11, 0x11, 0x21, 0x12, 0x21, 0x22, 0x22, 0x22, 0x11, 0x12, 0x11, 0x11, 0x12, 0x22, 0x12, 0x55, 0x55, 0x12, 0x11, 0x22, 0x22,
  0x11, 0x11, 0x12, 0x25, 0x55, 0x45, 0x66, 0x54, 0x64, 0x45, 0x55, 0x46, 0x64, 0x55, 0x51, 0x12, 0x11, 0x11, 0x12, 0x11, 0x11, 0x11, 0x21, 0x12,
  0x12, 0x21, 0x66, 0x56, 0x56, 0x64, 0x22, 0x12, 0x21, 0x21, 0x12, 0x22, 0x21, 0x25, 0x55, 0x65, 0x64, 0x56, 0x44, 0x46, 0x55, 0x55, 0x66, 0x66,
  0x52, 0x21, 0x21, 0x12, 0x21, 0x12, 0x15, 0x55, 0x11, 0x22, 0x22, 0x22, 0x65, 0x65, 0x21, 0x11, 0x54, 0x51, 0x11, 0x21, 0x21, 0x21, 0x22, 0x26,
  0x55, 0x54, 0x64, 0x55, 0x44, 0x55, 0x54, 0x55, 0x56, 0x46, 0x51, 0x11, 0x11, 0x11, 0x21, 0x12, 0x11, 0x22, 0x12, 0x12, 0x12, 0x11, 0x12, 0x11,
  0x21, 0x22, 0x11, 0x22, 0x12, 0x12, 0x11, 0x12, 0x21, 0x21, 0x12, 0x21, 0x11, 0x11, 0x12, 0x21, 0x54, 0x55, 0x66, 0x46, 0x45, 0x56, 0x21, 0x12,
  0x12, 0x11, 0x12, 0x54, 0x45, 0x54, 0x54, 0x65, 0x65, 0x66, 0x54, 0x46, 0x55, 0x55, 0x54, 0x22, 0x12, 0x12, 0x21, 0x11, 0x55, 0x46, 0x54, 0x45,
  0x65, 0x55, 0x46, 0x45, 0x55, 0x55, 0x65, 0x65, 0x22, 0x12, 0x11, 0x11, 0x11, 0x55, 0x56, 0x46, 0x56, 0x46, 0x44, 0x54, 0x45, 0x45, 0x55, 0x46,
  0x55, 0x21, 0x11, 0x12, 0x12, 0x11, 0x64, 0x64, 0x55, 0x55, 0x65, 0x55, 0x55, 0x65, 0x54, 0x45, 0x45, 0x55, 0x21, 0x22, 0x11, 0x12, 0x12, 0x45,
  0x45, 0x65, 0x45, 0x44, 0x55, 0x55, 0x56, 0x45, 0x65, 0x64, 0x45, 0x12, 0x12, 0x21, 0x12, 0x12, 0x21, 0x12, 0x11, 0x21, 0x12, 0x11, 0x64, 0x45,
  0x46, 0x56, 0x11, 0x21, 0x11, 0x11, 0x12, 0x11, 0x22, 0x11, 0x22, 0x21, 0x12, 0x12, 0x11, 0x22, 0x55, 0x65, 0x65, 0x46, 0x56, 0x55, 0x51, 0x22,
  0x12, 0x11, 0x15, 0x55, 0x55, 0x45, 0x65, 0x55, 0x55, 0x44, 0x65, 0x56, 0x64, 0x45, 0x55, 0x41, 0x12, 0x21, 0x11, 0x24, 0x66, 0x65, 0x55, 0x54,
  0x65, 0x45, 0x64, 0x65, 0x54, 0x45, 0x54, 0x64, 0x51, 0x12, 0x22, 0x12, 0x16, 0x66, 0x55, 0x45, 0x56, 0x45, 0x66, 0x55, 0x56, 0x64, 0x56, 0x55,
  0x45, 0x61, 0x22, 0x12, 0x12, 0x25, 0x54, 0x44, 0x44, 0x55, 0x56, 0x55, 0x56, 0x56, 0x66, 0x65, 0x45, 0x56, 0x51, 0x12, 0x11, 0x11, 0x15, 0x45,
  0x56, 0x65, 0x65, 0x54, 0x55, 0x55, 0x56, 0x44, 0x45, 0x44, 0x55, 0x51, 0x12, 0x11, 0x12, 0x22, 0x21, 0x11, 0x46, 0x66, 0x64, 0x56, 0x65, 0x55,
  0x56, 0x44, 0x11, 0x12, 0x51, 0x11, 0x11, 0x11, 0x11, 0x11, 0x21, 0x11, 0x21, 0x12, 0x21, 0x11, 0x56, 0x54, 0x54, 0x66, 0x66, 0x65, 0x54, 0x22,
  0x22, 0x11, 0x15, 0x45, 0x54, 0x55, 0x54, 0x46, 0x45, 0x54, 0x66, 0x64, 0x54, 0x55, 0x55, 0x65, 0x22, 0x12, 0x11, 0x64, 0x46, 0x45, 0x54, 0x55,
  0x55, 0x55, 0x66, 0x46, 0x55, 0x66, 0x44, 0x54, 0x55, 0x12, 0x12, 0x12, 0x54, 0x66, 0x55, 0x45, 0x44, 0x66, 0x45, 0x56, 0x65, 0x66, 0x55, 0x55,
  0x66, 0x66, 0x12, 0x21, 0x12, 0x54, 0x56, 0x55, 0x54, 0x45, 0x45, 0x46, 0x65, 0x65, 0x64, 0x55, 0x56, 0x55, 0x54, 0x11, 0x11, 0x12, 0x54, 0x45,
  0x55, 0x65, 0x65, 0x64, 0x55, 0x54, 0x66, 0x56, 0x55, 0x66, 0x55, 0x54, 0x12, 0x11, 0x11, 0x54, 0x55, 0x45, 0x56, 0x65, 0x56, 0x56, 0x45, 0x66,
  0x64, 0x55, 0x44, 0x65, 0x64, 0x12, 0x21, 0x21, 0x44, 0x54, 0x55, 0x45, 0x11, 0x12, 0x11, 0x11, 0x54, 0x65, 0x65, 0x65, 0x55, 0x46, 0x55, 0x61,
  0x11, 0x21, 0x14, 0x55, 0x46, 0x64, 0x54, 0x54, 0x64, 0x45, 0x64, 0x45, 0x56, 0x54, 0x54, 0x55, 0x51, 0x11, 0x24, 0x54, 0x66, 0x46, 0x54, 0x56,
  0x56, 0x45, 0x55, 0x55, 0x55, 0x55, 0x66, 0x55, 0x56, 0x41, 0x21, 0x24, 0x65, 0x66, 0x46, 0x55, 0x45, 0x45, 0x65, 0x56, 0x45, 0x56, 0x54, 0x64,
  0x56, 0x44, 0x52, 0x22, 0x15, 0x54, 0x65, 0x46, 0x55, 0x46, 0x55, 0x64, 0x56, 0x64, 0x44, 0x54, 0x64, 0x55, 0x56, 0x51, 0x22, 0x15, 0x55, 0x45,
  0x56, 0x55, 0x66, 0x54, 0x66, 0x45, 0x55, 0x45, 0x45, 0x55, 0x66, 0x45, 0x62, 0x12, 0x16, 0x54, 0x45, 0x55, 0x44, 0x65, 0x54, 0x55, 0x65, 0x64,
  0x65, 0x55, 0x56, 0x46, 0x64, 0x61, 0x11, 0x25, 0x55, 0x54, 0x56, 0x45, 0x65, 0x56, 0x55, 0x45, 0x44, 0x44, 0x44, 0x44, 0x44, 0x34, 0x32, 0x32,
  0x21, 0x22, 0x15, 0x65, 0x44, 0x54, 0x44, 0x44, 0x44, 0x44, 0x53, 0x44, 0x34, 0x43, 0x44, 0x43, 0x33, 0x21, 0x16, 0x55, 0x55, 0x44, 0x44, 0x34,
  0x44, 0x44, 0x35, 0x44, 0x43, 0x44, 0x44, 0x34, 0x43, 0x22, 0x12, 0x12, 0x55, 0x66, 0x43, 0x34, 0x44, 0x44, 0x44, 0x34, 0x44, 0x44, 0x44, 0x43,
  0x44, 0x42, 0x22, 0x21, 0x16, 0x56, 0x66, 0x43, 0x44, 0x44, 0x34, 0x55, 0x44, 0x45, 0x44, 0x44, 0x54, 0x44, 0x42, 0x32, 0x21, 0x25, 0x65, 0x65,
  0x44, 0x43, 0x43, 0x45, 0x44, 0x34, 0x54, 0x43, 0x44, 0x34, 0x44, 0x42, 0x33, 0x11, 0x44, 0x66, 0x45, 0x34, 0x44, 0x54, 0x34, 0x44, 0x44, 0x44,
  0x34, 0x55, 0x44, 0x44, 0x43, 0x22, 0x22, 0x24, 0x55, 0x45, 0x44, 0x44, 0x44, 0x44, 0x44, 0x44, 0x44, 0x44, 0x54, 0x43, 0x44, 0x43, 0x43, 0x32,
  0x31, 0x21, 0x15, 0x55, 0x44, 0x34, 0x43, 0x44, 0x43, 0x43, 0x44, 0x54, 0x44, 0x45, 0x33, 0x32, 0x33, 0x32, 0x26, 0x55, 0x54, 0x34, 0x43, 0x45,
  0x44, 0x44, 0x44, 0x44, 0x54, 0x53, 0x44, 0x45, 0x43, 0x33, 0x31, 0x22, 0x56, 0x44, 0x44, 0x43, 0x34, 0x44, 0x44, 0x44, 0x44, 0x55, 0x44, 0x35,
  0x44, 0x33, 0x33, 0x21, 0x14, 0x56, 0x55, 0x44, 0x34, 0x43, 0x44, 0x35, 0x34, 0x44, 0x45, 0x44, 0x44, 0x44, 0x43, 0x32, 0x32, 0x25, 0x55, 0x54,
  0x45, 0x34, 0x44, 0x44, 0x44, 0x44, 0x44, 0x44, 0x44, 0x45, 0x34, 0x43, 0x22, 0x21, 0x54, 0x45, 0x56, 0x44, 0x44, 0x33, 0x44, 0x53, 0x44, 0x34,
  0x54, 0x44, 0x44, 0x44, 0x43, 0x23, 0x31, 0x26, 0x64, 0x56, 0x54, 0x43, 0x45, 0x44, 0x34, 0x44, 0x44, 0x43, 0x44, 0x44, 0x45, 0x44, 0x32, 0x23,
  0x22, 0x21, 0x14, 0x65, 0x45, 0x34, 0x54, 0x45, 0x44, 0x44, 0x44, 0x33, 0x44, 0x44, 0x34, 0x43, 0x32, 0x21, 0x15, 0x55, 0x54, 0x54, 0x44, 0x44,
  0x44, 0x43, 0x44, 0x34, 0x44, 0x44, 0x44, 0x53, 0x43, 0x33, 0x31, 0x21, 0x64, 0x44, 0x44, 0x44, 0x44, 0x44, 0x54, 0x44, 0x44, 0x54, 0x34, 0x34,
  0x45, 0x42, 0x32, 0x22, 0x14, 0x65, 0x64, 0x44, 0x34, 0x43, 0x44, 0x34, 0x44, 0x44, 0x45, 0x44, 0x44, 0x44, 0x43, 0x23, 0x31, 0x16, 0x66, 0x46,
  0x44, 0x44, 0x33, 0x44, 0x43, 0x44, 0x44, 0x34, 0x44, 0x44, 0x44, 0x42, 0x33, 0x31, 0x54, 0x65, 0x45, 0x44, 0x34, 0x43, 0x44, 0x44, 0x34, 0x44,
  0x44, 0x54, 0x53, 0x34, 0x43, 0x23, 0x31, 0x25, 0x66, 0x66, 0x35, 0x43, 0x44, 0x44, 0x44, 0x34, 0x54, 0x44, 0x44, 0x44, 0x43, 0x43, 0x43, 0x22,
  0x21, 0x22, 0x25, 0x55, 0x45, 0x44, 0x34, 0x44, 0x33, 0x54, 0x34, 0x34, 0x34, 0x34, 0x34, 0x42, 0x32, 0x31, 0x16, 0x55, 0x44, 0x43, 0x34, 0x54,
  0x44, 0x43, 0x44, 0x43, 0x45, 0x33, 0x35, 0x44, 0x43, 0x23, 0x22, 0x11, 0x46, 0x46, 0x44, 0x44, 0x33, 0x54, 0x45, 0x44, 0x44, 0x44, 0x44, 0x44,
  0x44, 0x43, 0x32, 0x22, 0x15, 0x65, 0x56, 0x44, 0x34, 0x44, 0x44, 0x43, 0x45, 0x44, 0x45, 0x44, 0x34, 0x44, 0x43, 0x33, 0x32, 0x26, 0x45, 0x55,
  0x43, 0x45, 0x44, 0x44, 0x54, 0x44, 0x43, 0x44, 0x34, 0x44, 0x34, 0x43, 0x33, 0x22, 0x46, 0x55, 0x56, 0x34, 0x33, 0x44, 0x34, 0x44, 0x43, 0x44,
  0x44, 0x43, 0x44, 0x44, 0x43, 0x32, 0x32, 0x25, 0x65, 0x56, 0x44, 0x54, 0x44, 0x45, 0x45, 0x44, 0x44, 0x44, 0x34, 0x44, 0x43, 0x44, 0x42, 0x32,
  0x31, 0x22, 0x15, 0x46, 0x34, 0x53, 0x44, 0x44, 0x45, 0x34, 0x34, 0x44, 0x34, 0x44, 0x55, 0x33, 0x22, 0x36, 0x54, 0x45, 0x65, 0x44, 0x44, 0x44,
  0x44, 0x44, 0x44, 0x54, 0x44, 0x44, 0x54, 0x54, 0x42, 0x33, 0x31, 0x44, 0x54, 0x55, 0x44, 0x45, 0x33, 0x44, 0x45, 0x44, 0x53, 0x34, 0x45, 0x45,
  0x54, 0x43, 0x33, 0x22, 0x11, 0x54, 0x45, 0x34, 0x44, 0x44, 0x44, 0x44, 0x44, 0x54, 0x43, 0x44, 0x44, 0x44, 0x42, 0x32, 0x21, 0x21, 0x55, 0x64,
  0xd3, 0x43, 0x44, 0x54, 0x43, 0x34, 0x45, 0x44, 0x44, 0x34, 0x44, 0x42, 0x22, 0x22, 0x64, 0x64, 0x54, 0x34, 0x34, 0x34, 0x44, 0x44, 0x43, 0x44,
  0x44, 0x44, 0x44, 0x44, 0x42, 0x33, 0x31, 0x56, 0x64, 0x65, 0x55, 0x43, 0x44, 0x43, 0x44, 0x33, 0x34, 0x44, 0x45, 0x44, 0x34, 0x43, 0x42, 0x32,
  0x32, 0x11, 0x26, 0x55, 0x44, 0x34, 0x44, 0x44, 0x34, 0x54, 0x44, 0x44, 0x33, 0x34, 0x44, 0x33, 0x32, 0x25, 0x56, 0x55, 0x56, 0x44, 0x44, 0x44,
  0x43, 0x35, 0x44, 0x44, 0x44, 0x54, 0x54, 0x44, 0x53, 0x33, 0x21, 0x55, 0x66, 0x46, 0x4d, 0x54, 0x44, 0x43, 0x44, 0x44, 0x44, 0x44, 0x34, 0x44,
  0x44, 0x53, 0x33, 0x32, 0x12, 0x55, 0x56, 0x34, 0x55, 0x54, 0x44, 0x44, 0x45, 0x33, 0x44, 0x44, 0x44, 0x54, 0x42, 0x32, 0x31, 0x22, 0x55, 0x54,
  0x33, 0x44, 0x45, 0x44, 0x34, 0x45, 0x35, 0x44, 0x44, 0x44, 0x4d, 0x43, 0x33, 0x22, 0x55, 0x46, 0x64, 0x44, 0x44, 0x44, 0x44, 0x44, 0x33, 0x33,
  0x44, 0x55, 0x44, 0x44, 0x32, 0x32, 0x21, 0x65, 0x45, 0x54, 0x33, 0x33, 0x55, 0x44, 0x44, 0x44, 0x44, 0x44, 0x43, 0x44, 0x44, 0x44, 0x33, 0x23,
  0x31, 0x21, 0x26, 0x64, 0x44, 0x44, 0x44, 0x45, 0x54, 0x43, 0x44, 0x44, 0x44, 0x44, 0x43, 0x32, 0x33, 0x35, 0x55, 0x55, 0x65, 0x45, 0x44, 0x44,
  0x44, 0x44, 0x44, 0x44, 0x45, 0x54, 0x43, 0x44, 0x53, 0x33, 0x22, 0x45, 0x56, 0x65, 0x44, 0x44, 0x34, 0x44, 0x44, 0x44, 0x44, 0x44, 0x44, 0x45,
  0x44, 0x32, 0x32, 0x31, 0x11, 0x45, 0x66, 0x44, 0x44, 0x34, 0x54, 0x44, 0x44, 0x44, 0x43, 0x45, 0x44, 0x45, 0x43, 0x32, 0x32, 0x21, 0x55, 0x65,
  0x44, 0x44, 0x44, 0x44, 0x43, 0x45, 0x44, 0x53, 0x45, 0x44, 0x44, 0x43, 0x23, 0x32, 0x65, 0x65, 0x44, 0x44, 0x44, 0x45, 0x45, 0x43, 0x54, 0x44,
  0x44, 0x44, 0x44, 0x44, 0x53, 0x22, 0x21, 0x56, 0x65, 0x44, 0x43, 0x43, 0x55, 0x33, 0x43, 0x44, 0x44, 0x43, 0x34, 0x43, 0x44, 0x44, 0x42, 0x33,
  0x32, 0x22, 0x15, 0x56, 0x44, 0x43, 0x34, 0x54, 0x43, 0x44, 0x54, 0x44, 0x54, 0x44, 0x33, 0x43, 0x23, 0x34, 0x45, 0x45, 0x55, 0x45, 0x44, 0x44,
  0x43, 0x44, 0x44, 0x34, 0x34, 0x44, 0x44, 0x44, 0x43, 0x22, 0x22, 0x64, 0x45, 0x54, 0x44, 0x54, 0x44, 0x43, 0x44, 0x44, 0x43, 0x34, 0x34, 0x44,
  0x34, 0x43, 0x32, 0x22, 0x11, 0x64, 0x54, 0x44, 0x44, 0x34, 0x45, 0x44, 0x43, 0x54, 0x44, 0x44, 0x44, 0x45, 0x43, 0x23, 0x31, 0x11, 0x54, 0x65,
  0x34, 0x43, 0x43, 0x44, 0x43, 0x53, 0x34, 0x44, 0x33, 0x44, 0x43, 0x43, 0x22, 0x21, 0x64, 0x56, 0x45, 0x45, 0x43, 0x44, 0x44, 0x44, 0x44, 0x43,
  0x34, 0x44, 0x54, 0x44, 0x42, 0x22, 0x32, 0x55, 0x44, 0x55, 0x43, 0x35, 0x44, 0x43, 0x45, 0x44, 0x45, 0x34, 0x44, 0x54, 0x44, 0x44, 0x42, 0x33,
  0x22, 0x11, 0x56, 0x54, 0x44, 0x44, 0x54, 0x54, 0x44, 0x45, 0x34, 0x54, 0x33, 0x44, 0x44, 0x32, 0x23, 0x34, 0x45, 0x54, 0x55, 0x34, 0x44, 0x44,
  0x44, 0x44, 0x34, 0x44, 0x44, 0x44, 0x45, 0x5d, 0x43, 0x32, 0x31, 0x14, 0x54, 0x44, 0x44, 0x44, 0x44, 0x45, 0x43, 0x34, 0x34, 0x44, 0x44, 0x44,
  0x44, 0x42, 0x32, 0x31, 0x25, 0x54, 0x54, 0x54, 0x43, 0x44, 0x44, 0x45, 0x44, 0x44, 0x53, 0x44, 0x43, 0x44, 0x42, 0x23, 0x32, 0x12, 0x64, 0x55,
  0x34, 0x44, 0x43, 0x44, 0x43, 0x44, 0x34, 0x44, 0x54, 0x34, 0x45, 0x32, 0x32, 0x35, 0x54, 0x56, 0x56, 0x34, 0x44, 0x44, 0x45, 0x44, 0x44, 0x53,
  0x34, 0x44, 0x43, 0x54, 0x42, 0x33, 0x31, 0x54, 0x54, 0x55, 0x34, 0x44, 0x54, 0x44, 0x43, 0x44, 0x43, 0x43, 0x33, 0x43, 0x43, 0x44, 0x42, 0x32,
  0x32, 0x11, 0x56, 0x55, 0x44, 0x44, 0x44, 0x43, 0x44, 0x44, 0x44, 0x43, 0x43, 0x34, 0x44, 0x42, 0x22, 0x25, 0x45, 0x54, 0x65, 0x44, 0x44, 0x45,
  0x44, 0x5d, 0x53, 0x43, 0x45, 0x34, 0x34, 0x44, 0x33, 0x23, 0x31, 0x25, 0x54, 0x45, 0x54, 0x54, 0x44, 0x55, 0x44, 0x44, 0x44, 0x54, 0x34, 0x45,
  0x45, 0x43, 0x23, 0x21, 0x14, 0x45, 0x55, 0x44, 0x44, 0x44, 0x44, 0x43, 0x55, 0x44, 0x43, 0x44, 0x44, 0x34, 0x32, 0x22, 0x32, 0x12, 0x55, 0x56,
  0x44, 0x44, 0x44, 0x34, 0x44, 0x44, 0x35, 0x44, 0x45, 0x34, 0x45, 0x43, 0x32, 0x36, 0x66, 0x44, 0x55, 0x44, 0x44, 0x43, 0x43, 0x34, 0x43, 0x34,
  0x45, 0x44, 0x44, 0x44, 0x42, 0x33, 0x31, 0x45, 0x45, 0x54, 0x44, 0x44, 0x44, 0x44, 0x44, 0x44, 0x44, 0x44, 0x43, 0x44, 0x43, 0x4d, 0x42, 0x23,
  0x31, 0x22, 0x55, 0x65, 0x44, 0x44, 0x45, 0x44, 0x43, 0x43, 0x35, 0x34, 0x35, 0x45, 0x44, 0x43, 0x32, 0x35, 0x45, 0x54, 0x55, 0x34, 0x44, 0x44,
  0x43, 0x45, 0x45, 0x43, 0x43, 0x34, 0x43, 0x44, 0x43, 0x33, 0x32, 0x15, 0x45, 0x55, 0x44, 0x44, 0x44, 0x43, 0x34, 0x44, 0x35, 0x34, 0x44, 0x44,
  0x34, 0x42, 0x32, 0x31, 0x16, 0x44, 0x55, 0x43, 0x54, 0x44, 0xd4, 0x44, 0x44, 0x44, 0x44, 0x44, 0x44, 0x44, 0x43, 0x32, 0x31, 0x11, 0x56, 0x56,
  0x44, 0x44, 0x44, 0x44, 0x43, 0x44, 0x44, 0x44, 0x45, 0x54, 0x44, 0x43, 0x22, 0x34, 0x44, 0x65, 0x56, 0x44, 0x44, 0x33, 0x44, 0x33, 0x34, 0x34,
  0x43, 0x54, 0x44, 0x44, 0x43, 0x32, 0x22, 0x64, 0x56, 0x55, 0x44, 0x44, 0x44, 0x44, 0x44, 0x34, 0x35, 0x45, 0x54, 0x34, 0x43, 0x44, 0x52, 0x22,
  0x31, 0x12, 0x55, 0x65, 0x44, 0x54, 0x44, 0x53, 0x54, 0x43, 0x44, 0x44, 0x44, 0x44, 0x45, 0x43, 0x32, 0x35, 0x54, 0x64, 0x54, 0x44, 0x44, 0x44,
  0x44, 0x44, 0x44, 0x55, 0x33, 0x34, 0x44, 0x44, 0x52, 0x22, 0x21, 0x16, 0x45, 0x55, 0x44, 0x45, 0x34, 0x54, 0x34, 0x34, 0x44, 0x44, 0x35, 0x53,
  0x44, 0x43, 0x32, 0x22, 0x25, 0x56, 0x45, 0x45, 0x54, 0x44, 0x44, 0x44, 0x44, 0x44, 0x44, 0x44, 0x44, 0x33, 0x42, 0x33, 0x22, 0x21, 0x55, 0x65,
  0x44, 0x44, 0x43, 0x44, 0x45, 0x44, 0x44, 0x44, 0x44, 0x44, 0x43, 0x42, 0x23, 0x34, 0x56, 0x65, 0x44, 0x34, 0x44, 0x44, 0x44, 0x44, 0x43, 0x45,
  0x44, 0x44, 0x44, 0x53, 0x52, 0x33, 0x21, 0x56, 0x44, 0x65, 0x44, 0x35, 0x34, 0x54, 0x45, 0x34, 0x45, 0x45, 0x33, 0x43, 0x45, 0x43, 0x52, 0x23,
  0x22, 0x22, 0x66, 0x45, 0x54, 0x44, 0x43, 0x45, 0x44, 0x44, 0x44, 0x44, 0x44, 0x34, 0x44, 0x42, 0x22, 0x21, 0x15, 0x64, 0x45, 0x44, 0x45, 0x43,
  0x44, 0x44, 0x34, 0x44, 0x44, 0x44, 0x44, 0x34, 0x42, 0x33, 0x21, 0x21, 0x56, 0x55, 0x34, 0x45, 0x44, 0x43, 0x43, 0x44, 0x34, 0x44, 0x54, 0x44,
  0x43, 0x43, 0x32, 0x21, 0x21, 0x56, 0x46, 0x43, 0x44, 0x44, 0x44, 0x43, 0x53, 0x44, 0x35, 0x44, 0x54, 0x44, 0x42, 0x33, 0x22, 0x24, 0x56, 0x56,
  0x34, 0x43, 0x44, 0x34, 0x44, 0x45, 0x44, 0x34, 0x54, 0x44, 0x55, 0x32, 0x22, 0x21, 0x55, 0x55, 0x55, 0x34, 0x34, 0x54, 0x43, 0x54, 0x44, 0x44,
  0x45, 0x55, 0x44, 0x44, 0x42, 0x33, 0x32, 0x21, 0x55, 0x54, 0x44, 0x43, 0x44, 0x44, 0x44, 0x44, 0x43, 0x33, 0x34, 0x44, 0x44, 0x44, 0x53, 0x33,
  0x21, 0x11, 0x54, 0x54, 0x44, 0x45, 0x54, 0x43, 0x43, 0x43, 0x43, 0x53, 0x44, 0x44, 0x44, 0x33, 0x22, 0x11, 0x16, 0x55, 0x45, 0x44, 0x45, 0x44,
  0x43, 0x44, 0x43, 0x35, 0x44, 0x34, 0x44, 0x44, 0x53, 0x32, 0x12, 0x11, 0x56, 0x44, 0x44, 0x44, 0x44, 0x54, 0x53, 0x44, 0x44, 0x44, 0x43, 0x33,
  0x33, 0x32, 0x33, 0x21, 0x21, 0x65, 0x55, 0x44, 0x35, 0x44, 0x43, 0x33, 0x44, 0x34, 0x45, 0x44, 0x44, 0x54, 0x43, 0x32, 0x11, 0x26, 0x45, 0x45,
  0x54, 0x45, 0x44, 0x34, 0x44, 0x34, 0x35, 0x54, 0x44, 0x34, 0x44, 0x43, 0x32, 0x11, 0x54, 0x55, 0x55, 0x44, 0x34, 0x34, 0x55, 0x44, 0x44, 0x45,
  0x44, 0x43, 0x44, 0x44, 0x43, 0x33, 0x22, 0x22, 0x45, 0x55, 0x45, 0x44, 0x44, 0x44, 0x44, 0x43, 0x44, 0x35, 0x44, 0x44, 0x44, 0x43, 0x52, 0x31,
  0x22, 0x12, 0x56, 0x45, 0x54, 0x44, 0x34, 0x43, 0x43, 0x44, 0x53, 0x34, 0x44, 0x44, 0x44, 0x32, 0x21, 0x22, 0x16, 0x55, 0x55, 0x44, 0x44, 0x43,
  0x43, 0x43, 0x45, 0x54, 0x45, 0x45, 0x44, 0x44, 0x42, 0x21, 0x22, 0x11, 0x55, 0x55, 0x44, 0x43, 0x44, 0x44, 0x34, 0x44, 0x43, 0x44, 0x54, 0x44,
  0x34, 0x52, 0x31, 0x11, 0x11, 0x44, 0x55, 0x44, 0x34, 0x44, 0x44, 0x33, 0x44, 0x44, 0x44, 0x34, 0x44, 0x44, 0x32, 0x21, 0x12, 0x16, 0x45, 0x65,
  0x34, 0x44, 0x44, 0x43, 0x43, 0x53, 0x44, 0x54, 0x44, 0x43, 0x44, 0x42, 0x31, 0x12, 0x15, 0x45, 0x44, 0x44, 0x45, 0x44, 0x44, 0x44, 0x34, 0x43,
  0x44, 0x54, 0x44, 0x44, 0x33, 0x21, 0x12, 0x11, 0x65, 0x65, 0x34, 0x44, 0x43, 0x44, 0x44, 0x45, 0x44, 0x54, 0x44, 0x34, 0x34, 0x44, 0x43, 0x21,
  0x21, 0x11, 0x54, 0x44, 0x44, 0x44, 0x44, 0x43, 0x44, 0x44, 0x44, 0x43, 0x34, 0x34, 0x44, 0x43, 0x21, 0x21, 0x11, 0x45, 0x45, 0x44, 0x34, 0x44,
  0x44, 0x44, 0x35, 0x44, 0x45, 0x45, 0x44, 0x34, 0x42, 0x21, 0x11, 0x11, 0x54, 0x55, 0x44, 0x44, 0x54, 0x54, 0x44, 0x44, 0x45, 0x43, 0x53, 0x44,
  0x44, 0x43, 0x12, 0x21, 0x22, 0x56, 0x55, 0x34, 0x44, 0x45, 0x44, 0x44, 0x33, 0x45, 0x44, 0x44, 0x34, 0x44, 0x33, 0x12, 0x11, 0x12, 0x55, 0x46,
  0x45, 0x44, 0x44, 0x44, 0x34, 0x44, 0x44, 0x44, 0x34, 0x44, 0x44, 0x42, 0x12, 0x11, 0x11, 0x65, 0x46, 0x44, 0x44, 0x43, 0x53, 0x54, 0x44, 0x44,
  0x44, 0x45, 0x44, 0x44, 0x33, 0x12, 0x12, 0x21, 0x66, 0x45, 0x44, 0x53, 0x44, 0x44, 0x35, 0x54, 0x32, 0x32, 0x33, 0x22, 0x23, 0x22, 0x31, 0x12,
  0x21, 0x21, 0x15, 0x56, 0x32, 0x22, 0x32, 0x23, 0x33, 0x32, 0x23, 0x33, 0x32, 0x23, 0x23, 0x22, 0x11, 0x11, 0x12, 0x15, 0x46, 0x32, 0x32, 0x23,
  0x32, 0x32, 0x23, 0x22, 0x32, 0x33, 0x23, 0x33, 0x22, 0x21, 0x22, 0x22, 0x25, 0x64, 0x33, 0x33, 0x23, 0x22, 0x33, 0x33, 0x32, 0x23, 0x23, 0x23,
  0x23, 0x22, 0x21, 0x11, 0x12, 0x15, 0x66, 0x22, 0x33, 0x32, 0x22, 0x23, 0x23, 0x23, 0x23, 0x22, 0x22, 0x33, 0x32, 0x21, 0x12, 0x21, 0x15, 0x54,
  0x23, 0x33, 0x33, 0x32, 0x23, 0x32, 0x33, 0x32, 0x33, 0x33, 0x33, 0x32, 0x12, 0x22, 0x11, 0x26, 0x45, 0x23, 0x33, 0x23, 0x32, 0x23, 0x23, 0x22,
  0x32, 0x32, 0x22, 0x23, 0x31, 0x12, 0x22, 0x11, 0x16, 0x55, 0x23, 0x32, 0x22, 0x33, 0x23, 0x32, 0x32, 0x33, 0x33, 0x32, 0x33, 0x23, 0x11, 0x22,
  0x21, 0x12, 0x22, 0x64, 0x33, 0x23, 0x33, 0x33, 0x22, 0x33, 0x22, 0x32, 0x32, 0x23, 0x23, 0x21, 0x11, 0x11, 0x21, 0x12, 0x64, 0x22, 0x32, 0x33,
  0x23, 0x32, 0x23, 0x22, 0x23, 0x22, 0x33, 0x33, 0x22, 0x21, 0x21, 0x11, 0x12, 0x55, 0x32, 0x32, 0x33, 0x32, 0x23, 0x23, 0x33, 0x33, 0x23, 0x32,
  0x33, 0x12, 0x11, 0x21, 0x12, 0x12, 0x44, 0x32, 0x23, 0x23, 0x33, 0x32, 0x33, 0x23, 0x33, 0x22, 0x22, 0x33, 0x12, 0x12, 0x11, 0x21, 0x21, 0x56,
  0x22, 0x22, 0x33, 0x33, 0x23, 0x32, 0x33, 0x32, 0x32, 0x22, 0x32, 0x11, 0x21, 0x12, 0x11, 0x11, 0x55, 0x33, 0x23, 0x33, 0x32, 0x33, 0x22, 0x33,
  0x22, 0x22, 0x22, 0x22, 0x11, 0x22, 0x22, 0x11, 0x21, 0x44, 0x23, 0x32, 0x33, 0x33, 0x33, 0x33, 0x33, 0x23, 0x33, 0x32, 0x33, 0x31, 0x12, 0x11,
  0x21, 0x11, 0x21, 0x15, 0x32, 0x32, 0x33, 0x33, 0x33, 0x23, 0x33, 0x23, 0x32, 0x23, 0x32, 0x21, 0x21, 0x22, 0x12, 0x12, 0x26, 0x32, 0x32, 0x33,
  0x22, 0x32, 0x33, 0x22, 0x33, 0x33, 0x22, 0x21, 0x21, 0x21, 0x21, 0x12, 0x11, 0x26, 0x33, 0x32, 0x33, 0x23, 0x33, 0x32, 0x32, 0x32, 0x22, 0x22,
  0x32, 0x21, 0x22, 0x11, 0x22, 0x21, 0x15, 0x33, 0x23, 0x33, 0x22, 0x33, 0x22, 0x32, 0x33, 0x22, 0x32, 0x31, 0x21, 0x21, 0x21, 0x12, 0x12, 0x15,
  0x23, 0x33, 0x23, 0x22, 0x22, 0x32, 0x33, 0x32, 0x22, 0x23, 0x32, 0x22, 0x12, 0x12, 0x21, 0x11, 0x26, 0x32, 0x32, 0x33, 0x23, 0x23, 0x32, 0x32,
  0x33, 0x23, 0x23, 0x31, 0x22, 0x22, 0x11, 0x21, 0x11, 0x25, 0x23, 0x33, 0x22, 0x32, 0x32, 0x33, 0x33, 0x33, 0x32, 0x23, 0x22, 0x11, 0x21, 0x11,
  0x11, 0x11, 0x12, 0x12, 0x22, 0x33, 0x32, 0x32, 0x22, 0x23, 0x32, 0x33, 0x23, 0x33, 0x22, 0x11, 0x21, 0x11, 0x22, 0x21, 0x21, 0x32, 0x23, 0x23,
  0x33, 0x23, 0x32, 0x22, 0x22, 0x32, 0x32, 0x11, 0x11, 0x11, 0x11, 0x12, 0x21, 0x21, 0x23, 0x33, 0x22, 0x33, 0x32, 0x22, 0x32, 0x33, 0x23, 0x22,
  0x11, 0x22, 0x22, 0x21, 0x21, 0x12, 0x11, 0x33, 0x33, 0x33, 0x33, 0x22, 0x23, 0x32, 0x23, 0x33, 0x32, 0x12, 0x12, 0x22, 0x11, 0x21, 0x22, 0x12,
  0x33, 0x23, 0x33, 0x33, 0x23, 0x33, 0x32, 0x32, 0x33, 0x33, 0x12, 0x22, 0x22, 0x21, 0x11, 0x12, 0x21, 0x23, 0x33, 0x33, 0x22, 0x22, 0x33, 0x23,
  0x33, 0x32, 0x33, 0x11, 0x21, 0x11, 0x22, 0x21, 0x11, 0x12, 0x32, 0x32, 0x22, 0x33, 0x23, 0x33, 0x21, 0x21, 0x11, 0x11, 0x21, 0x21, 0x12, 0x21,
  0x11, 0x11, 0x12, 0x21, 0x11, 0x11, 0x11, 0x12, 0x22, 0x21, 0x21, 0x12, 0x21, 0x21, 0x12, 0x11, 0x12, 0x22, 0x11, 0x11, 0x11, 0x11, 0x22, 0x12,
  0x12, 0x22, 0x12, 0x21, 0x11, 0x22, 0x21, 0x21, 0x11, 0x11, 0x21, 0x21, 0x12, 0x12, 0x22, 0x22, 0x21, 0x12, 0x11, 0x11, 0x11, 0x11, 0x21, 0x22,
  0x11, 0x11, 0x12, 0x12, 0x11, 0x12, 0x22, 0x12, 0x11, 0x22, 0x11, 0x22, 0x22, 0x22, 0x11, 0x21, 0x11, 0x11, 0x12, 0x22, 0x12, 0x22, 0x11, 0x21,
  0x22, 0x21, 0x11, 0x11, 0x11, 0x22, 0x11, 0x12, 0x15, 0x44, 0x66, 0x54, 0x65, 0x65, 0x11, 0x12, 0x55, 0x55, 0x41, 0x22, 0x11, 0x21, 0x11, 0x21,
  0x22, 0x12, 0x12, 0x12, 0x12, 0x21, 0x11, 0x21, 0x21, 0x11, 0x12, 0x22, 0x11, 0x22, 0x22, 0x22, 0x11, 0x11, 0x11, 0x12, 0x11, 0x21, 0x22, 0x21,
  0x22, 0x12, 0x11, 0x11, 0x21, 0x12, 0x21, 0x12, 0x11, 0x12, 0x21, 0x22, 0x21, 0x12, 0x12, 0x11, 0x11, 0x11, 0x11, 0x11, 0x11, 0x11, 0x21, 0x12,
  0x21, 0x22, 0x11, 0x22, 0x21, 0x11, 0x22, 0x22, 0x21, 0x11, 0x21, 0x12, 0x12, 0x11, 0x22, 0x12, 0x11, 0x11, 0x11, 0x12, 0x21, 0x21, 0x21, 0x22,
  0x64, 0x45, 0x54, 0x65, 0x11, 0x12, 0x12, 0x21, 0x21, 0x22, 0x12, 0x21, 0x12, 0x12, 0x11, 0x22, 0x11, 0x22, 0x12, 0x11, 0x12, 0x21, 0x11, 0x21,
  0x12, 0x21, 0x11, 0x11, 0x12, 0x21, 0x12, 0x22, 0x65, 0x55, 0x46, 0x64, 0x55, 0x45, 0x55, 0x55, 0x45, 0x45, 0x45, 0x11, 0x11, 0x11, 0x11, 0x12,
  0x22, 0x22, 0x11, 0x11, 0x22, 0x11, 0x11, 0x11, 0x11, 0x12, 0x11, 0x11, 0x12, 0x21, 0x12, 0x11, 0x21, 0x12, 0x21, 0x12, 0x12, 0x21, 0x21, 0x22,
  0x21, 0x22, 0x21, 0x22, 0x22, 0x12, 0x11, 0x11, 0x21, 0x22, 0x11, 0x11, 0x11, 0x12, 0x22, 0x11, 0x21, 0x11, 0x12, 0x22, 0x21, 0x21, 0x21, 0x11,
  0x12, 0x11, 0x11, 0x21, 0x21, 0x11, 0x21, 0x22, 0x22, 0x11, 0x55, 0x46, 0x64, 0x66, 0x11, 0x12, 0x41, 0x12, 0x21, 0x12, 0x22, 0x12, 0x66, 0x55,
  0x45, 0x45, 0x56, 0x55, 0x22, 0x22, 0x11, 0x11, 0x21, 0x11, 0x12, 0x11, 0x22, 0x21, 0x15, 0x46, 0x12, 0x11, 0x44, 0x55, 0x22, 0x21, 0x11, 0x11,
  0x22, 0x11, 0x22, 0x11, 0x22, 0x11, 0x11, 0x16, 0x55, 0x56, 0x45, 0x45, 0x56, 0x56, 0x56, 0x66, 0x65, 0x56, 0x56, 0x51, 0x12, 0x11, 0x21, 0x21,
  0x22, 0x11, 0x11, 0x21, 0x21, 0x21, 0x11, 0x12, 0x22, 0x22, 0x12, 0x11, 0x12, 0x11, 0x11, 0x11, 0x12, 0x12, 0x21, 0x12, 0x21, 0x22, 0x11, 0x21,
  0x21, 0x21, 0x22, 0x12, 0x12, 0x11, 0x11, 0x11, 0x21, 0x22, 0x21, 0x22, 0x21, 0x21, 0x11, 0x11, 0x12, 0x21, 0x55, 0x64, 0x21, 0x11, 0x11, 0x21,
  0x12, 0x11, 0x11, 0x11, 0x65, 0x66, 0x64, 0x55, 0x44, 0x55, 0x55, 0x55, 0x65, 0x64, 0x65, 0x55, 0x55, 0x21, 0x22, 0x21, 0x21, 0x64, 0x56, 0x44,
  0x46, 0x55, 0x55, 0x65, 0x46, 0x55, 0x45, 0x55, 0x55, 0x55, 0x12, 0x11, 0x11, 0x12, 0x55, 0x55, 0x55, 0x55, 0x66, 0x56, 0x12, 0x21, 0x12, 0x12,
  0x12, 0x21, 0x54, 0x11, 0x21, 0x12, 0x11, 0x55, 0x46, 0x46, 0x65, 0x55, 0x55, 0x55, 0x46, 0x64, 0x55, 0x56, 0x44, 0x45, 0x22, 0x11, 0x11, 0x21,
  0x45, 0x55, 0x12, 0x11, 0x46, 0x46, 0x21, 0x11, 0x12, 0x11, 0x12, 0x12, 0x54, 0x12, 0x11, 0x11, 0x12, 0x16, 0x21, 0x12, 0x55, 0x54, 0x56, 0x54,
  0x12, 0x12, 0x45, 0x44, 0x66, 0x45, 0x21, 0x22, 0x11, 0x22, 0x25, 0x55, 0x12, 0x11, 0x46, 0x45, 0x12, 0x21, 0x55, 0x56, 0x22, 0x11, 0x64, 0x55,
  0x51, 0x21, 0x11, 0x25, 0x54, 0x54, 0x56, 0x65, 0x55, 0x46, 0x46, 0x56, 0x54, 0x66, 0x56, 0x54, 0x66, 0x41, 0x22, 0x21, 0x22, 0x56, 0x45, 0x45,
  0x44, 0x66, 0x56, 0x64, 0x64, 0x45, 0x56, 0x54, 0x66, 0x65, 0x61, 0x22, 0x21, 0x21, 0x46, 0x54, 0x55, 0x55, 0x56, 0x55, 0x55, 0x56, 0x44, 0x54,
  0x66, 0x55, 0x46, 0x51, 0x11, 0x22, 0x15, 0x66, 0x66, 0x44, 0x55, 0x64, 0x46, 0x56, 0x46, 0x55, 0x54, 0x55, 0x44, 0x65, 0x51, 0x12, 0x11, 0x11,
  0x54, 0x55, 0x54, 0x55, 0x55, 0x65, 0x21, 0x11, 0x44, 0x54, 0x12, 0x11, 0x66, 0x61, 0x22, 0x11, 0x11, 0x44, 0x65, 0x46, 0x55, 0x46, 0x45, 0x54,
  0x55, 0x46, 0x54, 0x46, 0x46, 0x54, 0x56, 0x46, 0x11, 0x12, 0x45, 0x65, 0x66, 0x44, 0x46, 0x45, 0x56, 0x44, 0x44, 0x56, 0x55, 0x54, 0x56, 0x55,
  0x46, 0x11, 0x12, 0x64, 0x55, 0x66, 0x66, 0x54, 0x55, 0x46, 0x55, 0x55, 0x64, 0x55, 0x64, 0x54, 0x45, 0x54, 0x22, 0x12, 0x22, 0x45, 0x44, 0x55,
  0x45, 0x65, 0x64, 0x66, 0x44, 0x56, 0x55, 0x66, 0x66, 0x55, 0x55, 0x22, 0x21, 0x11, 0x56, 0x44, 0x66, 0x65, 0x54, 0x44, 0x54, 0x66, 0x55, 0x54,
  0x65, 0x45, 0x45, 0x55, 0x11, 0x21, 0x65, 0x54, 0x55, 0x65, 0x45, 0x56, 0x55, 0x64, 0x64, 0x56, 0x55, 0x56, 0x54, 0x46, 0x45, 0x21, 0x11, 0x66,
  0x55, 0x64, 0x55, 0x55, 0x64, 0x65, 0x54, 0x55, 0x65, 0x45, 0x46, 0x66, 0x66, 0x44, 0x12, 0x12, 0x25, 0x46, 0x54, 0x64, 0x45, 0x44, 0x44, 0x44,
  0x44, 0x44, 0x44, 0x43, 0x44, 0x44, 0x43, 0x32, 0x21, 0x15, 0x55, 0x44, 0x53, 0x44, 0x33, 0x55, 0x43, 0x34, 0x44, 0x44, 0x54, 0x44, 0x33, 0x54,
  0x22, 0x31, 0x24, 0x44, 0x66, 0x64, 0x43, 0x44, 0x44, 0x44, 0x44, 0x34, 0x44, 0x44, 0x43, 0x34, 0x44, 0x33, 0x32, 0x11, 0x12, 0x65, 0x53, 0x53,
  0x34, 0x43, 0x45, 0x44, 0x34, 0x43, 0x44, 0x44, 0x43, 0x43, 0x23, 0x31, 0x22, 0x11, 0x64, 0x54, 0x44, 0x44, 0x44, 0x44, 0x34, 0x43, 0x44, 0x44,
  0x43, 0x44, 0x45, 0x32, 0x22, 0x21, 0x56, 0x44, 0x54, 0x33, 0x44, 0x43, 0x44, 0x45, 0x33, 0x44, 0x44, 0x44, 0x43, 0x44, 0x23, 0x22, 0x25, 0x55,
  0x56, 0x54, 0x45, 0x44, 0x35, 0x43, 0x44, 0x43, 0x44, 0x34, 0x54, 0x44, 0x53, 0x22, 0x21, 0x25, 0x64, 0x55, 0x65, 0x54, 0x44, 0x44, 0x44, 0x55,
  0x44, 0x45, 0x44, 0x43, 0x44, 0x44, 0x54, 0x33, 0x23, 0x45, 0x44, 0x66, 0x54, 0x43, 0x43, 0x43, 0x55, 0x44, 0x54, 0x44, 0x45, 0x44, 0x34, 0x44,
  0x22, 0x22, 0x25, 0x55, 0x45, 0x54, 0x44, 0x44, 0x53, 0x44, 0x34, 0x34, 0x45, 0x44, 0x44, 0x43, 0x43, 0x23, 0x33, 0x22, 0x12, 0x54, 0x44, 0x44,
  0x44, 0x44, 0x34, 0x44, 0x44, 0x43, 0x54, 0x34, 0x44, 0x44, 0x33, 0x23, 0x12, 0x21, 0x64, 0x53, 0x45, 0x44, 0x53, 0x44, 0x44, 0x34, 0x45, 0x3d,
  0x45, 0x44, 0x33, 0x32, 0x23, 0x11, 0x55, 0x56, 0x54, 0x44, 0x44, 0x34, 0x44, 0x34, 0x44, 0x53, 0x44, 0x44, 0x53, 0x44, 0x33, 0x32, 0x54, 0x55,
  0x56, 0x53, 0x44, 0x35, 0x44, 0x44, 0x44, 0x44, 0x45, 0x44, 0x53, 0x44, 0x44, 0x22, 0x32, 0x64, 0x21, 0x44, 0x54, 0x54, 0x53, 0x44, 0x44, 0x44,
  0x33, 0x44, 0x45, 0x45, 0x43, 0x45, 0x54, 0x32, 0x32, 0x55, 0x46, 0x55, 0x64, 0x34, 0x45, 0x43, 0x44, 0x44, 0x45, 0x34, 0x44, 0x44, 0x33, 0x34,
  0x32, 0x32, 0x12, 0x55, 0x66, 0x44, 0x44, 0x45, 0x44, 0x43, 0x44, 0x54, 0x54, 0x44, 0x44, 0x54, 0x44, 0x32, 0x32, 0x21, 0x15, 0x46, 0x54, 0x54,
  0x44, 0x54, 0x43, 0x44, 0x44, 0x44, 0x34, 0x54, 0x44, 0x45, 0x23, 0x23, 0x11, 0x12, 0x54, 0x54, 0x44, 0x44, 0x35, 0x43, 0x44, 0x53, 0x44, 0x44,
  0x44, 0x45, 0x53, 0x22, 0x32, 0x12, 0x66, 0x65, 0x63, 0x43, 0x44, 0x35, 0x35, 0x44, 0x44, 0x44, 0x54, 0x34, 0x44, 0x44, 0x32, 0x32, 0x24, 0x54,
  0x54, 0x64, 0x44, 0x43, 0x54, 0x44, 0x44, 0x44, 0x43, 0x35, 0x43, 0x44, 0x43, 0x22, 0x22, 0x15, 0x11, 0x56, 0x56, 0x64, 0x44, 0x44, 0x44, 0x44,
  0x54, 0x44, 0x45, 0x54, 0x54, 0x54, 0x44, 0x33, 0x22, 0x65, 0x65, 0x55, 0x54, 0x33, 0x44, 0x44, 0x34, 0x44, 0x34, 0x44, 0x44, 0x43, 0x43, 0x34,
  0x32, 0x33, 0x11, 0x54, 0x44, 0x43, 0x44, 0x44, 0x43, 0x44, 0x53, 0x34, 0x34, 0x43, 0x44, 0x45, 0x44, 0x33, 0x32, 0x12, 0x16, 0x46, 0x64, 0x44,
  0x44, 0x45, 0x43, 0x43, 0x44, 0x44, 0x35, 0x43, 0x44, 0x44, 0x33, 0x23, 0x21, 0x12, 0x56, 0x64, 0x34, 0x44, 0x44, 0x44, 0x34, 0x45, 0x44, 0x44,
  0x44, 0x43, 0x34, 0x33, 0x33, 0x22, 0x54, 0x65, 0x65, 0x33, 0x33, 0x44, 0x44, 0x44, 0x34, 0x44, 0x35, 0x34, 0x34, 0x44, 0x33, 0x33, 0x24, 0x54,
  0x54, 0x55, 0x44, 0x44, 0x45, 0x44, 0x44, 0x43, 0x44, 0x44, 0x34, 0x44, 0x44, 0x22, 0x33, 0x15, 0x22, 0x45, 0x65, 0x44, 0x44, 0x34, 0x44, 0x33,
  0x44, 0x44, 0x44, 0x45, 0x44, 0x34, 0x43, 0x32, 0x23, 0x55, 0x54, 0x45, 0x64, 0x54, 0x53, 0x34, 0x33, 0x44, 0x43, 0x44, 0x44, 0x44, 0x44, 0x34,
  0x33, 0x32, 0x11, 0x45, 0x56, 0x43, 0x34, 0x44, 0x44, 0x54, 0x44, 0x55, 0x45, 0x45, 0x34, 0x44, 0x44, 0x32, 0x23, 0x12, 0x16, 0x64, 0x64, 0x44,
  0x35, 0x44, 0x45, 0x33, 0x44, 0x44, 0x45, 0x45, 0x54, 0x34, 0x33, 0x33, 0x21, 0x11, 0x65, 0x44, 0x35, 0x44, 0x53, 0x44, 0x54, 0x44, 0x45, 0x44,
  0x44, 0x44, 0x43, 0x32, 0x32, 0x12, 0x66, 0x56, 0x45, 0x45, 0x44, 0x33, 0x34, 0x35, 0x43, 0x44, 0x44, 0x45, 0x44, 0x44, 0x23, 0x22, 0x24, 0x56,
  0x45, 0x64, 0x54, 0x44, 0x44, 0x44, 0x44, 0x44, 0x55, 0x54, 0x44, 0x34, 0x44, 0x22, 0x23, 0x24, 0x11, 0x46, 0x46, 0x63, 0x44, 0x44, 0x44, 0x44,
  0x44, 0x44, 0x44, 0x44, 0x35, 0x44, 0x44, 0x23, 0x33, 0x55, 0x56, 0x64, 0x54, 0x34, 0x54, 0x44, 0x44, 0x35, 0x43, 0x34, 0x45, 0x44, 0x44, 0x54,
  0x32, 0x32, 0x12, 0x56, 0x44, 0x55, 0x54, 0x44, 0x44, 0x43, 0x44, 0x44, 0x54, 0x44, 0x44, 0x44, 0x43, 0x32, 0x33, 0x12, 0x25, 0x65, 0x54, 0x44,
  0x45, 0x44, 0x44, 0x43, 0x43, 0x44, 0x44, 0x44, 0x43, 0x43, 0x22, 0x22, 0x12, 0x12, 0x55, 0x64, 0x44, 0x44, 0x43, 0x44, 0x35, 0x44, 0x44, 0x34,
  0x45, 0x44, 0x35, 0x32, 0x22, 0x22, 0x55, 0x56, 0x54, 0x43, 0x43, 0x44, 0x44, 0x44, 0x33, 0x44, 0x34, 0x43, 0x44, 0x34, 0x33, 0x32, 0x14, 0x46,
  0x65, 0x54, 0x44, 0x44, 0x44, 0x44, 0x44, 0x44, 0x44, 0x44, 0x44, 0x43, 0x44, 0x23, 0x32, 0x14, 0x15, 0x65, 0x54, 0x44, 0x44, 0x34, 0x54, 0x34,
  0x44, 0x44, 0x44, 0x43, 0x54, 0x44, 0x43, 0x23, 0x32, 0x21, 0x66, 0x55, 0x64, 0x44, 0x44, 0x54, 0x44, 0x43, 0x44, 0x44, 0x44, 0x43, 0x45, 0x44,
  0x23, 0x23, 0x46, 0x55, 0x64, 0x53, 0x44, 0x44, 0x44, 0x33, 0x44, 0x44, 0x44, 0x43, 0x43, 0x44, 0x44, 0x33, 0x33, 0x22, 0x11, 0x65, 0x44, 0xd4,
  0x44, 0x34, 0x44, 0x34, 0x44, 0x44, 0x44, 0x44, 0x44, 0x44, 0x23, 0x23, 0x11, 0x22, 0x44, 0x53, 0x33, 0x44, 0x44, 0x34, 0x44, 0x34, 0x43, 0x44,
  0x44, 0x44, 0x34, 0x32, 0x22, 0x14, 0x55, 0x55, 0x55, 0x44, 0x44, 0x55, 0x44, 0x34, 0x33, 0x34, 0x44, 0x45, 0x43, 0x44, 0x22, 0x22, 0x15, 0x66,
  0x55, 0x55, 0x44, 0x44, 0x43, 0x35, 0x44, 0x44, 0x45, 0x44, 0x44, 0x34, 0x44, 0x22, 0x22, 0x54, 0x25, 0x55, 0x46, 0x54, 0x45, 0x44, 0x45, 0x44,
  0x34, 0x44, 0x34, 0x44, 0x34, 0x44, 0x44, 0x33, 0x33, 0x21, 0x66, 0x55, 0x53, 0x44, 0x54, 0x44, 0x33, 0x44, 0x44, 0x34, 0x44, 0x44, 0x44, 0x44,
  0x33, 0x22, 0x65, 0x66, 0x64, 0x44, 0x44, 0x44, 0x44, 0x43, 0x54, 0x43, 0x44, 0x44, 0x34, 0x43, 0x44, 0x32, 0x23, 0x21, 0x22, 0x46, 0x64, 0x34,
  0x34, 0x44, 0x43, 0x44, 0x44, 0x34, 0x43, 0x44, 0x45, 0x44, 0x22, 0x22, 0x12, 0x11, 0x56, 0x64, 0x43, 0x44, 0x44, 0x34, 0x44, 0x44, 0x54, 0x34,
  0x54, 0x34, 0xd3, 0x32, 0x23, 0x25, 0x55, 0x65, 0x53, 0x44, 0x44, 0x44, 0x53, 0x44, 0x44, 0x34, 0x44, 0x44, 0x43, 0x44, 0x33, 0x32, 0x26, 0x64,
  0x45, 0x54, 0x34, 0x44, 0x45, 0x44, 0x44, 0x44, 0x34, 0x54, 0x44, 0x44, 0x44, 0x22, 0x32, 0x45, 0x26, 0x45, 0x56, 0x54, 0x44, 0x44, 0x44, 0x54,
  0x34, 0x53, 0x44, 0x45, 0x44, 0x43, 0x44, 0x33, 0x33, 0x21, 0x65, 0x64, 0x54, 0x34, 0x44, 0x34, 0x45, 0x34, 0x44, 0x44, 0x34, 0x44, 0x44, 0x45,
  0x33, 0x23, 0x66, 0x55, 0x55, 0x54, 0x44, 0x44, 0x44, 0x44, 0x45, 0x54, 0x45, 0x54, 0x34, 0x45, 0x44, 0x32, 0x32, 0x11, 0x21, 0x64, 0x44, 0x45,
  0x53, 0x44, 0x44, 0x4d, 0x45, 0x55, 0x54, 0x45, 0x45, 0x44, 0x32, 0x22, 0x11, 0x22, 0x45, 0x55, 0x44, 0x44, 0x34, 0x44, 0xd4, 0x44, 0x44, 0x44,
  0x54, 0x44, 0x44, 0x33, 0x32, 0x24, 0x55, 0x45, 0x44, 0x44, 0x44, 0x44, 0x44, 0x44, 0x45, 0x44, 0x43, 0x45, 0xd5, 0x44, 0x33, 0x23, 0x24, 0x55,
  0x55, 0x64, 0x44, 0x34, 0x44, 0x44, 0x54, 0x54, 0x34, 0x44, 0x4d, 0x34, 0x44, 0x32, 0x32, 0x55, 0x16, 0x66, 0x54, 0x54, 0x44, 0x44, 0x43, 0x44,
  0x33, 0x44, 0x44, 0x44, 0x33, 0x44, 0x45, 0x22, 0x23, 0x21, 0x46, 0x46, 0x63, 0x44, 0x44, 0x44, 0x44, 0x33, 0x44, 0x34, 0x34, 0x43, 0x54, 0x44,
  0x33, 0x23, 0x55, 0x55, 0x55, 0x55, 0x44, 0x45, 0x44, 0x44, 0x4d, 0x44, 0x43, 0x45, 0x44, 0x44, 0x43, 0x23, 0x33, 0x21, 0x11, 0x46, 0x53, 0x34,
  0x45, 0x45, 0x54, 0x44, 0x33, 0x45, 0x54, 0x45, 0x43, 0x34, 0x23, 0x23, 0x11, 0x21, 0x55, 0x54, 0x34, 0x44, 0x44, 0x44, 0x44, 0x44, 0x44, 0x44,
  0x54, 0x54, 0x54, 0x23, 0x22, 0x15, 0x54, 0x64, 0x64, 0x34, 0x44, 0x44, 0x44, 0x54, 0x45, 0x43, 0x43, 0x44, 0x45, 0x44, 0x32, 0x22, 0x15, 0x56,
  0x55, 0x53, 0x44, 0x43, 0x33, 0x44, 0x44, 0x44, 0x54, 0x44, 0x44, 0x44, 0x34, 0x23, 0x32, 0x55, 0x12, 0x56, 0x54, 0x54, 0x45, 0x44, 0x54, 0x44,
  0x44, 0x44, 0x44, 0x44, 0x44, 0x44, 0x34, 0x22, 0x33, 0x11, 0x66, 0x66, 0x54, 0x44, 0x45, 0x44, 0x44, 0x44, 0x43, 0x44, 0x44, 0x54, 0x44, 0x44,
  0x32, 0x32, 0x16, 0x46, 0x65, 0x64, 0x44, 0x44, 0x45, 0x53, 0x43, 0x44, 0x44, 0x44, 0x44, 0x43, 0x44, 0x22, 0x23, 0x11, 0x14, 0x45, 0x53, 0x44,
  0x44, 0x43, 0x44, 0x44, 0x35, 0x43, 0x44, 0x44, 0x43, 0x45, 0x23, 0x23, 0x22, 0x24, 0x65, 0x54, 0x44, 0x34, 0x44, 0x44, 0x44, 0x55, 0x44, 0x44,
  0x44, 0x34, 0x44, 0x33, 0x23, 0x24, 0x54, 0x55, 0x44, 0x44, 0x55, 0x44, 0x43, 0x45, 0x33, 0x54, 0x53, 0x43, 0x44, 0x44, 0x32, 0x22, 0x45, 0x56,
  0x55, 0x54, 0x43, 0x54, 0x34, 0x34, 0x43, 0x45, 0x43, 0x44, 0x44, 0x44, 0x44, 0x33, 0x32, 0x54, 0x11, 0x55, 0x65, 0x55, 0x55, 0x45, 0x44, 0x44,
  0x44, 0x44, 0x43, 0x54, 0x44, 0x44, 0x44, 0x32, 0x33, 0x12, 0x55, 0x65, 0x54, 0x34, 0x44, 0x54, 0x44, 0x43, 0x44, 0x44, 0x44, 0x44, 0x44, 0x44,
  0x33, 0x33, 0x15, 0x66, 0x55, 0x64, 0x44, 0x54, 0x44, 0x35, 0x44, 0x44, 0x44, 0x44, 0x44, 0x45, 0x44, 0x22, 0x32, 0x22, 0x14, 0x65, 0x44, 0x44,
  0x44, 0x44, 0x34, 0x43, 0x44, 0x44, 0x43, 0x44, 0x44, 0x33, 0x32, 0x33, 0x11, 0x26, 0x64, 0x54, 0x34, 0x44, 0x44, 0x45, 0x45, 0x44, 0x43, 0x34,
  0x54, 0x44, 0x44, 0x33, 0x22, 0x25, 0x45, 0x55, 0x54, 0x44, 0x34, 0x44, 0x45, 0x44, 0x44, 0x44, 0x44, 0x33, 0x44, 0x34, 0x23, 0x33, 0x56, 0x55,
  0x46, 0x54, 0x44, 0x54, 0x43, 0x43, 0x44, 0x44, 0x44, 0x44, 0x44, 0x44, 0x44, 0x32, 0x33, 0x56, 0x22, 0x45, 0x65, 0x54, 0x44, 0x44, 0x44, 0x44,
  0x33, 0x43, 0x54, 0x44, 0x43, 0x34, 0x33, 0x22, 0x23, 0x22, 0x54, 0x46, 0x54, 0x44, 0x45, 0x44, 0x55, 0x44, 0x43, 0x43, 0x44, 0x45, 0x44, 0x44,
  0x23, 0x33, 0x26, 0x45, 0x45, 0x54, 0x55, 0x44, 0x44, 0x34, 0x44, 0x43, 0x54, 0x44, 0x34, 0x44, 0x44, 0x22, 0x22, 0x12, 0x15, 0x56, 0x54, 0x53,
  0x43, 0x44, 0x44, 0x44, 0x44, 0x44, 0x44, 0x44, 0x45, 0x43, 0x33, 0x33, 0x12, 0x24, 0x55, 0x53, 0x43, 0x44, 0x34, 0x44, 0x34, 0x44, 0x44, 0x44,
  0x44, 0x44, 0x43, 0x23, 0x22, 0x14, 0x55, 0x56, 0x53, 0x34, 0x35, 0x44, 0x43, 0x54, 0x44, 0x43, 0x44, 0x44, 0x44, 0x44, 0x33, 0x23, 0x64, 0x56,
  0x55, 0x53, 0x34, 0x54, 0x45, 0x34, 0x43, 0x45, 0x43, 0x34, 0x54, 0x43, 0x44, 0x23, 0x32, 0x46, 0x11, 0x66, 0x56, 0x64, 0x43, 0x44, 0x44, 0x34,
  0x34, 0x44, 0x44, 0x44, 0x44, 0x44, 0x44, 0x32, 0x21, 0x21, 0x45, 0x65, 0x55, 0x35, 0x43, 0x45, 0x34, 0x44, 0x44, 0x45, 0x34, 0x44, 0x44, 0x43,
  0x32, 0x32, 0x15, 0x45, 0x45, 0x54, 0x34, 0x33, 0x54, 0x44, 0x35, 0x45, 0x44, 0x45, 0x54, 0x44, 0x44, 0x33, 0x31, 0x12, 0x24, 0x55, 0x64, 0x44,
  0x43, 0x44, 0x45, 0x44, 0x44, 0x34, 0x4d, 0x44, 0x35, 0x55, 0x33, 0x22, 0x11, 0x15, 0x65, 0x64, 0x44, 0x35, 0x44, 0x44, 0x43, 0x44, 0x34, 0x44,
  0x54, 0x44, 0x34, 0x33, 0x32, 0x25, 0x45, 0x54, 0x54, 0x44, 0x54, 0x44, 0x45, 0x44, 0x44, 0x43, 0x34, 0x45, 0x55, 0x43, 0x33, 0x31, 0x14, 0x55,
  0x55, 0x54, 0x44, 0x44, 0x45, 0x44, 0x43, 0x44, 0x33, 0x44, 0x44, 0x54, 0x44, 0x23, 0x32, 0x15, 0x22, 0x45, 0x54, 0x54, 0x44, 0x34, 0x44, 0x44,
  0x44, 0x44, 0x44, 0x45, 0x44, 0x44, 0x45, 0x23, 0x21, 0x11, 0x56, 0x66, 0x44, 0x44, 0x44, 0x34, 0x44, 0x44, 0x44, 0x43, 0x54, 0x44, 0x34, 0x44,
  0x22, 0x21, 0x21, 0x56, 0x45, 0x54, 0x54, 0x44, 0x44, 0x44, 0x44, 0x44, 0x35, 0x35, 0x34, 0x45, 0x44, 0x33, 0x12, 0x11, 0x56, 0x66, 0x64, 0x43,
  0x44, 0x44, 0x44, 0x44, 0x43, 0x54, 0x44, 0x34, 0x45, 0x44, 0x22, 0x11, 0x21, 0x11, 0x65, 0x54, 0x44, 0x43, 0x45, 0x44, 0x34, 0x43, 0x44, 0x43,
  0x44, 0x54, 0x44, 0x33, 0x22, 0x11, 0x54, 0x55, 0x53, 0x43, 0x44, 0x44, 0x34, 0x44, 0x44, 0x43, 0x34, 0x44, 0x44, 0x34, 0x32, 0x22, 0x22, 0x56,
  0x55, 0x54, 0x34, 0x45, 0x44, 0x45, 0x44, 0x44, 0x43, 0x33, 0x43, 0x33, 0x44, 0x33, 0x11, 0x11, 0x21, 0x24, 0x65, 0x54, 0x33, 0x44, 0x34, 0x43,
  0x45, 0x44, 0x44, 0x45, 0x44, 0x44, 0x43, 0x32, 0x21, 0x11, 0x24, 0x55, 0x53, 0x44, 0x34, 0x44, 0x43, 0x44, 0x33, 0x34, 0x53, 0x44, 0x54, 0x44,
  0x31, 0x21, 0x21, 0x24, 0x65, 0x53, 0x33, 0x44, 0x43, 0x44, 0x44, 0x54, 0x44, 0x34, 0x34, 0x44, 0x44, 0x32, 0x11, 0x21, 0x24, 0x56, 0x54, 0x53,
  0x44, 0x44, 0x44, 0x43, 0x44, 0x34, 0x54, 0x43, 0x44, 0x44, 0x22, 0x21, 0x22, 0x21, 0x55, 0x63, 0x44, 0x54, 0x53, 0x44, 0x44, 0x44, 0x44, 0x34,
  0x54, 0x54, 0x44, 0x32, 0x22, 0x12, 0x14, 0x55, 0x44, 0x44, 0x45, 0x44, 0x54, 0x44, 0x4d, 0x43, 0x44, 0x44, 0x55, 0x45, 0x32, 0x12, 0x11, 0x16,
  0x56, 0x55, 0x44, 0x44, 0x34, 0x44, 0x44, 0x44, 0x44, 0x44, 0x44, 0x44, 0x44, 0x22, 0x12, 0x21, 0x12, 0x12, 0x64, 0x63, 0x23, 0x32, 0x22, 0x22,
  0x22, 0x33, 0x23, 0x33, 0x33, 0x23, 0x23, 0x22, 0x12, 0x12, 0x21, 0x56, 0x63, 0x23, 0x32, 0x32, 0x22, 0x33, 0x23, 0x32, 0x23, 0x33, 0x32, 0x32,
  0x22, 0x22, 0x12, 0x12, 0x46, 0x52, 0x33, 0x22, 0x33, 0x33, 0x33, 0x22, 0x23, 0x32, 0x33, 0x33, 0x32, 0x12, 0x11, 0x12, 0x12, 0x56, 0x42, 0x33,
  0x23, 0x33, 0x22, 0x33, 0x22, 0x23, 0x23, 0x33, 0x23, 0x23, 0x11, 0x12, 0x21, 0x12, 0x54, 0x63, 0x33, 0x32, 0x33, 0x22, 0x33, 0x33, 0x32, 0x32,
  0x22, 0x22, 0x23, 0x22, 0x21, 0x21, 0x21, 0x45, 0x43, 0x33, 0x32, 0x22, 0x32, 0x23, 0x23, 0x33, 0x23, 0x33, 0x33, 0x33, 0x11, 0x21, 0x22, 0x11,
  0x65, 0x53, 0x33, 0x23, 0x32, 0x33, 0x23, 0x33, 0x22, 0x23, 0x23, 0x22, 0x22, 0x22, 0x12, 0x11, 0x12, 0x11, 0x25, 0x53, 0x23, 0x32, 0x32, 0x33,
  0x22, 0x33, 0x23, 0x33, 0x22, 0x32, 0x22, 0x21, 0x11, 0x11, 0x11, 0x15, 0x53, 0x33, 0x22, 0x33, 0x32, 0x32, 0x33, 0x33, 0x33, 0x23, 0x33, 0x32,
  0x12, 0x11, 0x21, 0x21, 0x26, 0x43, 0x23, 0x32, 0x22, 0x23, 0x22, 0x33, 0x23, 0x23, 0x33, 0x32, 0x21, 0x21, 0x11, 0x11, 0x11, 0x15, 0x63, 0x22,
  0x23, 0x22, 0x32, 0x23, 0x33, 0x33, 0x33, 0x32, 0x23, 0x31, 0x11, 0x21, 0x11, 0x12, 0x15, 0x52, 0x32, 0x32, 0x32, 0x33, 0x33, 0x22, 0x33, 0x22,
  0x32, 0x22, 0x32, 0x21, 0x12, 0x11, 0x12, 0x25, 0x43, 0x33, 0x33, 0x33, 0x22, 0x23, 0x22, 0x23, 0x33, 0x32, 0x33, 0x21, 0x11, 0x21, 0x11, 0x11,
  0x14, 0x63, 0x22, 0x23, 0x33, 0x33, 0x32, 0x22, 0x33, 0x32, 0x33, 0x32, 0x31, 0x11, 0x11, 0x21, 0x21, 0x11, 0x12, 0x53, 0x32, 0x33, 0x22, 0x33,
  0x22, 0x32, 0x23, 0x33, 0x22, 0x33, 0x12, 0x12, 0x11, 0x21, 0x22, 0x11, 0x63, 0x23, 0x23, 0x33, 0x33, 0x22, 0x32, 0x33, 0x32, 0x22, 0x23, 0x21,
  0x22, 0x21, 0x11, 0x22, 0x22, 0x63, 0x33, 0x22, 0x33, 0x23, 0x32, 0x33, 0x33, 0x22, 0x32, 0x23, 0x12, 0x12, 0x11, 0x12, 0x12, 0x21, 0x52, 0x33,
  0x33, 0x33, 0x22, 0x33, 0x32, 0x33, 0x22, 0x32, 0x23, 0x12, 0x11, 0x22, 0x12, 0x12, 0x11, 0x42, 0x33, 0x32, 0x33, 0x33, 0x32, 0x32, 0x23, 0x23,
  0x23, 0x33, 0x21, 0x22, 0x21, 0x11, 0x12, 0x11, 0x63, 0x33, 0x23, 0x22, 0x23, 0x33, 0x33, 0x33, 0x22, 0x32, 0x22, 0x11, 0x21, 0x11, 0x12, 0x21,
  0x12, 0x52, 0x22, 0x23, 0x33, 0x23, 0x33, 0x33, 0x22, 0x32, 0x33, 0x22, 0x22, 0x21, 0x11, 0x22, 0x12, 0x21, 0x12, 0x22, 0x33, 0x22, 0x32, 0x23,
  0x33, 0x23, 0x32, 0x32, 0x22, 0x31, 0x12, 0x11, 0x11, 0x21, 0x22, 0x22, 0x22, 0x32, 0x33, 0x22, 0x32, 0x32, 0x32, 0x33, 0x22, 0x33, 0x31, 0x21,
  0x11, 0x22, 0x12, 0x12, 0x21, 0x23, 0x33, 0x23, 0x33, 0x23, 0x32, 0x32, 0x33, 0x32, 0x33, 0x31, 0x21, 0x12, 0x21, 0x11, 0x11, 0x22, 0x22, 0x23,
  0x32, 0x32, 0x23, 0x33, 0x32, 0x32, 0x23, 0x32, 0x32, 0x22, 0x21, 0x11, 0x21, 0x21, 0x21, 0x12, 0x23, 0x33, 0x23, 0x32, 0x23, 0x22, 0x32, 0x32,
  0x32, 0x22, 0x22, 0x12, 0x21, 0x22, 0x11, 0x11, 0x23, 0x23, 0x23, 0x33, 0x33, 0x33, 0x22, 0x32, 0x32, 0x23, 0x31, 0x11, 0x21, 0x12, 0x12, 0x11,
  0x21, 0x13, 0x32, 0x22, 0x23, 0x23, 0x33, 0x33, 0x23, 0x32, 0x32, 0x31, 0x12, 0x12, 0x21, 0x12, 0x11, 0x21, 0x22, 0x11, 0x11, 0x22, 0x11, 0x21,
  0x21, 0x11, 0x21, 0x12, 0x22, 0x12, 0x21, 0x12, 0x21, 0x11, 0x22, 0x21, 0x12, 0x21, 0x12, 0x11, 0x21, 0x11, 0x11, 0x21, 0x12, 0x65, 0x11, 0x12,
  0x21, 0x12, 0x21, 0x11, 0x12, 0x11, 0x54, 0x21, 0x11, 0x22, 0x12, 0x21, 0x22, 0x11, 0x11, 0x12, 0x22, 0x12, 0x21, 0x21, 0x22, 0x11, 0x22, 0x12,
  0x21, 0x22, 0x22, 0x12, 0x22, 0x11, 0x11, 0x22, 0x22, 0x11, 0x45, 0x55, 0x55, 0x65, 0x11, 0x21, 0x45, 0x21, 0x21, 0x21, 0x12, 0x22, 0x21, 0x22,
  0x56, 0x55, 0x44, 0x45, 0x11, 0x21, 0x12, 0x22, 0x46, 0x65, 0x22, 0x21, 0x21, 0x22, 0x21, 0x11, 0x21, 0x21, 0x11, 0x12, 0x11, 0x22, 0x12, 0x11,
  0x11, 0x11, 0x22, 0x21, 0x11, 0x21, 0x12, 0x22, 0x22, 0x21, 0x55, 0x65, 0x65, 0x46, 0x65, 0x64, 0x12, 0x12, 0x21, 0x11, 0x11, 0x11, 0x22, 0x12,
  0x12, 0x21, 0x22, 0x21, 0x46, 0x55, 0x55, 0x46, 0x66, 0x65, 0x22, 0x11, 0x45, 0x54, 0x51, 0x22, 0x11, 0x12, 0x12, 0x22, 0x14, 0x54, 0x11, 0x12,
  0x46, 0x55, 0x45, 0x55, 0x12, 0x11, 0x56, 0x62, 0x21, 0x12, 0x12, 0x12, 0x22, 0x21, 0x12, 0x12, 0x11, 0x21, 0x22, 0x11, 0x21, 0x12, 0x21, 0x11,
  0x12, 0x22, 0x22, 0x11, 0x11, 0x22, 0x21, 0x22, 0x12, 0x21, 0x54, 0x56, 0x45, 0x55, 0x12, 0x21, 0x54, 0x41, 0x21, 0x12, 0x11, 0x12, 0x12, 0x15,
  0x56, 0x55, 0x54, 0x55, 0x55, 0x55, 0x65, 0x55, 0x64, 0x55, 0x61, 0x21, 0x11, 0x11, 0x12, 0x11, 0x14, 0x55, 0x12, 0x12, 0x11, 0x21, 0x21, 0x12,
  0x55, 0x55, 0x11, 0x12, 0x12, 0x22, 0x12, 0x22, 0x12, 0x14, 0x45, 0x55, 0x55, 0x55, 0x55, 0x44, 0x22, 0x22, 0x22, 0x22, 0x22, 0x21, 0x12, 0x11,
  0x11, 0x22, 0x12, 0x21, 0x64, 0x55, 0x45, 0x44, 0x46, 0x56, 0x22, 0x22, 0x66, 0x56, 0x65, 0x11, 0x11, 0x12, 0x12, 0x12, 0x56, 0x54, 0x56, 0x66,
  0x45, 0x45, 0x45, 0x54, 0x46, 0x64, 0x55, 0x55, 0x21, 0x21, 0x11, 0x11, 0x21, 0x21, 0x45, 0x66, 0x64, 0x45, 0x12, 0x21, 0x56, 0x45, 0x11, 0x11,
  0x11, 0x21, 0x11, 0x21, 0x12, 0x11, 0x65, 0x56, 0x54, 0x55, 0x65, 0x45, 0x56, 0x55, 0x66, 0x56, 0x45, 0x46, 0x22, 0x21, 0x12, 0x22, 0x22, 0x44,
  0x66, 0x45, 0x54, 0x64, 0x46, 0x65, 0x55, 0x44, 0x65, 0x66, 0x64, 0x21, 0x21, 0x21, 0x12, 0x12, 0x56, 0x65, 0x11, 0x21, 0x56, 0x46, 0x12, 0x12,
  0x55, 0x54, 0x66, 0x45, 0x21, 0x21, 0x22, 0x11, 0x21, 0x55, 0x45, 0x65, 0x44, 0x65, 0x46, 0x65, 0x44, 0x54, 0x11, 0x12, 0x56, 0x54, 0x12, 0x11,
  0x12, 0x12, 0x15, 0x65, 0x55, 0x46, 0x65, 0x55, 0x45, 0x65, 0x55, 0x45, 0x45, 0x45, 0x66, 0x51, 0x12, 0x11, 0x12, 0x25, 0x45, 0x65, 0x56, 0x54,
  0x64, 0x55, 0x66, 0x64, 0x56, 0x65, 0x56, 0x44, 0x61, 0x11, 0x11, 0x22, 0x12, 0x12, 0x45, 0x44, 0x65, 0x55, 0x11, 0x22, 0x55, 0x45, 0x22, 0x11,
  0x11, 0x12, 0x12, 0x21, 0x21, 0x15, 0x54, 0x55, 0x44, 0x55, 0x65, 0x55, 0x54, 0x55, 0x65, 0x56, 0x55, 0x44, 0x42, 0x22, 0x21, 0x12, 0x24, 0x55,
  0x56, 0x66, 0x65, 0x55, 0x55, 0x55, 0x55, 0x54, 0x65, 0x54, 0x65, 0x42, 0x11, 0x22, 0x12, 0x16, 0x55, 0x55, 0x55, 0x56, 0x66, 0x55, 0x55, 0x54,
  0x56, 0x64, 0x55, 0x56, 0x51, 0x22, 0x21, 0x11, 0x14, 0x66, 0x56, 0x46, 0x65, 0x55, 0x45, 0x56, 0x56, 0x44, 0x44, 0x65, 0x45, 0x54, 0x22, 0x12,
  0x12, 0x11, 0x44, 0x55, 0x55, 0x55, 0x56, 0x55, 0x46, 0x55, 0x55, 0x46, 0x65, 0x55, 0x65, 0x54, 0x12, 0x11, 0x11, 0x64, 0x65, 0x54, 0x44, 0x55,
  0x54, 0x56, 0x46, 0x54, 0x45, 0x65, 0x55, 0x55, 0x55, 0x22, 0x12, 0x12, 0x25, 0x44, 0x46, 0x46, 0x55, 0x46, 0x55, 0x65, 0x66, 0x44, 0x46, 0x64,
  0x65, 0x65, 0x12, 0x12, 0x11, 0x55, 0x54, 0x54, 0x46, 0x54, 0x45, 0x64, 0x65, 0x45, 0x56, 0x54, 0x55, 0x56, 0x46, 0x21, 0x12, 0x22, 0x55, 0x65,
  0x46, 0x66, 0x55, 0x55, 0x64, 0x55, 0x55, 0x55, 0x54, 0x54, 0x45, 0x45, 0x12, 0x21, 0x12, 0x45, 0x56, 0x65, 0x55, 0x65, 0x54, 0x55, 0x65, 0x55,
  0x55, 0x46, 0x54, 0x55, 0x65, 0x11, 0x11, 0x11, 0x25, 0x56, 0x54, 0x46, 0x55, 0x55, 0x54, 0x44, 0x56, 0x65, 0x45, 0x45, 0x45, 0x55, 0x46, 0x51,
  0x11, 0x16, 0x56, 0x65, 0x55, 0x45, 0x64, 0x55, 0x54, 0x55, 0x64, 0x45, 0x45, 0x45, 0x45, 0x45, 0x61, 0x11, 0x26, 0x45, 0x65, 0x46, 0x44, 0x54,
  0x56, 0x66, 0x55, 0x55, 0x66, 0x55, 0x54, 0x66, 0x54, 0x52, 0x21, 0x11, 0x16, 0x55, 0x66, 0x45, 0x44, 0x45, 0x45, 0x55, 0x56, 0x45, 0x54, 0x64,
  0x65, 0x64, 0x52, 0x21, 0x15, 0x56, 0x65, 0x54, 0x64, 0x55, 0x56, 0x55, 0x64, 0x55, 0x55, 0x55, 0x46, 0x56, 0x56, 0x62, 0x11, 0x25, 0x45, 0x46,
  0x65, 0x65, 0x66, 0x66, 0x54, 0x45, 0x45, 0x45, 0x55, 0x44, 0x55, 0x56, 0x51, 0x11, 0x26, 0x55, 0x55, 0x55, 0x55, 0x65, 0x55, 0x55, 0x55, 0x55,
  0x55, 0x44, 0x65, 0x55, 0x55, 0x61, 0x22, 0x22, 0x25, 0x45, 0x64, 0x65, 0x55, 0x54, 0x55, 0x55,
};
const lv_img_dsc_t rune_wall = {
  {LV_IMG_CF_INDEXED_4BIT, 0, 0, 240, 240},
  28864,
  rune_wall_map
};

const uint8_t rune_scroll_clock_map[] = {
  0x00, 0x00, 0x00, 0x00, 0x1a, 0x1d, 0x1e, 0xff, 0x28, 0x2e, 0x30, 0xff, 0x39, 0x40, 0x42, 0xff, 0x4b, 0x53, 0x55, 0xff, 0x5e, 0x68, 0x6b, 0xff,
  0x73, 0x82, 0x86, 0xff, 0x44, 0x57, 0x68, 0xff, 0x66, 0x83, 0x97, 0xff, 0x87, 0xa7, 0xba, 0xff, 0x9c, 0xc0, 0xd2, 0xff, 0xae, 0xd2, 0xe4, 0xff,
  0x56, 0x6b, 0x72, 0xff, 0x49, 0x79, 0x68, 0xff, 0x51, 0xa1, 0xcc, 0xff, 0x31, 0x40, 0x8f, 0xff, 0x00, 0x00, 0x00, 0x00, 0x00, 0x00, 0x00, 0x00,
  0x00, 0x00, 0x00, 0x00, 0x00, 0x00, 0x00, 0x00, 0x00, 0x00, 0x00, 0x00, 0x00, 0x00, 0x00, 0x00, 0x00, 0x00, 0x00, 0x00, 0x00, 0x00, 0x00, 0x00,
  0x00, 0x00, 0x00, 0x00, 0x00, 0x00, 0x00, 0x00, 0x00, 0x00, 0x00, 0x00, 0x00, 0x00, 0x00, 0x00, 0x00, 0x00, 0x00, 0x00, 0x00, 0x00, 0x00, 0x00,
  0x00, 0x00, 0x00, 0x00, 0x00, 0x00, 0x00, 0x00, 0x00, 0x00, 0x00, 0x00, 0x00, 0x00, 0x00, 0x00, 0x00, 0x00, 0x00, 0x00, 0x00, 0x00, 0x00, 0x00,
  0x00, 0x00, 0x00, 0x00, 0x00, 0x00, 0x00, 0x00, 0x00, 0x00, 0x00, 0x00, 0x00, 0x00, 0x00, 0x00, 0x00, 0x00, 0x00, 0x00, 0x00, 0x00, 0x00, 0x00,
  0x00, 0x00, 0x00, 0x00, 0x00, 0x00, 0x00, 0x00, 0x00, 0x00, 0x00, 0x00, 0x00, 0x00, 0x00, 0x00, 0x00, 0x00, 0x00, 0x00, 0x00, 0x00, 0x00, 0x00,
  0x00, 0x00, 0x00, 0x00, 0x00, 0x00, 0x00, 0x00, 0x00, 0x00, 0x00, 0x00, 0x00, 0x00, 0x00, 0x00, 0x00, 0x00, 0x00, 0x00, 0x00, 0x00, 0x00, 0x00,
  0x00, 0x00, 0x00, 0x00, 0x00, 0x00, 0x00, 0x00, 0x00, 0x00, 0x00, 0x00, 0x00, 0x00, 0x00, 0x00, 0x00, 0x00, 0x00, 0x00, 0x00, 0x00, 0x00, 0x00,
  0x00, 0x00, 0x00, 0x00, 0x00, 0x00, 0x00, 0x00, 0x00, 0x00, 0x00, 0x00, 0x00, 0x00, 0x00, 0x00, 0x00, 0x00, 0x00, 0x00, 0x00, 0x00, 0x00, 0x00,
  0x00, 0x00, 0x00, 0x00, 0x00, 0x00, 0x00, 0x00, 0x00, 0x00, 0x00, 0x00, 0x00, 0x00, 0x00, 0x00, 0x00, 0x00, 0x00, 0x00, 0x00, 0x00, 0x00, 0x00,
  0x00, 0x00, 0x00, 0x00, 0x00, 0x00, 0x00, 0x00, 0x00, 0x00, 0x00, 0x00, 0x00, 0x00, 0x00, 0x00, 0x00, 0x00, 0x00, 0x07, 0x71, 0x00, 0x01, 0x11,
  0x00, 0x00, 0x00, 0x00, 0x01, 0x00, 0x00, 0x00, 0x00, 0x00, 0x00, 0x00, 0x00, 0x00, 0x00, 0x00, 0x00, 0x00, 0x00, 0x00, 0x00, 0x00, 0x00, 0x00,
  0x00, 0x00, 0x00, 0x00, 0x00, 0x00, 0x00, 0x01, 0x17, 0x11, 0x00, 0x00, 0x00, 0x00, 0x00, 0x00, 0x00, 0x00, 0x00, 0x00, 0x00, 0x00, 0x00, 0x00,
  0x00, 0x00, 0x00, 0x00, 0x00, 0x00, 0x00, 0x07, 0x71, 0x00, 0x00, 0x00, 0x00, 0x00, 0x00, 0x00, 0x00, 0x00, 0x00, 0x00, 0x00, 0x00, 0x00, 0x00,
  0x00, 0x00, 0x00, 0x00, 0x00, 0x00, 0x00, 0x00, 0x00, 0x00, 0x00, 0x00, 0x00, 0x00, 0x00, 0x00, 0x00, 0x00, 0x71, 0x00, 0x00, 0x00, 0x00, 0x00,
  0x00, 0x00, 0x00, 0x00, 0x00, 0x00, 0x00, 0x00, 0x00, 0x00, 0x00, 0x00, 0x00, 0x00, 0x07, 0x17, 0x77, 0x70, 0x00, 0x00, 0x07, 0x11, 0x77, 0x77,
  0x77, 0x11, 0x70, 0x00, 0x00, 0x00, 0x00, 0x00, 0x00, 0x00, 0x00, 0x00, 0x00, 0x00, 0x00, 0x00, 0x00, 0x00, 0x00, 0x00, 0x00, 0x00, 0x00, 0x00,
  0x00, 0x00, 0x07, 0x11, 0x71, 0x00, 0x00, 0x00, 0x00, 0x00, 0x00, 0x00, 0x00, 0x00, 0x00, 0x00, 0x00, 0x00, 0x00, 0x77, 0x70, 0x00, 0x00, 0x01,
  0x77, 0x00, 0x01, 0x77, 0x77, 0x70, 0x00, 0x71, 0x17, 0x71, 0x77, 0x71, 0x17, 0x11, 0x00, 0x00, 0x00, 0x00, 0x00, 0x00, 0x00, 0x00, 0x00, 0x00,
  0x00, 0x00, 0x01, 0x71, 0x17, 0x77, 0x77, 0x77, 0x71, 0x17, 0x77, 0x77, 0x77, 0x77, 0x70, 0x00, 0x00, 0x01, 0x00, 0x00, 0x00, 0x00, 0x00, 0x00,
  0x07, 0x11, 0x00, 0x00, 0x00, 0x00, 0x07, 0x17, 0x00, 0x07, 0x77, 0x98, 0x87, 0x17, 0x17, 0x17, 0x77, 0x88, 0x99, 0x77, 0x77, 0x71, 0x11, 0x00,
  0x00, 0x00, 0x17, 0x77, 0x17, 0x77, 0x17, 0x17, 0x00, 0x01, 0x11, 0x77, 0x70, 0x00, 0x01, 0x77, 0x77, 0x11, 0x11, 0x17, 0x17, 0x17, 0x77, 0x77,
  0x71, 0x11, 0x00, 0x01, 0x10, 0x00, 0x01, 0x77, 0x00, 0x01, 0x71, 0x71, 0x10, 0x00, 0x77, 0x71, 0x77, 0x77, 0x17, 0x99, 0x71, 0x77, 0x77, 0x88,
  0x97, 0x11, 0x77, 0x78, 0x97, 0x77, 0x77, 0x77, 0x77, 0x10, 0x00, 0x77, 0x17, 0x71, 0x00, 0x00, 0x00, 0x00, 0x00, 0x00, 0x11, 0x17, 0x77, 0x78,
  0x97, 0x77, 0x88, 0x87, 0x77, 0x88, 0x89, 0x98, 0x89, 0x71, 0x17, 0x71, 0x11, 0x00, 0x00, 0x00, 0x00, 0x07, 0x00, 0x07, 0x77, 0x00, 0x01, 0x71,
  0x77, 0x77, 0x77, 0x17, 0x18, 0x98, 0x98, 0x87, 0x77, 0x77, 0x78, 0x98, 0x88, 0x89, 0x89, 0x98, 0x97, 0x77, 0x17, 0x07, 0x17, 0x77, 0x77, 0x77,
  0x77, 0x77, 0x77, 0x71, 0x17, 0x77, 0x77, 0x71, 0x77, 0x17, 0x77, 0x77, 0x77, 0x77, 0x77, 0x77, 0x79, 0x99, 0x88, 0x77, 0x77, 0x11, 0x17, 0x77,
  0x17, 0x17, 0x77, 0x00, 0x07, 0x77, 0x77, 0x77, 0x71, 0x89, 0x97, 0x77, 0x77, 0x78, 0x88, 0x77, 0x79, 0x98, 0x88, 0x87, 0x77, 0x89, 0x89, 0x98,
  0x99, 0x88, 0x89, 0x88, 0x71, 0x77, 0x77, 0x77, 0x77, 0x00, 0x01, 0x77, 0x00, 0x01, 0x17, 0x77, 0x78, 0x98, 0x88, 0x88, 0x88, 0x89, 0x88, 0x88,
  0x88, 0x88, 0x98, 0x88, 0x97, 0x77, 0x77, 0x77, 0x70, 0x00, 0x00, 0x00, 0x17, 0x71, 0x18, 0x98, 0x11, 0x71, 0x11, 0x88, 0x87, 0x77, 0x77, 0x79,
  0x98, 0x98, 0x98, 0x88, 0x89, 0x98, 0x88, 0x88, 0x99, 0x89, 0x88, 0x87, 0x77, 0x99, 0x71, 0x77, 0x17, 0x17, 0x77, 0x99, 0x91, 0x11, 0x77, 0x79,
  0x89, 0x98, 0x97, 0x77, 0x79, 0x99, 0x89, 0x98, 0x98, 0x89, 0x99, 0x98, 0x98, 0x99, 0x99, 0x98, 0x89, 0x89, 0x88, 0x77, 0x77, 0x77, 0x88, 0x91,
  0x17, 0x77, 0x77, 0x77, 0x77, 0x79, 0x99, 0x99, 0x88, 0x89, 0x99, 0x99, 0xaa, 0x89, 0x99, 0x99, 0x88, 0x89, 0x98, 0x77, 0x78, 0x88, 0x89, 0x78,
  0x98, 0x11, 0x17, 0x77, 0x77, 0x18, 0x99, 0x11, 0x17, 0x77, 0x99, 0x88, 0x89, 0x88, 0x89, 0x99, 0x98, 0x98, 0x88, 0x99, 0xa8, 0x88, 0x89, 0x89,
  0x98, 0x89, 0x70, 0x00, 0x00, 0x00, 0x07, 0x79, 0x77, 0x79, 0x88, 0x77, 0x77, 0x77, 0x99, 0x88, 0x88, 0x89, 0x88, 0x89, 0x98, 0x89, 0x99, 0x99,
  0x99, 0x88, 0x99, 0xaa, 0x88, 0xaa, 0xa8, 0x98, 0x98, 0x97, 0x77, 0x77, 0x78, 0x98, 0x88, 0x87, 0x77, 0x98, 0x88, 0x98, 0x89, 0x89, 0x89, 0x88,
  0x98, 0x99, 0x99, 0xa9, 0x99, 0x98, 0x88, 0x99, 0x99, 0x98, 0x98, 0xaa, 0xaa, 0x98, 0x77, 0x79, 0x99, 0x88, 0x87, 0x77, 0x99, 0x88, 0x88, 0x99,
  0x88, 0x89, 0x99, 0x89, 0x99, 0x99, 0x99, 0xaa, 0x88, 0x89, 0x99, 0xaa, 0xaa, 0xaa, 0x98, 0x89, 0x99, 0x88, 0x88, 0x99, 0x77, 0x78, 0x88, 0x77,
  0x79, 0x88, 0x77, 0x78, 0x89, 0x98, 0x98, 0x88, 0x89, 0xaa, 0xaa, 0x99, 0x99, 0xaa, 0xaa, 0x99, 0x88, 0xaa, 0x88, 0x98, 0x98, 0x90, 0x00, 0x00,
  0x00, 0x01, 0x78, 0x78, 0x89, 0x99, 0x98, 0x99, 0x88, 0xaa, 0x98, 0x98, 0x88, 0x8a, 0xaa, 0xaa, 0x99, 0x99, 0x8a, 0x99, 0xaa, 0xaa, 0xaa, 0xaa,
  0x99, 0x98, 0x88, 0x99, 0x89, 0x88, 0x88, 0x89, 0x88, 0x99, 0xa8, 0x89, 0x88, 0x99, 0xaa, 0xaa, 0xa8, 0x98, 0x89, 0x99, 0x99, 0x99, 0xaa, 0xaa,
  0x89, 0x99, 0xaa, 0xaa, 0x99, 0x99, 0xaa, 0xaa, 0xaa, 0x88, 0x98, 0x88, 0x99, 0x99, 0x88, 0x99, 0x88, 0x89, 0x89, 0x88, 0x99, 0x99, 0x99, 0x99,
  0x99, 0x99, 0xaa, 0xaa, 0x99, 0x99, 0x99, 0x99, 0x99, 0x88, 0x8a, 0xaa, 0x99, 0x89, 0x99, 0x88, 0x88, 0x89, 0x98, 0x99, 0xaa, 0x89, 0x88, 0x98,
  0x99, 0x99, 0x99, 0x98, 0xa8, 0x99, 0x99, 0x99, 0x99, 0x98, 0x89, 0x99, 0x99, 0x98, 0xaa, 0xa8, 0x90, 0x00, 0x00, 0x00, 0x00, 0x01, 0x88, 0x98,
  0x99, 0x99, 0x89, 0x99, 0x99, 0x99, 0x99, 0x99, 0x99, 0x99, 0x99, 0x99, 0x99, 0x99, 0x89, 0x99, 0x89, 0x99, 0x98, 0x99, 0x99, 0xaa, 0xaa, 0xa8,
  0x89, 0x99, 0x99, 0x99, 0x9a, 0xa8, 0x99, 0x99, 0x99, 0x9a, 0x99, 0xaa, 0xaa, 0xaa, 0xaa, 0x99, 0x99, 0x99, 0x89, 0x99, 0x99, 0xaa, 0xaa, 0x99,
  0x99, 0xaa, 0xaa, 0x88, 0x98, 0x89, 0x88, 0x99, 0x99, 0xaa, 0xaa, 0x99, 0x99, 0x99, 0x98, 0x89, 0x89, 0x99, 0x99, 0x99, 0x99, 0xaa, 0x89, 0x99,
  0x99, 0xaa, 0xaa, 0x99, 0x89, 0xa9, 0x99, 0xa9, 0x99, 0xaa, 0xaa, 0x98, 0x89, 0x88, 0x89, 0x98, 0x89, 0x8a, 0xaa, 0x89, 0x99, 0x98, 0x89, 0xaa,
  0x98, 0x99, 0x98, 0x99, 0xaa, 0x99, 0x99, 0x99, 0x99, 0xa9, 0x88, 0x77, 0x10, 0x00, 0x00, 0x00, 0x77, 0x89, 0x99, 0x9a, 0xa9, 0x99, 0x99, 0x99,
  0x99, 0x99, 0x99, 0x99, 0x99, 0x99, 0x99, 0x99, 0xaa, 0xaa, 0xaa, 0x99, 0x99, 0x99, 0x9a, 0x9a, 0x99, 0x99, 0x99, 0x99, 0x99, 0x98, 0x89, 0x99,
  0xaa, 0xaa, 0x89, 0x98, 0x99, 0xaa, 0xaa, 0xaa, 0x9a, 0x99, 0x99, 0x99, 0x99, 0x99, 0xa9, 0x99, 0x99, 0x99, 0x99, 0x9a, 0x99, 0x99, 0x89, 0x99,
  0x99, 0x99, 0x99, 0x99, 0x99, 0x89, 0x98, 0x99, 0x99, 0x99, 0x99, 0x99, 0xa9, 0x99, 0x99, 0x99, 0x99, 0x99, 0x99, 0x89, 0xaa, 0xaa, 0x99, 0x9a,
  0x89, 0x99, 0x99, 0xaa, 0x89, 0x99, 0x99, 0x99, 0x89, 0x99, 0x99, 0x99, 0x99, 0x99, 0x99, 0xc9, 0x99, 0x99, 0xaa, 0xaa, 0x99, 0x99, 0x99, 0x99,
  0x99, 0x99, 0x9a, 0x99, 0x99, 0x87, 0x77, 0x00, 0x00, 0x00, 0x00, 0x77, 0x89, 0x98, 0x99, 0x98, 0x89, 0x99, 0x99, 0x89, 0x99, 0xaa, 0xa9, 0x98,
  0x99, 0x99, 0x99, 0x99, 0x99, 0x99, 0x99, 0x99, 0x99, 0x99, 0x99, 0x99, 0x99, 0x99, 0x98, 0x99, 0x99, 0x99, 0xa9, 0x99, 0x99, 0x89, 0x99, 0x9a,
  0x99, 0x99, 0x98, 0x99, 0x99, 0x99, 0x99, 0x99, 0x9a, 0x99, 0x99, 0xa9, 0x99, 0xaa, 0xaa, 0x99, 0x9a, 0xaa, 0xaa, 0xaa, 0xaa, 0x99, 0x99, 0x99,
  0x89, 0xaa, 0xaa, 0x99, 0x99, 0x99, 0x99, 0xaa, 0x99, 0x98, 0x99, 0x99, 0xa9, 0x99, 0x99, 0x98, 0x99, 0x9a, 0xaa, 0xa9, 0x89, 0x99, 0x98, 0xaa,
  0xaa, 0xaa, 0xaa, 0x99, 0x99, 0x99, 0x99, 0x99, 0x99, 0x99, 0x99, 0xaa, 0xa9, 0x99, 0x88, 0x99, 0x99, 0x99, 0x99, 0x99, 0x99, 0x99, 0x99, 0x98,
  0x87, 0x77, 0x00, 0x00, 0x00, 0x00, 0x77, 0x99, 0x9a, 0xaa, 0x99, 0x9a, 0x99, 0x99, 0x99, 0x9a, 0x99, 0x99, 0x99, 0x89, 0x98, 0x99, 0x99, 0x99,
  0x99, 0x99, 0x89, 0xa9, 0x99, 0x98, 0x99, 0x99, 0x99, 0x89, 0x99, 0x99, 0x99, 0x99, 0x89, 0x99, 0x99, 0xa9, 0x99, 0xaa, 0x99, 0x99, 0x99, 0x99,
  0x99, 0x99, 0x99, 0xa9, 0x99, 0x99, 0x98, 0x99, 0x9a, 0x99, 0x99, 0x98, 0x99, 0x99, 0x99, 0x99, 0x99, 0xa9, 0x99, 0x99, 0x99, 0x99, 0x9a, 0x89,
  0x99, 0x99, 0x88, 0x99, 0x9a, 0x99, 0x99, 0x99, 0x99, 0x99, 0x99, 0x99, 0x99, 0x99, 0x99, 0x99, 0x89, 0xa9, 0x9a, 0x99, 0x99, 0x99, 0x9a, 0x99,
  0x99, 0x99, 0x99, 0x99, 0x99, 0x99, 0x89, 0x99, 0x99, 0x99, 0x99, 0x99, 0x9a, 0x99, 0xa9, 0x99, 0x99, 0x88, 0x99, 0x71, 0x00, 0x00, 0x00, 0x00,
  0x00, 0x17, 0x99, 0x99, 0x99, 0x99, 0x99, 0x99, 0x99, 0x99, 0xa9, 0x9a, 0x99, 0x98, 0x99, 0x99, 0x99, 0x99, 0x98, 0x99, 0x99, 0x99, 0x99, 0x99,
  0x99, 0x99, 0x89, 0x89, 0x99, 0x99, 0x99, 0x99, 0x99, 0x99, 0x99, 0x99, 0x99, 0x99, 0x99, 0x99, 0x99, 0x98, 0x99, 0x99, 0x99, 0x99, 0x99, 0xa9,
  0x99, 0x99, 0x99, 0x99, 0x99, 0x99, 0x99, 0x99, 0x99, 0x99, 0x99, 0x98, 0x89, 0x88, 0x99, 0x99, 0x99, 0x99, 0x99, 0x9a, 0x99, 0x99, 0x99, 0x99,
  0x99, 0x99, 0x99, 0xa9, 0x89, 0x89, 0x99, 0x99, 0xa9, 0x9a, 0x99, 0x99, 0x99, 0x99, 0x99, 0x89, 0xa9, 0x99, 0xa9, 0x99, 0x99, 0x99, 0x9a, 0x99,
  0x89, 0x89, 0x99, 0x89, 0x99, 0x89, 0x99, 0x99, 0x99, 0x99, 0xa9, 0x99, 0xa9, 0x99, 0x71, 0x00, 0x00, 0x00, 0x00, 0x00, 0x17, 0x99, 0x9a, 0x99,
  0x99, 0x99, 0x99, 0x98, 0x99, 0x99, 0x99, 0x98, 0x89, 0x99, 0x98, 0x99, 0x98, 0x99, 0x99, 0x99, 0x99, 0x99, 0x99, 0x99, 0x99, 0x98, 0x99, 0x99,
  0x99, 0x99, 0x99, 0x99, 0x99, 0x99, 0x99, 0x99, 0x99, 0x99, 0xa9, 0x99, 0x99, 0x99, 0x99, 0x99, 0xa9, 0x89, 0x99, 0x99, 0x99, 0x99, 0x99, 0x99,
  0x99, 0x99, 0x99, 0x99, 0x89, 0x99, 0x99, 0x99, 0x99, 0x99, 0x98, 0x89, 0x99, 0x99, 0x99, 0x99, 0x99, 0xa9, 0x98, 0x89, 0x99, 0x99, 0x9a, 0x9a,
  0x99, 0x99, 0x99, 0x99, 0x99, 0x98, 0x99, 0x89, 0x89, 0x98, 0x99, 0xa9, 0x98, 0x99, 0x99, 0x99, 0x99, 0x99, 0x99, 0x99, 0x99, 0x99, 0x99, 0x99,
  0x89, 0x99, 0x98, 0x99, 0x99, 0x98, 0x99, 0x98, 0x9a, 0x77, 0x00, 0x00, 0x00, 0x00, 0x17, 0x78, 0x8a, 0x98, 0x99, 0x99, 0x99, 0x99, 0x99, 0x99,
  0x9a, 0x99, 0x89, 0x99, 0x99, 0x99, 0x99, 0x99, 0x99, 0x99, 0x99, 0x9a, 0x99, 0xa8, 0x99, 0x99, 0x99, 0x99, 0x99, 0x99, 0x99, 0x99, 0x99, 0x88,
  0x99, 0x99, 0x99, 0x99, 0x9a, 0x99, 0x99, 0x99, 0x99, 0x99, 0x99, 0x88, 0xaa, 0x99, 0x99, 0x99, 0x99, 0x99, 0x99, 0x99, 0x99, 0x99, 0x9a, 0x9a,
  0x99, 0x99, 0x99, 0x98, 0x99, 0x99, 0x99, 0x99, 0x89, 0x89, 0x99, 0x98, 0x99, 0x99, 0x99, 0x99, 0x99, 0x99, 0x99, 0x99, 0x99, 0x99, 0x99, 0x99,
  0x99, 0x99, 0x89, 0x99, 0x99, 0x99, 0x99, 0x99, 0x99, 0xa8, 0x99, 0x99, 0x99, 0x9a, 0x99, 0x89, 0x99, 0xa9, 0x99, 0x99, 0x9a, 0x99, 0x99, 0x89,
  0x89, 0xa9, 0x99, 0x98, 0x88, 0x70, 0x00, 0x00, 0x00, 0x77, 0x79, 0x89, 0x99, 0x99, 0x99, 0x99, 0x99, 0x9a, 0x99, 0x99, 0x99, 0x98, 0x99, 0x88,
  0x99, 0x99, 0x99, 0x99, 0x99, 0x99, 0x99, 0x99, 0x98, 0x9a, 0x99, 0x99, 0x99, 0x99, 0x99, 0x99, 0x99, 0x99, 0x98, 0x99, 0x99, 0x99, 0x99, 0x99,
  0x99, 0x99, 0x99, 0x99, 0x89, 0x99, 0x99, 0x98, 0x99, 0x99, 0x99, 0x99, 0x99, 0x99, 0x99, 0x99, 0x99, 0x99, 0x99, 0x99, 0x99, 0x99, 0x99, 0x99,
  0x99, 0x99, 0x88, 0x99, 0x99, 0x99, 0x99, 0x99, 0x99, 0x89, 0x99, 0x99, 0x98, 0x99, 0x99, 0x99, 0x99, 0x99, 0x99, 0xa9, 0x99, 0x99, 0x99, 0x99,
  0x99, 0x98, 0x99, 0x9a, 0x99, 0x99, 0x99, 0x99, 0x99, 0x99, 0x99, 0x89, 0x99, 0x99, 0x99, 0x99, 0x99, 0x99, 0x99, 0x99, 0x99, 0x99, 0x99, 0x88,
  0x70, 0x00, 0x00, 0x00, 0x17, 0x78, 0x98, 0x89, 0x99, 0x99, 0x99, 0x99, 0x99, 0x89, 0x99, 0x99, 0x89, 0x99, 0x98, 0x99, 0x99, 0x99, 0x99, 0x98,
  0x99, 0x99, 0x99, 0x99, 0x98, 0x99, 0x98, 0x89, 0x99, 0x99, 0x99, 0x88, 0x99, 0x99, 0x99, 0x99, 0x99, 0x99, 0x99, 0x98, 0x99, 0x98, 0x89, 0x99,
  0x99, 0x99, 0x99, 0x99, 0x99, 0x99, 0x99, 0x88, 0x99, 0x99, 0x99, 0x99, 0x99, 0x99, 0xa9, 0x99, 0xa9, 0x8a, 0x99, 0xa9, 0x99, 0x99, 0x88, 0x99,
  0x99, 0x99, 0x99, 0x99, 0x99, 0x99, 0x99, 0x99, 0x99, 0x99, 0x89, 0x99, 0x99, 0x99, 0x99, 0x99, 0x99, 0x99, 0xa9, 0x99, 0x89, 0x99, 0x9a, 0x99,
  0x99, 0x99, 0xa9, 0x99, 0x99, 0x99, 0x99, 0x9a, 0x99, 0x99, 0x99, 0x98, 0x99, 0x99, 0x99, 0x99, 0x99, 0x99, 0x98, 0x70, 0x00, 0x00, 0x00, 0x00,
  0x01, 0x89, 0x99, 0x99, 0x99, 0x99, 0x99, 0x98, 0x99, 0x99, 0x89, 0x99, 0x99, 0x99, 0x89, 0x99, 0x99, 0x99, 0x99, 0x98, 0x99, 0x89, 0x99, 0x99,
  0x99, 0x89, 0x99, 0x99, 0x99, 0x99, 0x99, 0x99, 0x99, 0x98, 0x99, 0x99, 0x99, 0x99, 0x99, 0x99, 0x99, 0x99, 0x9a, 0x99, 0x99, 0xa9, 0x99, 0x98,
  0x99, 0x99, 0x9a, 0x99, 0x99, 0x99, 0x99, 0x99, 0x99, 0x99, 0x99, 0x99, 0x99, 0x98, 0x99, 0x98, 0x99, 0x89, 0x99, 0x99, 0x89, 0x99, 0xa9, 0x9a,
  0x99, 0x99, 0x99, 0x98, 0x99, 0x89, 0x99, 0x99, 0x99, 0x99, 0x99, 0x99, 0x99, 0x99, 0x99, 0x99, 0x99, 0x99, 0x99, 0x99, 0x99, 0xa9, 0x89, 0x99,
  0x99, 0xa9, 0x99, 0x99, 0xa9, 0x99, 0x99, 0x99, 0x99, 0x99, 0x99, 0x99, 0x99, 0x87, 0x77, 0x70, 0x00, 0x00, 0x00, 0x07, 0x98, 0x99, 0x99, 0x99,
  0x89, 0xa8, 0x99, 0x99, 0x9a, 0x99, 0x99, 0x99, 0x99, 0x99, 0x99, 0x99, 0x99, 0x99, 0x99, 0x9a, 0x9a, 0x99, 0x98, 0x89, 0x98, 0x99, 0x99, 0x99,
  0x99, 0xaa, 0x99, 0x99, 0x99, 0x99, 0x98, 0x99, 0x99, 0x99, 0x98, 0x9a, 0x99, 0x88, 0x99, 0x99, 0x99, 0x99, 0x99, 0x99, 0x99, 0x9a, 0x99, 0x99,
  0x99, 0x99, 0x98, 0x99, 0x99, 0x99, 0x89, 0x99, 0x99, 0x98, 0x99, 0x99, 0x99, 0x99, 0xa9, 0x99, 0x99, 0x99, 0x99, 0x99, 0xa9, 0x99, 0x99, 0x99,
  0x99, 0xa9, 0x99, 0x99, 0x98, 0x99, 0x89, 0x99, 0x99, 0x99, 0x98, 0xa9, 0x99, 0x99, 0x99, 0x99, 0x99, 0x99, 0x99, 0x99, 0x99, 0x99, 0x99, 0x99,
  0x98, 0x99, 0x99, 0x98, 0x99, 0x99, 0x99, 0x99, 0x97, 0x77, 0x70, 0x00, 0x00, 0x00, 0x01, 0x98, 0x99, 0xa9, 0x99, 0x99, 0x9a, 0x99, 0x99, 0x88,
  0x99, 0x99, 0x99, 0x99, 0x9a, 0x99, 0x99, 0x99, 0x99, 0x9a, 0x99, 0x89, 0x99, 0x99, 0x99, 0x99, 0x99, 0x99, 0x99, 0x99, 0x99, 0x99, 0x99, 0x99,
  0x99, 0x99, 0x99, 0x9a, 0xa9, 0x89, 0x9a, 0x99, 0x9a, 0x99, 0x99, 0x98, 0x99, 0x98, 0x89, 0x99, 0xa9, 0x99, 0x99, 0x99, 0x99, 0x99, 0x99, 0x99,
  0x99, 0x99, 0x9a, 0x99, 0x99, 0x99, 0x99, 0xa9, 0x99, 0x98, 0x99, 0x99, 0x99, 0x99, 0x99, 0x99, 0x99, 0x99, 0x99, 0x99, 0x99, 0x98, 0x99, 0x89,
  0x99, 0x99, 0x99, 0xa9, 0xa9, 0x99, 0x99, 0x99, 0x98, 0x98, 0x99, 0x98, 0x99, 0x99, 0x99, 0x99, 0x99, 0x99, 0x99, 0x99, 0x99, 0x99, 0x99, 0x99,
  0x9a, 0x99, 0x99, 0x87, 0x17, 0x10, 0x00, 0x00, 0x07, 0x78, 0x8a, 0x99, 0xa9, 0x99, 0x98, 0x89, 0x99, 0xa9, 0x99, 0x99, 0xa9, 0x99, 0x89, 0x99,
  0x99, 0x99, 0x9a, 0x99, 0x99, 0x89, 0x9a, 0x99, 0x99, 0xa9, 0x99, 0x99, 0x99, 0x99, 0x99, 0x99, 0x9a, 0x99, 0x99, 0x89, 0xa9, 0x99, 0x99, 0x99,
  0x99, 0x99, 0x99, 0x99, 0x99, 0x99, 0x99, 0x99, 0x99, 0x99, 0x99, 0x99, 0x99, 0x89, 0x99, 0x99, 0x99, 0x89, 0x99, 0x99, 0x99, 0x99, 0x98, 0x99,
  0x98, 0x99, 0x99, 0x99, 0x89, 0x99, 0x99, 0x99, 0x89, 0x9a, 0x89, 0x99, 0x99, 0x99, 0x99, 0x99, 0x99, 0x98, 0x99, 0x99, 0xa9, 0x89, 0x98, 0x99,
  0x98, 0x99, 0x99, 0x99, 0x99, 0x89, 0x9a, 0x99, 0x99, 0x99, 0x89, 0x99, 0x99, 0x99, 0x99, 0x99, 0x99, 0x99, 0xa8, 0x98, 0x99, 0x99, 0x98, 0x90,
  0x00, 0x00, 0x00, 0x00, 0x17, 0x88, 0x99, 0x99, 0x99, 0x99, 0x99, 0xa9, 0x89, 0x98, 0x99, 0x89, 0x99, 0x99, 0x99, 0x99, 0x98, 0x99, 0x99, 0x99,
  0x99, 0x99, 0x89, 0x9a, 0x99, 0x99, 0x99, 0x99, 0x99, 0x99, 0x99, 0x99, 0x99, 0x99, 0x99, 0x99, 0x98, 0xa9, 0x99, 0x99, 0x99, 0x99, 0x9a, 0x99,
  0x99, 0x98, 0x99, 0x99, 0x99, 0x99, 0x99, 0x99, 0x9a, 0x99, 0x99, 0x99, 0x99, 0x99, 0x99, 0x99, 0x99, 0x99, 0x99, 0x99, 0x89, 0x99, 0x98, 0x99,
  0x99, 0x99, 0x89, 0x99, 0x99, 0x99, 0x99, 0x99, 0x99, 0x99, 0x89, 0x99, 0x9a, 0x99, 0x99, 0x89, 0x98, 0x9a, 0x99, 0x89, 0x89, 0xa9, 0x99, 0x9a,
  0x99, 0x99, 0x99, 0x98, 0x99, 0xa9, 0x99, 0x99, 0x99, 0x99, 0x99, 0x99, 0x99, 0x99, 0x99, 0x99, 0x99, 0x99, 0x81, 0x00, 0x00, 0x00, 0x00, 0x17,
  0x88, 0xa9, 0x99, 0x98, 0x99, 0x98, 0x99, 0x99, 0x89, 0x99, 0x89, 0x99, 0x99, 0x99, 0x99, 0x9a, 0x99, 0x89, 0x9a, 0x89, 0x99, 0x98, 0x99, 0x98,
  0x99, 0x99, 0x9a, 0x99, 0x99, 0x99, 0x99, 0x89, 0x99, 0x99, 0x99, 0x99, 0xa9, 0x99, 0x99, 0x99, 0x99, 0x9a, 0x99, 0x99, 0x99, 0x99, 0x99, 0xa9,
  0x99, 0x89, 0xa9, 0x99, 0x99, 0x89, 0x99, 0x99, 0x99, 0x99, 0x99, 0x89, 0x9a, 0x99, 0x99, 0x89, 0x99, 0x99, 0x99, 0x99, 0x99, 0x99, 0x99, 0x99,
  0x99, 0x99, 0x99, 0x99, 0xa9, 0x99, 0xa9, 0xa9, 0x89, 0x99, 0x99, 0x99, 0x99, 0x99, 0x99, 0x99, 0x99, 0x98, 0x89, 0x99, 0x99, 0x99, 0x99, 0x89,
  0xa9, 0xa9, 0x99, 0x99, 0x99, 0x99, 0x99, 0x99, 0x99, 0x99, 0x99, 0x99, 0xa9, 0x87, 0x00, 0x00, 0x00, 0x00, 0x07, 0x79, 0x99, 0x99, 0xa9, 0x99,
  0x99, 0x99, 0x98, 0xa9, 0x99, 0x99, 0x99, 0x99, 0x98, 0x98, 0x99, 0x99, 0x99, 0x98, 0x99, 0x99, 0x99, 0x99, 0x98, 0x99, 0x99, 0x99, 0x99, 0x99,
  0x99, 0x98, 0x99, 0x89, 0x99, 0x99, 0x99, 0x99, 0x99, 0x99, 0x99, 0x99, 0x99, 0x99, 0x98, 0x99, 0x9a, 0x98, 0x99, 0x99, 0xa9, 0x99, 0x99, 0x89,
  0x99, 0x99, 0x99, 0x99, 0x99, 0x99, 0x99, 0x99, 0x98, 0x99, 0x99, 0x99, 0x99, 0x89, 0x99, 0x99, 0x9a, 0x99, 0x99, 0x99, 0x99, 0x99, 0x99, 0x99,
  0x89, 0x98, 0x99, 0x99, 0x99, 0x99, 0x99, 0xa9, 0x99, 0x99, 0x99, 0x99, 0x99, 0x99, 0x99, 0x98, 0x99, 0x99, 0x98, 0xa9, 0x8a, 0x99, 0x99, 0x99,
  0x99, 0x99, 0x99, 0x99, 0x99, 0x99, 0x99, 0x99, 0x97, 0x00, 0x00, 0x00, 0x00, 0x01, 0x78, 0x99, 0x9a, 0x99, 0x99, 0x99, 0x99, 0xa9, 0x99, 0x99,
  0x98, 0x99, 0x99, 0x99, 0x99, 0x99, 0x99, 0x99, 0x89, 0x99, 0x99, 0x99, 0x99, 0x98, 0x99, 0x99, 0x99, 0x98, 0x99, 0x99, 0x99, 0x99, 0x99, 0x99,
  0x99, 0x99, 0x99, 0x99, 0x99, 0x99, 0x99, 0x99, 0x99, 0x99, 0x99, 0x9a, 0x99, 0x99, 0x99, 0x99, 0x99, 0x99, 0x99, 0x99, 0x99, 0x9a, 0x99, 0xa9,
  0x99, 0x9a, 0x99, 0x99, 0x99, 0x9a, 0x99, 0x99, 0x99, 0x99, 0x99, 0x99, 0x99, 0x99, 0x9a, 0x99, 0x99, 0x99, 0x99, 0x99, 0x99, 0x9a, 0x99, 0x99,
  0x89, 0x99, 0x99, 0x99, 0x99, 0x99, 0x99, 0x99, 0x98, 0x99, 0x99, 0x99, 0xa9, 0x9a, 0x99, 0x99, 0x9a, 0x98, 0x89, 0x89, 0x99, 0x99, 0x99, 0x89,
  0x99, 0x99, 0x98, 0x87, 0x00, 0x00, 0x00, 0x00, 0x01, 0x79, 0x99, 0x99, 0x99, 0x99, 0x99, 0x99, 0x99, 0x99, 0x99, 0x99, 0x99, 0x99, 0x99, 0x9a,
  0x99, 0x99, 0x99, 0x99, 0x99, 0x99, 0x99, 0x98, 0x99, 0x99, 0x99, 0x99, 0x99, 0x89, 0xa9, 0x99, 0x89, 0x99, 0x99, 0xa9, 0x99, 0x99, 0x99, 0x9a,
  0x99, 0xa9, 0x99, 0x99, 0x99, 0x98, 0x99, 0x98, 0xa9, 0x99, 0xa9, 0x99, 0x99, 0x9a, 0x99, 0x99, 0x99, 0x8a, 0x99, 0x99, 0x99, 0xa9, 0xaa, 0x99,
  0x99, 0x99, 0x9a, 0x98, 0x99, 0x98, 0x99, 0x99, 0x89, 0x98, 0x89, 0x99, 0x98, 0x9a, 0x99, 0x99, 0x99, 0x99, 0x99, 0x99, 0x99, 0x99, 0x98, 0x9a,
  0x98, 0x99, 0x99, 0x99, 0x89, 0x99, 0x99, 0x99, 0x99, 0x99, 0x99, 0x89, 0x99, 0xa9, 0x99, 0xa9, 0x99, 0x99, 0x99, 0x99, 0x99, 0x99, 0x81, 0x00,
  0x00, 0x00, 0x00, 0x00, 0x77, 0x89, 0x99, 0x99, 0x99, 0xa9, 0x99, 0x99, 0x99, 0x99, 0x89, 0x99, 0x99, 0x99, 0x99, 0x99, 0x99, 0x99, 0x99, 0x99,
  0x99, 0xa9, 0x99, 0x99, 0x99, 0x89, 0x99, 0x99, 0x9a, 0x99, 0x9a, 0x99, 0x99, 0x99, 0x99, 0x9a, 0x99, 0x99, 0x99, 0xa8, 0xa9, 0xa9, 0x99, 0x9a,
  0x99, 0x99, 0x89, 0x99, 0x99, 0x99, 0x98, 0x99, 0x99, 0x99, 0x89, 0x99, 0x98, 0x99, 0x99, 0x99, 0x99, 0x99, 0x99, 0x99, 0x99, 0x99, 0x99, 0x99,
  0x99, 0x99, 0x99, 0x99, 0x99, 0xa9, 0x99, 0x99, 0x99, 0x99, 0x99, 0x99, 0x99, 0x99, 0xa9, 0x99, 0x99, 0x99, 0x99, 0x99, 0x99, 0x99, 0x98, 0x99,
  0x99, 0x99, 0x99, 0x9a, 0x99, 0x9a, 0x99, 0x99, 0x99, 0x99, 0x99, 0x89, 0xa9, 0x9a, 0x99, 0x99, 0x89, 0x79, 0x71, 0x00, 0x00, 0x00, 0x00, 0x77,
  0x99, 0x89, 0x99, 0x99, 0x99, 0x99, 0xa8, 0x99, 0x98, 0x99, 0x99, 0xa9, 0x99, 0x99, 0x99, 0x99, 0x98, 0x88, 0x9a, 0x99, 0x99, 0x99, 0x99, 0x99,
  0x99, 0x99, 0x99, 0x99, 0x99, 0x99, 0x99, 0x99, 0x98, 0x99, 0x98, 0x99, 0x99, 0x98, 0x99, 0x98, 0x99, 0x99, 0x99, 0x89, 0x99, 0x98, 0x99, 0x99,
  0x99, 0x99, 0xa9, 0x99, 0x89, 0x99, 0x99, 0x99, 0x99, 0x99, 0x99, 0x9a, 0x99, 0x99, 0x99, 0xaa, 0x98, 0x89, 0x99, 0x98, 0x99, 0x99, 0x99, 0x99,
  0x89, 0x99, 0x99, 0x99, 0x99, 0x99, 0x99, 0x98, 0x99, 0x89, 0x99, 0x99, 0x99, 0x99, 0x99, 0x99, 0x99, 0x99, 0x99, 0x99, 0x99, 0x99, 0x99, 0x99,
  0x89, 0x99, 0x99, 0x99, 0x99, 0x99, 0x98, 0x98, 0x99, 0x99, 0xa9, 0x88, 0x78, 0x77, 0x00, 0x00, 0x00, 0x00, 0x17, 0x89, 0x99, 0x99, 0x99, 0x99,
  0x99, 0x99, 0x99, 0xa8, 0x99, 0x99, 0xa9, 0x99, 0x98, 0x99, 0x98, 0x99, 0x99, 0x99, 0x99, 0x99, 0x99, 0x99, 0x89, 0xa9, 0x99, 0x99, 0x98, 0xa9,
  0x98, 0x99, 0x99, 0x99, 0xa9, 0x99, 0x99, 0xa9, 0x89, 0x99, 0x99, 0x9a, 0x99, 0x99, 0xa8, 0x99, 0x99, 0x98, 0x99, 0x99, 0x9a, 0x99, 0x99, 0x99,
  0x99, 0x99, 0x99, 0x99, 0x99, 0x99, 0x99, 0x99, 0x99, 0x99, 0x99, 0x99, 0x99, 0x99, 0x98, 0xa9, 0x99, 0x89, 0x89, 0x99, 0x99, 0x99, 0x99, 0x99,
  0x99, 0x99, 0x99, 0x99, 0x99, 0x9a, 0x99, 0x99, 0x9a, 0x99, 0x99, 0x99, 0x99, 0x99, 0x99, 0x99, 0x99, 0xa9, 0x8a, 0x99, 0x99, 0x88, 0x99, 0x99,
  0x99, 0x99, 0x99, 0x99, 0xa9, 0x99, 0x99, 0x79, 0x77, 0x00, 0x00, 0x00, 0x17, 0x78, 0x9a, 0x99, 0xa9, 0x9a, 0x99, 0x99, 0x98, 0x98, 0x99, 0x99,
  0x99, 0x99, 0x89, 0x99, 0x99, 0x99, 0x99, 0xa9, 0x99, 0x99, 0x99, 0x99, 0x9a, 0x99, 0x99, 0x99, 0x99, 0x99, 0x99, 0x99, 0x88, 0x99, 0x99, 0x88,
  0x99, 0x9a, 0x99, 0x89, 0x99, 0x9a, 0x99, 0x99, 0x8a, 0x99, 0x8a, 0x88, 0x99, 0x99, 0x99, 0x99, 0x99, 0x99, 0x99, 0x98, 0x98, 0xa9, 0x99, 0x99,
  0x99, 0xa9, 0x99, 0xa9, 0x99, 0x99, 0x89, 0x99, 0x98, 0x89, 0x99, 0x99, 0x99, 0x9a, 0x99, 0x9a, 0x99, 0x99, 0x9a, 0x99, 0x89, 0x99, 0x99, 0x99,
  0xa8, 0x98, 0x99, 0x99, 0x98, 0x99, 0x99, 0x99, 0x99, 0x99, 0x99, 0x99, 0x89, 0x99, 0x99, 0x99, 0x99, 0x99, 0x99, 0x99, 0x99, 0x99, 0x99, 0x99,
  0x99, 0x88, 0x70, 0x00, 0x00, 0x00, 0x00, 0x17, 0x79, 0x89, 0x99, 0x99, 0x99, 0x99, 0x99, 0x99, 0x99, 0x98, 0x99, 0x99, 0x99, 0x99, 0x99, 0x99,
  0xa9, 0x99, 0xa9, 0x99, 0x99, 0xa9, 0x99, 0x99, 0x99, 0x99, 0x98, 0x9c, 0x99, 0x99, 0x89, 0x9a, 0x89, 0x99, 0x99, 0x99, 0x89, 0x99, 0x99, 0xa9,
  0x99, 0x99, 0x9a, 0x9a, 0xa9, 0x99, 0x99, 0x99, 0x98, 0x9a, 0x99, 0x99, 0x98, 0x99, 0x99, 0x99, 0x99, 0x99, 0x89, 0x9a, 0x89, 0x99, 0x99, 0x99,
  0x99, 0x99, 0x89, 0x99, 0x99, 0x9a, 0x99, 0xa9, 0x99, 0x99, 0x99, 0x99, 0x9a, 0x99, 0x99, 0x89, 0x99, 0x9a, 0x98, 0x99, 0x99, 0x99, 0x98, 0x99,
  0x89, 0xa9, 0x99, 0x99, 0x99, 0x99, 0x99, 0x99, 0x99, 0xaa, 0x99, 0x99, 0x99, 0x99, 0x99, 0xa9, 0xa9, 0x89, 0x99, 0x99, 0x89, 0x70, 0x00, 0x00,
  0x00, 0x00, 0x77, 0x79, 0x89, 0x99, 0x99, 0x99, 0x99, 0x98, 0x98, 0xa8, 0x99, 0x99, 0x99, 0x89, 0x99, 0xa9, 0x99, 0x99, 0x99, 0xa9, 0x99, 0x99,
  0x98, 0x99, 0x99, 0x89, 0x99, 0x9a, 0x8a, 0x99, 0x89, 0x99, 0x99, 0x99, 0x99, 0x99, 0x99, 0x89, 0x99, 0x99, 0x89, 0x89, 0x89, 0x9a, 0x9a, 0x9a,
  0x99, 0x99, 0x99, 0x99, 0x99, 0x99, 0x99, 0x99, 0x99, 0x99, 0x99, 0x99, 0x99, 0x9a, 0x89, 0x89, 0x99, 0x99, 0x99, 0x88, 0x99, 0x99, 0x99, 0x99,
  0x99, 0x99, 0x99, 0x9a, 0x99, 0x99, 0x99, 0x99, 0x99, 0x99, 0x89, 0x99, 0x99, 0x99, 0x99, 0x99, 0x99, 0x99, 0x9a, 0x99, 0x99, 0x99, 0x99, 0x99,
  0x99, 0x99, 0x99, 0x99, 0x99, 0x99, 0x99, 0x99, 0x88, 0x99, 0x99, 0x99, 0x99, 0x99, 0x99, 0x88, 0x70, 0x00, 0x00, 0x00, 0x00, 0x01, 0x89, 0x99,
  0x99, 0x98, 0x9a, 0x99, 0x99, 0xa9, 0x99, 0x99, 0x99, 0x99, 0x99, 0x99, 0x99, 0x99, 0x98, 0x99, 0x99, 0x99, 0x99, 0x99, 0x99, 0x99, 0x99, 0x99,
  0x99, 0x99, 0x99, 0x89, 0x99, 0x99, 0x99, 0x99, 0x99, 0x99, 0x99, 0x99, 0x99, 0x99, 0x99, 0x99, 0xa9, 0x99, 0x99, 0x99, 0x89, 0x99, 0x99, 0x99,
  0x99, 0x99, 0xa9, 0x99, 0x99, 0x99, 0x99, 0x99, 0x99, 0x99, 0x99, 0x99, 0x99, 0x9a, 0x99, 0x99, 0x99, 0x99, 0x99, 0x99, 0x98, 0x98, 0x99, 0x99,
  0x99, 0xa9, 0x99, 0x99, 0x99, 0x99, 0x89, 0x99, 0x99, 0x98, 0x99, 0x99, 0x99, 0x99, 0x99, 0x99, 0x99, 0x99, 0x99, 0x99, 0x99, 0x89, 0x98, 0x99,
  0x99, 0x99, 0x99, 0x99, 0x9a, 0x99, 0x98, 0x99, 0xa9, 0x99, 0x99, 0x97, 0x00, 0x00, 0x00, 0x00, 0x77, 0x99, 0x99, 0x98, 0x99, 0x99, 0x99, 0x99,
  0x8a, 0x99, 0x99, 0x9a, 0x99, 0x99, 0x9a, 0x99, 0x99, 0x99, 0xa8, 0x99, 0x99, 0x99, 0x98, 0xa9, 0x99, 0x99, 0x99, 0x99, 0x98, 0x99, 0x98, 0x99,
  0x99, 0x99, 0x8a, 0x99, 0x99, 0x99, 0x9a, 0x99, 0x98, 0x99, 0x99, 0x99, 0x98, 0x99, 0x9a, 0x99, 0x99, 0x99, 0x99, 0x99, 0x99, 0x99, 0x98, 0x99,
  0x99, 0x99, 0x99, 0x89, 0xaa, 0x98, 0x99, 0x99, 0x99, 0x99, 0x99, 0x99, 0x98, 0x99, 0x99, 0x99, 0x99, 0x99, 0x99, 0x99, 0x99, 0x9a, 0x99, 0x99,
  0x99, 0x99, 0x99, 0x99, 0x99, 0x98, 0x99, 0x99, 0x99, 0x89, 0xa9, 0x99, 0xa9, 0x99, 0x99, 0x99, 0x99, 0x99, 0x89, 0x99, 0x99, 0x99, 0x9a, 0x99,
  0x99, 0x99, 0x99, 0x99, 0x98, 0x88, 0x70, 0x00, 0x00, 0x00, 0x00, 0x77, 0x89, 0x99, 0x99, 0x99, 0x99, 0x99, 0x99, 0x9a, 0x99, 0x99, 0x9a, 0x99,
  0x99, 0x99, 0x88, 0x89, 0x98, 0x88, 0x99, 0x99, 0x99, 0x99, 0x98, 0x99, 0x99, 0x9a, 0x99, 0x99, 0x99, 0x99, 0x99, 0x99, 0x99, 0x89, 0x99, 0x99,
  0x99, 0x99, 0x9a, 0x98, 0x99, 0x99, 0x99, 0x89, 0x99, 0x99, 0x99, 0x98, 0x99, 0x99, 0x99, 0x99, 0xa9, 0xa9, 0x99, 0x99, 0x89, 0x9a, 0x99, 0x99,
  0x99, 0x88, 0x99, 0x99, 0x99, 0xa9, 0x99, 0x99, 0x9a, 0x99, 0x99, 0x99, 0x9a, 0x99, 0x99, 0x99, 0x99, 0x99, 0x99, 0xa9, 0x99, 0x99, 0x99, 0x98,
  0x89, 0x99, 0x99, 0x99, 0x99, 0x99, 0x98, 0x99, 0x99, 0x99, 0x98, 0x99, 0x99, 0x99, 0xa9, 0x99, 0x99, 0x99, 0x99, 0x89, 0x99, 0x9a, 0x89, 0x98,
  0x98, 0x70, 0x00, 0x00, 0x00, 0x10, 0x77, 0x89, 0x98, 0x99, 0x98, 0x98, 0xa9, 0x99, 0x99, 0x99, 0x99, 0x99, 0x99, 0x98, 0x98, 0x99, 0x99, 0x99,
  0x99, 0x99, 0x99, 0x99, 0x99, 0x99, 0x99, 0x99, 0x99, 0x99, 0x99, 0x99, 0xa9, 0x99, 0x99, 0x99, 0x99, 0x99, 0x99, 0x99, 0x99, 0x99, 0x99, 0x98,
  0x99, 0xa9, 0x99, 0x99, 0x99, 0x99, 0x99, 0x99, 0x99, 0x89, 0x99, 0x9a, 0x89, 0x99, 0x89, 0x98, 0x99, 0x98, 0x89, 0x99, 0x99, 0x99, 0x9a, 0x99,
  0x99, 0x99, 0x99, 0x99, 0x99, 0x99, 0x98, 0x99, 0x98, 0x99, 0xa9, 0x99, 0x99, 0x99, 0x99, 0x99, 0x99, 0x99, 0x99, 0x99, 0x99, 0x99, 0x98, 0x98,
  0x99, 0x99, 0x99, 0x99, 0x99, 0x99, 0x99, 0x99, 0x99, 0x9a, 0x98, 0x99, 0xa9, 0x99, 0x98, 0x99, 0x99, 0x89, 0x99, 0x87, 0x71, 0x00, 0x00, 0x00,
  0x10, 0x17, 0x88, 0x89, 0xaa, 0x99, 0x99, 0x99, 0x99, 0x99, 0x99, 0x99, 0x99, 0x88, 0x99, 0x99, 0x99, 0xa9, 0x99, 0x99, 0x99, 0x99, 0x99, 0x98,
  0x99, 0x99, 0x98, 0xa9, 0x99, 0x99, 0x99, 0x99, 0x99, 0x99, 0x99, 0x88, 0x99, 0x99, 0x99, 0x99, 0x98, 0x99, 0x99, 0x99, 0x99, 0x98, 0x99, 0x99,
  0x99, 0x99, 0x99, 0x98, 0x99, 0x99, 0x98, 0x99, 0x99, 0x99, 0x89, 0x99, 0x99, 0x98, 0x99, 0x99, 0xa9, 0x99, 0x99, 0x99, 0x99, 0x9a, 0x99, 0x99,
  0x99, 0x99, 0x99, 0x99, 0x99, 0x99, 0x99, 0x99, 0x99, 0x99, 0x99, 0x99, 0x9a, 0x98, 0x99, 0x99, 0x99, 0x99, 0x99, 0x99, 0x98, 0x99, 0x99, 0x99,
  0x98, 0x99, 0x99, 0x99, 0x99, 0x99, 0x98, 0x9a, 0x99, 0x99, 0x99, 0x99, 0x98, 0x98, 0x97, 0x11, 0x00, 0x00, 0x00, 0x10, 0x77, 0x99, 0x99, 0x99,
  0x99, 0x99, 0x98, 0x99, 0x99, 0x99, 0x99, 0x89, 0xa9, 0x99, 0x99, 0x99, 0x99, 0xa9, 0x99, 0x99, 0x99, 0x9a, 0x99, 0xa9, 0x98, 0x99, 0x99, 0x99,
  0x99, 0xa9, 0x99, 0x99, 0x99, 0x99, 0x99, 0x9a, 0x99, 0x99, 0x99, 0xa9, 0x89, 0x99, 0x99, 0xa9, 0x99, 0x99, 0x99, 0x99, 0xa9, 0x8a, 0x99, 0x99,
  0x99, 0x89, 0x99, 0x99, 0x99, 0x99, 0xa9, 0x99, 0x99, 0x99, 0x99, 0x99, 0x99, 0x99, 0x99, 0x98, 0x99, 0x89, 0x99, 0xa9, 0x99, 0x99, 0x99, 0x99,
  0x99, 0x89, 0x9a, 0x98, 0x99, 0x9a, 0x99, 0x99, 0x98, 0x99, 0x99, 0x99, 0x99, 0x99, 0x99, 0x99, 0x99, 0x99, 0xa9, 0xa9, 0x99, 0x88, 0x99, 0x99,
  0x99, 0x99, 0x99, 0x98, 0x99, 0x89, 0x99, 0x99, 0x98, 0x87, 0x77, 0x00, 0x00, 0x00, 0x00, 0x17, 0x99, 0xaa, 0x99, 0x99, 0x9a, 0x89, 0x98, 0x9a,
  0x99, 0x99, 0x99, 0x99, 0x99, 0x99, 0x99, 0x9a, 0x9a, 0x99, 0x98, 0x99, 0x99, 0x99, 0x99, 0x99, 0x98, 0x99, 0xa9, 0x9c, 0x99, 0x99, 0x99, 0x99,
  0x99, 0x99, 0x99, 0x99, 0xa9, 0x99, 0x99, 0x89, 0x99, 0x99, 0x99, 0x88, 0x89, 0x89, 0x89, 0x99, 0x89, 0x99, 0x89, 0x99, 0xa9, 0x89, 0xa9, 0x99,
  0x99, 0x99, 0x89, 0x99, 0x99, 0x99, 0xa9, 0x99, 0x89, 0x99, 0x98, 0x99, 0x9a, 0x9a, 0x99, 0x99, 0x98, 0x99, 0x99, 0x88, 0x89, 0x9a, 0x99, 0x99,
  0x98, 0x99, 0x99, 0x89, 0x99, 0x99, 0x99, 0x98, 0x99, 0x99, 0x99, 0x99, 0x99, 0xa9, 0xa9, 0x99, 0x99, 0x99, 0x99, 0x89, 0x99, 0x99, 0x99, 0x99,
  0x99, 0x98, 0x99, 0x99, 0x89, 0x70, 0x00, 0x00, 0x00, 0x00, 0x17, 0x98, 0x89, 0x89, 0x89, 0x99, 0x99, 0x98, 0x99, 0x99, 0x99, 0x9a, 0x99, 0x99,
  0x99, 0x99, 0x99, 0x99, 0x99, 0x99, 0x99, 0x99, 0x99, 0x99, 0x89, 0x99, 0x99, 0x99, 0x99, 0x99, 0x99, 0x99, 0x99, 0x99, 0x99, 0x99, 0x99, 0x98,
  0x99, 0x99, 0x99, 0x99, 0x99, 0x99, 0x99, 0x99, 0x99, 0x99, 0x99, 0x98, 0x99, 0x99, 0x99, 0x99, 0x99, 0x99, 0x99, 0x99, 0x99, 0x89, 0x99, 0x99,
  0x99, 0x99, 0x98, 0x9a, 0x88, 0x99, 0x99, 0x99, 0x99, 0x99, 0xa9, 0x99, 0x99, 0x99, 0x99, 0x98, 0x99, 0x99, 0x99, 0xa9, 0x99, 0x99, 0x99, 0xa9,
  0x99, 0x89, 0x99, 0x99, 0x99, 0x9a, 0x99, 0x99, 0x99, 0x99, 0x99, 0x98, 0x99, 0x99, 0x99, 0x99, 0x99, 0x89, 0x99, 0x99, 0x99, 0x99, 0x98, 0x98,
  0x70, 0x00, 0x00, 0x00, 0x00, 0x01, 0x89, 0x99, 0x99, 0x99, 0x89, 0x9a, 0x99, 0x99, 0x99, 0xa8, 0x89, 0x99, 0x89, 0x98, 0xa9, 0x99, 0x99, 0x99,
  0x98, 0x9a, 0x99, 0x89, 0x89, 0x98, 0x99, 0x99, 0x98, 0x99, 0x99, 0x99, 0x99, 0xa9, 0x99, 0x99, 0x99, 0x99, 0x99, 0x99, 0x9a, 0x99, 0x89, 0x99,
  0x9a, 0xa9, 0x99, 0x99, 0x98, 0x99, 0x99, 0x98, 0xa9, 0x99, 0x89, 0x99, 0xa9, 0x99, 0x99, 0x99, 0x99, 0x9a, 0x98, 0x99, 0x9a, 0x99, 0x98, 0x99,
  0x99, 0x89, 0xa9, 0x99, 0xa9, 0x99, 0x99, 0x99, 0x99, 0x99, 0x99, 0x99, 0x99, 0x89, 0x99, 0x99, 0x99, 0x99, 0x99, 0xa9, 0x98, 0x99, 0xa9, 0xa9,
  0x99, 0x99, 0x89, 0x89, 0x99, 0x99, 0x9a, 0x89, 0x99, 0x9a, 0x99, 0x89, 0x98, 0x99, 0x99, 0x89, 0x99, 0x89, 0x98, 0x80, 0x00, 0x00, 0x00, 0x00,
  0x77, 0x89, 0x99, 0x99, 0x99, 0x99, 0x99, 0x99, 0x99, 0x99, 0x8a, 0x99, 0x98, 0x88, 0x99, 0x99, 0x99, 0x98, 0xa9, 0x89, 0x98, 0x98, 0x99, 0x99,
  0x99, 0x99, 0x99, 0x99, 0x9a, 0x99, 0x99, 0x99, 0x99, 0x99, 0x99, 0x99, 0x99, 0x99, 0x99, 0x99, 0x99, 0x99, 0x99, 0x89, 0xa9, 0x99, 0x99, 0x99,
  0x99, 0x99, 0x99, 0x99, 0x99, 0x99, 0x99, 0x89, 0x99, 0x99, 0x99, 0x99, 0x9a, 0x99, 0x89, 0x89, 0x89, 0x99, 0x89, 0x99, 0x99, 0x99, 0x99, 0xa9,
  0x99, 0x99, 0x99, 0x98, 0x99, 0x99, 0x99, 0x98, 0x99, 0x9a, 0x98, 0x89, 0x99, 0x99, 0x99, 0x99, 0x99, 0x99, 0x99, 0x98, 0x99, 0x99, 0x99, 0x99,
  0x99, 0x99, 0x89, 0xa9, 0x99, 0x99, 0x99, 0xa9, 0xa8, 0x99, 0x99, 0x99, 0x9a, 0x87, 0x77, 0x00, 0x00, 0x00, 0x00, 0x77, 0x88, 0xa9, 0x99, 0x99,
  0x98, 0x98, 0xa9, 0x99, 0x99, 0x99, 0x99, 0xa9, 0x99, 0x99, 0x99, 0x99, 0x99, 0x99, 0x99, 0x89, 0x9a, 0xa9, 0x89, 0x99, 0x99, 0xa9, 0x98, 0x89,
  0x89, 0x99, 0x89, 0x99, 0x99, 0x99, 0x99, 0x99, 0x98, 0x99, 0x99, 0x89, 0x9a, 0x99, 0x89, 0x99, 0x99, 0x99, 0x99, 0x99, 0x99, 0xa9, 0x99, 0x99,
  0x98, 0x99, 0x99, 0x89, 0x99, 0x89, 0x99, 0x89, 0x99, 0x99, 0x99, 0x99, 0x99, 0x99, 0x99, 0x9a, 0x99, 0x99, 0x99, 0x99, 0x99, 0x99, 0x99, 0xa9,
  0x9a, 0x99, 0x99, 0xa8, 0xa8, 0xa9, 0x99, 0x99, 0x99, 0x98, 0x99, 0x99, 0x99, 0x99, 0x99, 0x99, 0x98, 0x99, 0xa9, 0x99, 0x99, 0x99, 0x99, 0x99,
  0x99, 0x9a, 0x99, 0x88, 0x99, 0x99, 0x99, 0x99, 0x87, 0x17, 0x00, 0x00, 0x00, 0x00, 0x77, 0x88, 0x98, 0x99, 0x99, 0xa9, 0x99, 0x98, 0xa9, 0x9a,
  0x98, 0x89, 0x88, 0x99, 0x99, 0x98, 0x99, 0x99, 0x99, 0x99, 0x99, 0x99, 0x99, 0x99, 0x99, 0x99, 0x9a, 0x9a, 0x99, 0x99, 0x98, 0x99, 0x99, 0x99,
  0xa9, 0x99, 0x99, 0x99, 0xa8, 0x99, 0x99, 0x99, 0x89, 0x99, 0x99, 0x99, 0x99, 0x99, 0x99, 0x99, 0x99, 0x99, 0x99, 0x99, 0x99, 0x99, 0x98, 0x99,
  0x99, 0x99, 0x99, 0x99, 0x99, 0x99, 0x99, 0x99, 0x9a, 0x99, 0x99, 0x99, 0x99, 0x9a, 0x99, 0x99, 0x99, 0x99, 0x99, 0x89, 0x99, 0x89, 0x99, 0x98,
  0xa9, 0x99, 0x99, 0x99, 0x99, 0x89, 0x99, 0x99, 0x99, 0x99, 0x99, 0x99, 0x98, 0x8a, 0x99, 0x99, 0x99, 0x99, 0x99, 0x99, 0x99, 0x89, 0x99, 0x99,
  0x89, 0x99, 0x99, 0x87, 0x17, 0x00, 0x00, 0x00, 0x00, 0x17, 0x88, 0x98, 0x99, 0x99, 0x99, 0x99, 0x99, 0x99, 0x98, 0x98, 0xa9, 0x99, 0x99, 0x99,
  0x99, 0x99, 0x99, 0x99, 0x99, 0x99, 0x99, 0x99, 0x99, 0x99, 0x99, 0x89, 0x99, 0x99, 0x89, 0x99, 0x99, 0x99, 0x99, 0x99, 0x98, 0xa9, 0x9a, 0x99,
  0x99, 0x99, 0x99, 0x99, 0x99, 0x99, 0x89, 0x99, 0x99, 0x99, 0x99, 0x99, 0x99, 0x99, 0x9a, 0x99, 0x99, 0x99, 0x99, 0x89, 0x9a, 0x9a, 0x99, 0x99,
  0x9a, 0xa9, 0x99, 0x99, 0x9a, 0x89, 0x99, 0x99, 0x99, 0x99, 0x99, 0x99, 0x99, 0x99, 0x99, 0x99, 0x99, 0x99, 0x99, 0x99, 0x99, 0x99, 0x99, 0x99,
  0xa9, 0x99, 0x99, 0x98, 0x99, 0x99, 0x99, 0x99, 0x98, 0x99, 0x99, 0x99, 0x99, 0x99, 0x99, 0x99, 0x99, 0x99, 0x99, 0x99, 0x99, 0x99, 0x98, 0x87,
  0x10, 0x00, 0x00, 0x00, 0x17, 0x88, 0x98, 0x99, 0x99, 0xa9, 0x99, 0x98, 0x99, 0x99, 0x99, 0x99, 0x99, 0x99, 0x89, 0x99, 0x99, 0x99, 0x99, 0x99,
  0x99, 0x89, 0x99, 0x99, 0x99, 0x99, 0x99, 0x89, 0x99, 0x99, 0xa9, 0x99, 0x99, 0xa9, 0x99, 0x99, 0x99, 0x99, 0x99, 0x99, 0x89, 0x99, 0x9a, 0x99,
  0x99, 0x98, 0x99, 0x99, 0x89, 0x99, 0x99, 0x99, 0x99, 0x99, 0x99, 0x98, 0x99, 0x99, 0x99, 0xa9, 0x99, 0x99, 0x99, 0x98, 0x99, 0x89, 0x89, 0x99,
  0x9a, 0x89, 0x99, 0x9a, 0x99, 0x99, 0x99, 0x99, 0x99, 0x99, 0x99, 0x99, 0x9a, 0x99, 0x99, 0x98, 0x99, 0x98, 0x99, 0x99, 0x99, 0x98, 0x99, 0x99,
  0x99, 0x99, 0x99, 0x89, 0x89, 0x99, 0x99, 0x99, 0x99, 0x99, 0x99, 0x89, 0x99, 0x99, 0x99, 0x99, 0x99, 0x98, 0x87, 0x70, 0x00, 0x00, 0x00, 0x77,
  0x88, 0x99, 0x99, 0x9a, 0x99, 0x99, 0x99, 0x99, 0x99, 0x99, 0x89, 0x99, 0x99, 0x99, 0x99, 0x99, 0x98, 0x99, 0x99, 0x99, 0x99, 0x99, 0x99, 0x99,
  0x98, 0x9a, 0x99, 0x99, 0x99, 0x9a, 0x89, 0x99, 0xa8, 0xa9, 0x99, 0x89, 0x99, 0x99, 0x99, 0x99, 0x89, 0x99, 0x99, 0xa8, 0x99, 0x99, 0x99, 0x99,
  0x99, 0x99, 0x99, 0x99, 0x89, 0x99, 0x99, 0x99, 0x99, 0x99, 0x99, 0x99, 0x99, 0x99, 0x99, 0x99, 0x89, 0x99, 0x99, 0x99, 0x99, 0x99, 0x99, 0x99,
  0x99, 0x99, 0x99, 0x9a, 0x99, 0x99, 0x99, 0x99, 0x99, 0x99, 0x99, 0x99, 0xa9, 0x99, 0x99, 0x99, 0xa9, 0x99, 0x9a, 0x99, 0x99, 0x99, 0x99, 0x99,
  0x99, 0xa9, 0x99, 0x99, 0x99, 0x99, 0x99, 0x89, 0x99, 0x99, 0x89, 0xa9, 0x99, 0x97, 0x70, 0x00, 0x00, 0x00, 0x17, 0x88, 0x98, 0x99, 0x89, 0x99,
  0x89, 0x99, 0x99, 0x99, 0x99, 0x99, 0x99, 0x99, 0x99, 0x99, 0x99, 0x89, 0x99, 0x99, 0x99, 0x99, 0x99, 0x99, 0x99, 0x99, 0x99, 0x99, 0x99, 0x99,
  0x99, 0x99, 0x99, 0x99, 0x99, 0x99, 0x99, 0x99, 0x98, 0x99, 0x99, 0x99, 0x99, 0x99, 0x99, 0x99, 0xa9, 0x99, 0x99, 0x89, 0x99, 0x99, 0x99, 0xa9,
  0x99, 0x99, 0x99, 0x99, 0x99, 0x99, 0x99, 0x99, 0x99, 0x99, 0x99, 0x99, 0x99, 0x99, 0x99, 0x99, 0x99, 0x99, 0x99, 0x99, 0x99, 0x99, 0x89, 0x99,
  0x9a, 0x99, 0x99, 0x99, 0x99, 0x99, 0x99, 0x99, 0x99, 0x99, 0x99, 0x99, 0x9a, 0x99, 0x99, 0x99, 0x98, 0x99, 0x99, 0x99, 0x99, 0x98, 0x99, 0x99,
  0x99, 0x99, 0x99, 0x9a, 0x99, 0x89, 0x99, 0x88, 0x79, 0x77, 0x00, 0x00, 0x00, 0x77, 0x88, 0x98, 0x99, 0x99, 0x99, 0x99, 0x99, 0x99, 0x99, 0x99,
  0x99, 0x99, 0x9a, 0x99, 0x99, 0x99, 0x99, 0x99, 0x99, 0x99, 0xa9, 0x99, 0x99, 0x99, 0x99, 0x99, 0xa9, 0x99, 0x99, 0x99, 0x99, 0x89, 0x99, 0x99,
  0xa9, 0x99, 0x9a, 0x99, 0x98, 0x99, 0x99, 0x99, 0x99, 0x99, 0xa9, 0x99, 0x99, 0x99, 0x99, 0x99, 0x99, 0x99, 0x99, 0x99, 0x99, 0x99, 0x8a, 0x99,
  0x99, 0x99, 0x99, 0x98, 0x99, 0x99, 0x98, 0x99, 0x99, 0x99, 0x99, 0x99, 0x98, 0x99, 0x99, 0xa9, 0x99, 0x99, 0x9a, 0x99, 0x99, 0x99, 0x99, 0x99,
  0x99, 0x99, 0x99, 0x9a, 0x89, 0x99, 0x99, 0x89, 0x99, 0x9a, 0x98, 0x99, 0x99, 0x99, 0x99, 0x99, 0x99, 0x99, 0x99, 0x99, 0x99, 0x99, 0x99, 0x99,
  0xa8, 0x99, 0x99, 0x78, 0x71, 0x00, 0x00, 0x00, 0x77, 0x89, 0x98, 0x99, 0x99, 0x99, 0x99, 0x99, 0x98, 0x99, 0x89, 0x99, 0xa9, 0x9a, 0x99, 0x9a,
  0x9a, 0x98, 0xa9, 0x98, 0x99, 0x99, 0x98, 0x99, 0x89, 0x99, 0x99, 0x88, 0x99, 0x99, 0x9a, 0xa9, 0x99, 0x99, 0x98, 0x99, 0x99, 0x99, 0x99, 0x99,
  0x99, 0xaa, 0x99, 0x99, 0x99, 0x99, 0x99, 0x89, 0x98, 0xa9, 0x99, 0x98, 0x99, 0x89, 0x99, 0x99, 0x99, 0x99, 0x99, 0x98, 0x99, 0x99, 0x99, 0x99,
  0x89, 0x99, 0x99, 0x99, 0x99, 0x99, 0x99, 0x99, 0x99, 0x99, 0x99, 0x89, 0x99, 0x99, 0x9a, 0x99, 0x99, 0x9a, 0x99, 0x99, 0x99, 0x99, 0x99, 0x99,
  0xa9, 0x99, 0x99, 0x99, 0x99, 0x99, 0x99, 0x99, 0x99, 0x99, 0x99, 0x99, 0x99, 0x99, 0x9a, 0x88, 0x99, 0x99, 0x99, 0x99, 0x99, 0x88, 0x79, 0x71,
  0x00, 0x00, 0x00, 0x07, 0x17, 0x89, 0x99, 0x99, 0x99, 0x89, 0x89, 0x99, 0x99, 0x99, 0x99, 0x99, 0x99, 0x89, 0x99, 0x99, 0x89, 0x99, 0x99, 0x99,
  0x98, 0x99, 0x99, 0x99, 0x98, 0x99, 0x99, 0x99, 0x99, 0x99, 0x99, 0x9a, 0x99, 0x99, 0x99, 0x99, 0x99, 0x99, 0x99, 0x89, 0x99, 0x89, 0x99, 0x99,
  0x99, 0x99, 0xa9, 0x89, 0x99, 0x89, 0x99, 0x89, 0x89, 0x99, 0x99, 0x99, 0x98, 0x99, 0x99, 0x99, 0x99, 0x99, 0x99, 0x99, 0x99, 0x99, 0x89, 0x99,
  0x99, 0x89, 0x99, 0x98, 0x99, 0x99, 0x99, 0x89, 0x98, 0x99, 0x99, 0x88, 0x99, 0x99, 0x99, 0x99, 0x99, 0x99, 0x99, 0x99, 0x99, 0x99, 0x99, 0x9a,
  0x99, 0x89, 0x99, 0x99, 0x99, 0x99, 0x99, 0x89, 0x99, 0x9a, 0x99, 0x99, 0x89, 0x99, 0x89, 0x99, 0x98, 0x97, 0x70, 0x00, 0x00, 0x00, 0x07, 0x17,
  0x89, 0x99, 0x99, 0x99, 0x99, 0x99, 0x99, 0x98, 0x89, 0x99, 0x99, 0x99, 0x99, 0x99, 0x99, 0x99, 0x99, 0x89, 0x99, 0x99, 0x99, 0x98, 0xa9, 0x89,
  0x99, 0x99, 0x99, 0x99, 0x99, 0x98, 0x99, 0x98, 0x99, 0x99, 0x89, 0x99, 0x99, 0x99, 0x99, 0x99, 0x99, 0x99, 0x99, 0xa9, 0x99, 0x99, 0x99, 0x99,
  0x99, 0x99, 0x9a, 0x89, 0x99, 0x9a, 0x98, 0x99, 0x98, 0x89, 0x99, 0x98, 0x99, 0x89, 0x99, 0x99, 0x99, 0x99, 0x9a, 0x99, 0x99, 0x98, 0x99, 0x99,
  0x99, 0x99, 0x99, 0x99, 0x99, 0x99, 0x98, 0x99, 0x99, 0x99, 0x99, 0x99, 0x89, 0x98, 0x99, 0xa9, 0x99, 0x99, 0x99, 0x9a, 0x9a, 0x99, 0x99, 0x99,
  0x89, 0x9a, 0x99, 0x99, 0x99, 0x99, 0x89, 0x99, 0x89, 0x99, 0x99, 0x88, 0x87, 0x70, 0x00, 0x00, 0x00, 0x77, 0x79, 0x88, 0x99, 0x99, 0x99, 0x99,
  0x9a, 0x98, 0x99, 0x99, 0xa9, 0x99, 0x89, 0x99, 0x89, 0x98, 0x99, 0x9a, 0x9a, 0x99, 0x99, 0x99, 0x98, 0x89, 0x9a, 0x99, 0x89, 0x99, 0x99, 0x99,
  0x99, 0x99, 0x99, 0x9a, 0x99, 0x99, 0x99, 0x99, 0x89, 0x9a, 0x99, 0x99, 0x99, 0x99, 0x99, 0x99, 0x99, 0x9a, 0x99, 0x99, 0x99, 0x99, 0x99, 0x99,
  0x9a, 0x99, 0x89, 0x99, 0xa9, 0x99, 0x99, 0x99, 0x99, 0x99, 0x99, 0x99, 0x89, 0x99, 0x99, 0x99, 0x99, 0x99, 0x99, 0x89, 0x99, 0x99, 0x99, 0x99,
  0xa9, 0x99, 0x99, 0x89, 0x99, 0x99, 0x99, 0x99, 0x99, 0x99, 0x99, 0xa9, 0x89, 0x98, 0x99, 0x89, 0xa9, 0x99, 0x9a, 0x99, 0x99, 0x99, 0x89, 0x99,
  0x98, 0x99, 0x99, 0x99, 0x99, 0x99, 0x89, 0x71, 0x00, 0x00, 0x00, 0x00, 0x01, 0x99, 0x99, 0x98, 0x99, 0x99, 0x99, 0x99, 0x98, 0x99, 0x98, 0x99,
  0x99, 0x99, 0xa9, 0x89, 0x99, 0x99, 0x9a, 0x99, 0x99, 0x99, 0x99, 0x99, 0x99, 0x99, 0x99, 0x99, 0x98, 0x99, 0x99, 0x99, 0x99, 0x99, 0x99, 0x89,
  0x99, 0x99, 0x99, 0x99, 0x99, 0x99, 0x99, 0x99, 0x99, 0x99, 0x98, 0x9a, 0x99, 0x9a, 0x99, 0x99, 0x99, 0x99, 0x89, 0x99, 0x99, 0x99, 0x89, 0x99,
  0x99, 0x99, 0x99, 0x98, 0x99, 0x99, 0x99, 0x99, 0x99, 0x99, 0x89, 0x99, 0x99, 0x99, 0x98, 0x99, 0x99, 0x99, 0x99, 0x99, 0x99, 0x9a, 0x89, 0x99,
  0x99, 0x99, 0x99, 0x9a, 0x99, 0x99, 0x99, 0x99, 0x99, 0x99, 0x99, 0x99, 0x98, 0x99, 0x99, 0x99, 0x99, 0x99, 0xa9, 0x99, 0xa9, 0xa9, 0x99, 0x99,
  0xa9, 0x88, 0x70, 0x00, 0x00, 0x00, 0x00, 0x01, 0x99, 0x89, 0x99, 0x99, 0x99, 0x98, 0x99, 0x99, 0x99, 0x89, 0x99, 0x99, 0x88, 0x99, 0x89, 0x9a,
  0x89, 0x99, 0x99, 0x89, 0x99, 0x99, 0x99, 0x99, 0x99, 0x99, 0x98, 0x89, 0x99, 0x99, 0x89, 0x99, 0xa9, 0x99, 0x99, 0x99, 0x99, 0x99, 0x99, 0x99,
  0x99, 0x99, 0x99, 0x9a, 0xa9, 0x99, 0x99, 0x99, 0x99, 0x98, 0x99, 0x99, 0x99, 0x99, 0x99, 0x99, 0x99, 0x99, 0x9a, 0xa9, 0x99, 0x98, 0x99, 0x99,
  0x98, 0x99, 0x99, 0x99, 0x99, 0xa9, 0x99, 0x99, 0x99, 0x99, 0x99, 0x99, 0x99, 0x99, 0x99, 0x98, 0x99, 0x99, 0x98, 0x99, 0x89, 0x99, 0x99, 0x99,
  0x99, 0x99, 0x89, 0x99, 0x99, 0x99, 0x99, 0x99, 0x99, 0x99, 0xa9, 0x99, 0x99, 0x99, 0x99, 0x99, 0x99, 0x99, 0x99, 0x99, 0x88, 0x70, 0x00, 0x00,
  0x00, 0x00, 0x01, 0x99, 0x9a, 0x99, 0x89, 0x99, 0xa9, 0x99, 0x98, 0x99, 0x99, 0x8a, 0x99, 0x99, 0x99, 0x99, 0x99, 0x89, 0x99, 0x9a, 0x99, 0x9a,
  0x99, 0x99, 0x99, 0x99, 0x99, 0x9a, 0x99, 0x99, 0x8a, 0x89, 0x99, 0x98, 0x99, 0x99, 0x98, 0x89, 0x99, 0x99, 0x89, 0xa9, 0x9a, 0x99, 0x98, 0x98,
  0x99, 0x89, 0x99, 0x99, 0x99, 0x99, 0x99, 0x99, 0x99, 0x99, 0x89, 0x9a, 0x99, 0x98, 0x99, 0x99, 0x99, 0x99, 0x89, 0x99, 0x8a, 0x99, 0x9a, 0x99,
  0x99, 0x99, 0x99, 0x99, 0x99, 0x99, 0x99, 0x99, 0x99, 0x99, 0x99, 0x99, 0x99, 0x99, 0x99, 0x88, 0x99, 0x99, 0x99, 0x99, 0x99, 0x99, 0x99, 0x99,
  0x99, 0x99, 0x98, 0x99, 0x98, 0x99, 0x99, 0x99, 0x99, 0x99, 0x99, 0x99, 0x89, 0x9a, 0x99, 0x98, 0x70, 0x00, 0x00, 0x00, 0x01, 0x78, 0x99, 0x99,
  0x99, 0x99, 0x99, 0x99, 0x89, 0x99, 0x99, 0x89, 0x99, 0x99, 0x99, 0x99, 0x99, 0xaa, 0x99, 0x99, 0x9a, 0x99, 0x99, 0x98, 0x98, 0x89, 0x99, 0x99,
  0x99, 0x99, 0x99, 0x99, 0x99, 0x99, 0x99, 0x99, 0x99, 0x99, 0x99, 0x9a, 0x99, 0x99, 0x98, 0x99, 0x99, 0x99, 0x99, 0x8a, 0x99, 0x99, 0x99, 0x99,
  0x89, 0x9a, 0x99, 0x99, 0x99, 0x98, 0x99, 0x99, 0x99, 0x99, 0x99, 0x99, 0x99, 0x99, 0x8a, 0x99, 0x99, 0x99, 0x98, 0x99, 0x99, 0x89, 0x99, 0x99,
  0x99, 0x99, 0xa9, 0x99, 0x88, 0x99, 0x99, 0x99, 0x99, 0x99, 0x99, 0x9a, 0x99, 0x99, 0x99, 0x99, 0x99, 0x99, 0x99, 0x98, 0x99, 0x99, 0xa9, 0x99,
  0x99, 0x99, 0xa9, 0x99, 0x99, 0x99, 0x99, 0x99, 0x99, 0xa8, 0x87, 0x17, 0x00, 0x00, 0x00, 0x01, 0x79, 0x99, 0x99, 0x98, 0x99, 0x99, 0x9a, 0x99,
  0x99, 0x99, 0x9a, 0x98, 0x99, 0x99, 0x99, 0x99, 0x99, 0x99, 0x99, 0x98, 0x99, 0x99, 0x99, 0x99, 0x99, 0x89, 0x99, 0x99, 0x99, 0x99, 0x89, 0x99,
  0x98, 0x99, 0x99, 0x99, 0x99, 0xa9, 0x99, 0x99, 0xa9, 0x99, 0x99, 0x99, 0x89, 0x89, 0x9a, 0x98, 0x99, 0x99, 0x89, 0xa9, 0x99, 0x99, 0x99, 0x99,
  0x99, 0x99, 0x99, 0x9a, 0xa9, 0x99, 0x98, 0x99, 0x98, 0x99, 0xa9, 0x99, 0x99, 0x99, 0x99, 0x99, 0x99, 0x99, 0x99, 0x8a, 0x99, 0x99, 0x99, 0x99,
  0x9a, 0x9a, 0xa9, 0x99, 0x99, 0x99, 0x99, 0x99, 0x99, 0x99, 0x99, 0x99, 0x99, 0x99, 0x89, 0x89, 0x9a, 0x99, 0x99, 0x99, 0x99, 0x99, 0x99, 0x99,
  0x99, 0x99, 0x99, 0x99, 0x99, 0x97, 0x71, 0x00, 0x00, 0x00, 0x07, 0x78, 0x99, 0x99, 0x99, 0x99, 0x99, 0x99, 0x99, 0x98, 0x99, 0x99, 0x99, 0x99,
  0x99, 0x99, 0xa9, 0x99, 0x9a, 0xa9, 0x99, 0x99, 0x99, 0xa9, 0x99, 0x99, 0xa9, 0x99, 0x99, 0x99, 0x88, 0x99, 0x99, 0xa9, 0x99, 0x99, 0x99, 0x99,
  0x9a, 0x99, 0x99, 0x9a, 0x99, 0x99, 0x99, 0x89, 0x89, 0x99, 0x99, 0xa8, 0x99, 0x99, 0x98, 0x99, 0x99, 0x99, 0x99, 0x9a, 0x99, 0x99, 0x99, 0x99,
  0x99, 0x99, 0x99, 0x99, 0x99, 0x9a, 0x99, 0x99, 0x99, 0x89, 0x89, 0x99, 0x99, 0x9a, 0x89, 0x99, 0xa8, 0x99, 0x99, 0x99, 0x99, 0x99, 0x89, 0x9a,
  0x9a, 0x99, 0x99, 0x89, 0x99, 0x9a, 0x99, 0x99, 0x99, 0x99, 0x99, 0x99, 0x99, 0x99, 0x99, 0x89, 0xa9, 0x99, 0x99, 0x99, 0x99, 0x99, 0x99, 0x98,
  0x87, 0x11, 0x00, 0x00, 0x00, 0x01, 0x79, 0x99, 0x99, 0x98, 0x89, 0x99, 0x99, 0x99, 0x89, 0xa9, 0x99, 0x99, 0x99, 0xa9, 0x99, 0x99, 0x99, 0x99,
  0x99, 0x99, 0x99, 0x98, 0x89, 0x99, 0x99, 0x99, 0x99, 0x99, 0x99, 0x99, 0x99, 0x99, 0x89, 0x99, 0x99, 0x99, 0x99, 0x99, 0x99, 0x89, 0x99, 0x99,
  0x99, 0xa9, 0x99, 0x99, 0x99, 0x99, 0x99, 0x99, 0x99, 0x99, 0x99, 0x99, 0x98, 0x99, 0x99, 0x99, 0x99, 0x99, 0x99, 0x99, 0x88, 0x99, 0x99, 0x99,
  0x99, 0x99, 0x99, 0x99, 0x99, 0x99, 0x99, 0x89, 0x99, 0xa9, 0x9a, 0x99, 0x99, 0x99, 0x99, 0x99, 0x99, 0x99, 0x9a, 0x98, 0x99, 0x99, 0x99, 0x99,
  0x9a, 0x99, 0x98, 0x99, 0x99, 0x98, 0x99, 0x99, 0xaa, 0x99, 0x99, 0x99, 0x99, 0x89, 0x99, 0x99, 0x99, 0x99, 0x99, 0x97, 0x77, 0x00, 0x00, 0x00,
  0x01, 0x79, 0x89, 0x99, 0x99, 0x99, 0x99, 0x99, 0x99, 0xa9, 0x99, 0x99, 0x99, 0x99, 0x99, 0x98, 0x99, 0x99, 0x99, 0x99, 0x99, 0x99, 0xa9, 0x99,
  0x89, 0x99, 0x99, 0x9a, 0x99, 0x99, 0x99, 0x99, 0x99, 0xa8, 0x89, 0x99, 0x99, 0x99, 0x99, 0x99, 0x99, 0x99, 0x99, 0x99, 0x9a, 0x99, 0x99, 0x99,
  0x99, 0x99, 0x99, 0x99, 0x99, 0x99, 0x99, 0x99, 0x99, 0x98, 0x99, 0x89, 0x99, 0x99, 0x99, 0x99, 0x99, 0x99, 0x99, 0x89, 0x99, 0x99, 0x99, 0x98,
  0x89, 0x99, 0x99, 0x99, 0x99, 0x99, 0x99, 0x99, 0x99, 0x99, 0x99, 0x99, 0x89, 0x99, 0x99, 0x99, 0x98, 0x99, 0x99, 0x99, 0x89, 0x98, 0x99, 0xa9,
  0x99, 0x99, 0x99, 0x99, 0x99, 0x98, 0x99, 0x99, 0x99, 0x99, 0xa9, 0xa9, 0x99, 0x99, 0x87, 0x71, 0x00, 0x00, 0x00, 0x07, 0x78, 0x89, 0x99, 0x99,
  0x99, 0x99, 0x99, 0xa9, 0x99, 0x99, 0x99, 0x99, 0x99, 0x99, 0x99, 0x9a, 0x99, 0x99, 0x99, 0x99, 0x99, 0x99, 0x99, 0x99, 0x99, 0x99, 0x99, 0x99,
  0x99, 0x99, 0x99, 0x99, 0x99, 0x99, 0x99, 0x99, 0x99, 0x99, 0x89, 0x99, 0x89, 0x99, 0x98, 0x98, 0x99, 0x99, 0x99, 0x9a, 0x99, 0x99, 0x99, 0x89,
  0x99, 0x99, 0x99, 0x99, 0x99, 0x99, 0x99, 0x98, 0x99, 0x99, 0x99, 0xa9, 0x99, 0x99, 0x9a, 0x99, 0x99, 0x99, 0xa8, 0x9a, 0x98, 0x99, 0x99, 0x99,
  0xa9, 0x99, 0x99, 0x99, 0x99, 0x99, 0x99, 0xa9, 0x99, 0x8a, 0x9a, 0x99, 0x99, 0x9a, 0x99, 0x89, 0x99, 0x99, 0xa9, 0x99, 0xa8, 0x99, 0x99, 0x99,
  0x99, 0x99, 0xa9, 0x99, 0x99, 0x99, 0x99, 0x99, 0xa9, 0x87, 0x71, 0x00, 0x00, 0x00, 0x07, 0x88, 0x99, 0x89, 0xa9, 0x99, 0x99, 0x99, 0x99, 0x99,
  0x99, 0xa9, 0x99, 0x99, 0x99, 0x99, 0x99, 0x99, 0x99, 0x99, 0x99, 0x99, 0x99, 0x99, 0x99, 0x99, 0x98, 0x99, 0x99, 0x99, 0xaa, 0x99, 0x99, 0x99,
  0x99, 0x99, 0x98, 0xa9, 0x99, 0x98, 0x9a, 0xa9, 0x99, 0x99, 0x89, 0x99, 0x99, 0xa9, 0x99, 0x99, 0x99, 0x99, 0x99, 0x99, 0x99, 0xa9, 0x99, 0x99,
  0x99, 0x89, 0xa9, 0x99, 0xa9, 0x99, 0x99, 0x99, 0x99, 0x99, 0x99, 0x99, 0x99, 0x99, 0x89, 0x99, 0x99, 0x99, 0x99, 0x99, 0x99, 0x98, 0x99, 0xa9,
  0x99, 0x99, 0x99, 0x99, 0x9a, 0x98, 0x99, 0x99, 0x99, 0x99, 0x99, 0xa9, 0x99, 0x99, 0x99, 0x99, 0x99, 0x99, 0x99, 0x99, 0x99, 0x99, 0xa9, 0x99,
  0x99, 0xa9, 0x99, 0x98, 0x98, 0x71, 0x00, 0x00, 0x00, 0x07, 0x98, 0x9a, 0x99, 0x99, 0x99, 0x99, 0x99, 0x99, 0x99, 0x99, 0x99, 0x99, 0x99, 0x99,
  0x99, 0x99, 0x99, 0x99, 0x99, 0x99, 0x99, 0xa9, 0x99, 0x99, 0xaa, 0x99, 0x89, 0x99, 0x88, 0x99, 0x99, 0x99, 0x99, 0x98, 0x89, 0x99, 0x99, 0x89,
  0x99, 0x9a, 0x99, 0x9a, 0x99, 0x99, 0x99, 0x99, 0x99, 0x99, 0x99, 0x99, 0x99, 0x99, 0x99, 0x99, 0x99, 0x99, 0x99, 0x99, 0x99, 0x99, 0x89, 0x99,
  0x99, 0xa9, 0x99, 0x99, 0x99, 0x99, 0x99, 0x99, 0x99, 0x99, 0x99, 0xa9, 0x89, 0x99, 0x99, 0x99, 0x99, 0x9a, 0x99, 0x99, 0x9a, 0x99, 0x99, 0x99,
  0x99, 0x99, 0x98, 0x99, 0x99, 0x99, 0x99, 0x99, 0x99, 0x99, 0x89, 0x99, 0x99, 0x99, 0x89, 0x98, 0x89, 0x99, 0x99, 0x99, 0x99, 0x99, 0x88, 0x88,
  0x71, 0x00, 0x00, 0x00, 0x07, 0x78, 0x89, 0x99, 0x89, 0x99, 0x99, 0x9a, 0x88, 0x99, 0x88, 0x99, 0x99, 0x99, 0x99, 0xa9, 0x99, 0x99, 0x99, 0x99,
  0x89, 0x99, 0x99, 0x9a, 0x89, 0x89, 0x99, 0x99, 0x98, 0x99, 0x99, 0x99, 0x99, 0x99, 0x99, 0x9a, 0x99, 0x89, 0x98, 0x99, 0x99, 0x99, 0x99, 0x99,
  0x99, 0x99, 0x99, 0x99, 0x99, 0x89, 0x99, 0xa9, 0x99, 0x99, 0x99, 0x99, 0x99, 0x99, 0x99, 0x89, 0xa9, 0x99, 0x89, 0x89, 0x99, 0x99, 0x99, 0x99,
  0x98, 0x99, 0x99, 0x9a, 0xa9, 0x99, 0x99, 0x89, 0x99, 0x99, 0x99, 0x98, 0x99, 0x99, 0xa9, 0x99, 0x9a, 0x9a, 0x98, 0x99, 0xa9, 0x99, 0x99, 0x99,
  0x9a, 0x99, 0x99, 0x99, 0x99, 0x99, 0x99, 0x89, 0x99, 0x98, 0x99, 0x99, 0xa9, 0x99, 0x89, 0x99, 0x99, 0x99, 0x98, 0x97, 0x10, 0x00, 0x00, 0x00,
  0x07, 0x98, 0x99, 0x89, 0x9a, 0x89, 0x99, 0x9a, 0x89, 0xa9, 0x99, 0x99, 0x99, 0x99, 0x99, 0xa9, 0x99, 0x99, 0x99, 0x99, 0x99, 0x99, 0xa9, 0x99,
  0x89, 0x99, 0x99, 0x89, 0x99, 0x99, 0x99, 0x99, 0x99, 0x99, 0x89, 0x99, 0x99, 0x89, 0x99, 0x99, 0x99, 0x99, 0x89, 0x99, 0x99, 0x99, 0x99, 0x99,
  0x99, 0x9a, 0x99, 0x99, 0x89, 0x99, 0x9a, 0x89, 0x99, 0x99, 0x99, 0x99, 0x99, 0x99, 0x89, 0x99, 0x89, 0x99, 0xa9, 0x99, 0x99, 0x99, 0x99, 0x99,
  0xa9, 0x9a, 0x99, 0x99, 0x99, 0x89, 0x99, 0x99, 0x99, 0x9a, 0x99, 0x99, 0x98, 0x98, 0x89, 0x98, 0xa9, 0x99, 0x98, 0x99, 0x99, 0x99, 0x99, 0x99,
  0x99, 0x99, 0x99, 0x99, 0x98, 0x9a, 0x99, 0x99, 0x99, 0x98, 0x89, 0x99, 0x99, 0x99, 0x70, 0x00, 0x00, 0x00, 0x00, 0x01, 0x98, 0x9a, 0x99, 0xa8,
  0x99, 0x88, 0x9a, 0x89, 0x99, 0x99, 0x99, 0xa9, 0x99, 0x99, 0x99, 0x99, 0x98, 0x98, 0x9a, 0x99, 0x99, 0x9a, 0x99, 0x99, 0x99, 0x99, 0x99, 0x99,
  0x99, 0x9a, 0x99, 0x99, 0x99, 0x89, 0x99, 0x89, 0x99, 0x99, 0x99, 0x9a, 0xa9, 0x89, 0x99, 0x99, 0x9a, 0x99, 0x99, 0x99, 0x99, 0x99, 0x99, 0x99,
  0x99, 0x99, 0x99, 0x99, 0x99, 0x89, 0x9a, 0x99, 0x99, 0x99, 0x99, 0x9a, 0x89, 0x99, 0xa9, 0x98, 0xa9, 0x99, 0x99, 0x99, 0x99, 0x89, 0x89, 0x99,
  0x99, 0x99, 0x99, 0x98, 0x99, 0x99, 0x99, 0x99, 0x99, 0x89, 0x99, 0x9a, 0x99, 0x99, 0x99, 0xa9, 0x99, 0x99, 0x9a, 0x98, 0x99, 0x99, 0x99, 0x89,
  0x99, 0x99, 0x9a, 0x99, 0x99, 0x98, 0x89, 0x89, 0x98, 0x70, 0x00, 0x00, 0x00, 0x00, 0x01, 0x88, 0xa9, 0x99, 0x99, 0x99, 0x99, 0xa9, 0x99, 0x99,
  0x99, 0x99, 0xa9, 0xa9, 0x99, 0x99, 0xa9, 0x99, 0x89, 0x99, 0x98, 0x99, 0x99, 0x99, 0xa9, 0xa9, 0x99, 0x99, 0x98, 0x89, 0x99, 0x99, 0x9a, 0x99,
  0x99, 0x99, 0x9a, 0x99, 0x99, 0x99, 0xa9, 0x99, 0x9a, 0x99, 0x89, 0x99, 0x99, 0x99, 0xa9, 0x99, 0x98, 0x99, 0x99, 0x99, 0x99, 0x99, 0xa9, 0x99,
  0x99, 0x99, 0x89, 0xa9, 0xa9, 0x99, 0x89, 0x99, 0x99, 0x99, 0x99, 0x98, 0x99, 0x99, 0x99, 0x99, 0x99, 0x99, 0x9a, 0x99, 0x99, 0x99, 0x99, 0x99,
  0x99, 0x89, 0x99, 0x99, 0x89, 0x99, 0x99, 0x99, 0x99, 0x98, 0x89, 0x99, 0x99, 0xa9, 0x99, 0x99, 0x99, 0x98, 0x99, 0x99, 0x9a, 0x98, 0x9a, 0x99,
  0x99, 0xaa, 0x99, 0x89, 0x70, 0x00, 0x00, 0x00, 0x00, 0x17, 0x17, 0x89, 0x99, 0x99, 0x99, 0xa9, 0x89, 0x99, 0x99, 0x9a, 0x9a, 0x99, 0x98, 0x99,
  0x99, 0x99, 0x99, 0x99, 0x9a, 0xa8, 0x99, 0x99, 0x99, 0x99, 0x99, 0x99, 0x89, 0x99, 0x99, 0x99, 0x99, 0x99, 0x99, 0x89, 0xaa, 0x99, 0x99, 0x9a,
  0x99, 0x99, 0x99, 0x89, 0x99, 0x99, 0x99, 0x99, 0x99, 0x99, 0x99, 0x99, 0x9a, 0x99, 0x98, 0x99, 0x99, 0x99, 0x99, 0x99, 0x99, 0x99, 0x89, 0x99,
  0x88, 0x99, 0x99, 0x99, 0x99, 0x99, 0x99, 0xaa, 0x99, 0x99, 0x99, 0x99, 0x99, 0x99, 0x88, 0x99, 0x99, 0x98, 0x99, 0x98, 0x99, 0x99, 0x89, 0x99,
  0x9a, 0x99, 0x99, 0xa9, 0x99, 0x99, 0x99, 0x99, 0x99, 0x99, 0x99, 0x89, 0x99, 0x99, 0x99, 0x99, 0x99, 0x9a, 0x99, 0x98, 0x99, 0x99, 0x98, 0x81,
  0x00, 0x00, 0x00, 0x00, 0x77, 0x17, 0x99, 0x99, 0x98, 0x9a, 0x99, 0x99, 0x99, 0x99, 0x99, 0x99, 0x99, 0x99, 0x99, 0x99, 0x99, 0x99, 0x99, 0x99,
  0x99, 0x99, 0x99, 0x99, 0x99, 0xa9, 0xa9, 0x99, 0xc9, 0x98, 0x99, 0x98, 0x98, 0x99, 0x99, 0x99, 0x98, 0x99, 0x99, 0x89, 0x99, 0x99, 0x89, 0x98,
  0x99, 0x9a, 0x99, 0xa8, 0x99, 0x99, 0x99, 0x99, 0x99, 0x99, 0x89, 0x99, 0x99, 0x99, 0x99, 0x99, 0x9a, 0x9a, 0x99, 0x99, 0x99, 0x99, 0x99, 0x99,
  0x99, 0x89, 0x99, 0x98, 0x99, 0x99, 0x99, 0x99, 0x99, 0x99, 0x98, 0x99, 0x99, 0x99, 0x98, 0x99, 0x99, 0x99, 0x98, 0x99, 0x99, 0x99, 0x99, 0x99,
  0x99, 0x99, 0x99, 0xa8, 0x99, 0x99, 0x99, 0x99, 0x99, 0x9a, 0x99, 0x99, 0x99, 0x99, 0x99, 0x99, 0x99, 0xa8, 0x81, 0x00, 0x00, 0x00, 0x00, 0x77,
  0x77, 0x99, 0x99, 0x99, 0x99, 0x99, 0x99, 0x99, 0x99, 0x9a, 0xa9, 0x99, 0x99, 0x99, 0x99, 0x99, 0x98, 0x9a, 0x98, 0x9a, 0x9a, 0xa9, 0x98, 0x89,
  0x99, 0x99, 0x99, 0x99, 0x99, 0x99, 0x99, 0x99, 0x99, 0x99, 0x99, 0x99, 0x98, 0x9a, 0x99, 0x99, 0x98, 0x99, 0x99, 0x88, 0x99, 0x99, 0x89, 0x9a,
  0xa9, 0x99, 0x99, 0x99, 0x99, 0x98, 0x99, 0x89, 0x99, 0x99, 0x89, 0x99, 0xa9, 0x99, 0x98, 0x99, 0x99, 0x99, 0x99, 0x99, 0x99, 0x98, 0x99, 0x99,
  0x99, 0x99, 0x99, 0x99, 0x89, 0x99, 0x99, 0x99, 0x99, 0x99, 0x99, 0x88, 0x99, 0xa9, 0x99, 0x99, 0x99, 0x99, 0x99, 0x99, 0xa9, 0x99, 0x98, 0x99,
  0x99, 0x99, 0x99, 0x99, 0x99, 0x99, 0x99, 0x99, 0x89, 0x99, 0x9a, 0x99, 0x98, 0x87, 0x00, 0x00, 0x00, 0x00, 0x00, 0x78, 0x99, 0x98, 0x99, 0xa9,
  0x99, 0x99, 0x99, 0x99, 0xa9, 0x99, 0x89, 0x99, 0x99, 0x99, 0x99, 0x99, 0x99, 0x99, 0x99, 0xa9, 0x99, 0x89, 0x99, 0x99, 0x99, 0x89, 0x99, 0x99,
  0x99, 0x99, 0x99, 0x98, 0x99, 0x9a, 0x99, 0x99, 0x99, 0x99, 0x9a, 0x99, 0x89, 0x99, 0x98, 0x99, 0x99, 0x99, 0x99, 0x9a, 0x99, 0x99, 0x99, 0xa8,
  0x99, 0x99, 0xaa, 0x99, 0x99, 0x99, 0x99, 0x99, 0xa9, 0x99, 0x98, 0x99, 0x99, 0x99, 0x99, 0xa9, 0x99, 0x99, 0x99, 0x99, 0x99, 0x99, 0x99, 0x99,
  0x89, 0x99, 0x99, 0x99, 0x99, 0x99, 0x99, 0x99, 0x99, 0x89, 0x99, 0x99, 0x89, 0x99, 0x99, 0x99, 0x99, 0x99, 0x99, 0x99, 0x99, 0x99, 0x99, 0x99,
  0x98, 0xa9, 0x99, 0x99, 0x99, 0x98, 0x99, 0x88, 0x71, 0x00, 0x00, 0x00, 0x00, 0x00, 0x78, 0x99, 0x99, 0x9a, 0x99, 0x99, 0x99, 0x99, 0x99, 0x99,
  0x89, 0x9a, 0xa9, 0x99, 0x98, 0x98, 0x99, 0x99, 0x99, 0x89, 0x99, 0x9a, 0x88, 0x99, 0x9a, 0x99, 0x9a, 0x99, 0x99, 0x89, 0x99, 0x99, 0x89, 0x99,
  0x99, 0x99, 0x99, 0x89, 0x99, 0x99, 0x99, 0x99, 0x99, 0x99, 0x99, 0x99, 0x99, 0x9a, 0x99, 0x99, 0xaa, 0x99, 0x99, 0x99, 0x99, 0x98, 0x89, 0x99,
  0x99, 0x89, 0x99, 0x99, 0x99, 0x99, 0x99, 0x9a, 0xa9, 0x99, 0x99, 0x99, 0x99, 0x99, 0x89, 0x9a, 0x99, 0x98, 0x99, 0x89, 0x99, 0x98, 0x99, 0x99,
  0x98, 0x99, 0x99, 0x99, 0x98, 0x99, 0x99, 0x99, 0x89, 0x99, 0x99, 0xa9, 0x99, 0x99, 0x99, 0x99, 0x98, 0x99, 0x9a, 0x99, 0x99, 0x99, 0x99, 0x99,
  0x99, 0x99, 0x99, 0x71, 0x00, 0x00, 0x00, 0x00, 0x00, 0x79, 0x89, 0x99, 0x99, 0x9a, 0x99, 0x99, 0x89, 0x89, 0x99, 0x99, 0x98, 0x99, 0x9a, 0x99,
  0x99, 0x99, 0x99, 0x99, 0x99, 0x99, 0x99, 0x99, 0x88, 0x99, 0x99, 0x99, 0x99, 0x99, 0x99, 0x99, 0x99, 0x99, 0x99, 0xaa, 0xa9, 0x99, 0x99, 0x99,
  0x98, 0x99, 0x98, 0x89, 0x99, 0x9a, 0x99, 0x99, 0x99, 0x99, 0x99, 0x89, 0x9a, 0x99, 0x99, 0x99, 0x99, 0x99, 0x89, 0x98, 0x99, 0x99, 0xc9, 0x9a,
  0x99, 0x99, 0x99, 0x99, 0x99, 0x99, 0xa9, 0x99, 0x89, 0x8a, 0x99, 0x99, 0x99, 0x99, 0x9a, 0x99, 0x98, 0x89, 0x99, 0x99, 0x99, 0xa9, 0x99, 0x99,
  0x99, 0x99, 0x99, 0x89, 0x98, 0x98, 0x99, 0x99, 0x9a, 0x89, 0x99, 0x99, 0x88, 0xa9, 0x99, 0x99, 0x89, 0x99, 0x98, 0x99, 0x89, 0x98, 0x71, 0x00,
  0x00, 0x00, 0x00, 0x77, 0x78, 0x99, 0x98, 0x99, 0x99, 0x89, 0xa9, 0x99, 0xa9, 0x99, 0x99, 0xa9, 0x99, 0x99, 0x99, 0x89, 0xa9, 0x99, 0x99, 0x99,
  0x99, 0x99, 0x9a, 0x99, 0x99, 0x99, 0x99, 0x98, 0x99, 0x89, 0x99, 0x99, 0x89, 0x89, 0xa9, 0x99, 0x99, 0x9a, 0x99, 0x99, 0xa9, 0x98, 0x99, 0xa9,
  0x99, 0x99, 0x99, 0x99, 0x99, 0x89, 0x99, 0x99, 0x99, 0x99, 0x98, 0x99, 0x99, 0x99, 0x99, 0x99, 0x98, 0x99, 0x99, 0x9a, 0x89, 0x99, 0x98, 0x99,
  0x99, 0x99, 0x99, 0x98, 0x9a, 0x89, 0x99, 0x99, 0x99, 0x9a, 0x99, 0x99, 0x99, 0xa9, 0x98, 0x99, 0x99, 0x99, 0x99, 0x99, 0x99, 0x99, 0x99, 0x99,
  0x99, 0x98, 0x9a, 0x99, 0x99, 0x99, 0x99, 0x99, 0x99, 0x99, 0x99, 0x99, 0x99, 0x99, 0x99, 0x99, 0x99, 0x98, 0x71, 0x00, 0x00, 0x07, 0x78, 0x88,
  0x99, 0x99, 0x99, 0x99, 0x99, 0x99, 0x9a, 0x99, 0xa9, 0x9a, 0x99, 0x98, 0x99, 0x99, 0x99, 0x99, 0x89, 0x99, 0x98, 0x99, 0x89, 0x9a, 0x99, 0x99,
  0x89, 0x99, 0x99, 0x99, 0x99, 0x99, 0x99, 0x98, 0x99, 0x99, 0x98, 0x99, 0x99, 0x99, 0x99, 0x99, 0x99, 0x99, 0x99, 0xa9, 0x99, 0xa9, 0x99, 0x99,
  0x99, 0x99, 0x99, 0x99, 0x99, 0x98, 0x99, 0x99, 0x99, 0x99, 0x99, 0x99, 0x99, 0x99, 0x99, 0x99, 0x99, 0x9a, 0x99, 0x99, 0x9a, 0x99, 0x99, 0x99,
  0x99, 0x99, 0x99, 0x99, 0xa9, 0x99, 0x99, 0x99, 0x99, 0x99, 0x99, 0xa9, 0x99, 0x99, 0x99, 0x99, 0x99, 0x99, 0x89, 0x99, 0xa9, 0x99, 0x99, 0x98,
  0x98, 0x89, 0x99, 0xa9, 0x98, 0x99, 0x99, 0x99, 0x99, 0x99, 0xa8, 0x99, 0x97, 0x10, 0x00, 0x00, 0x01, 0x79, 0x88, 0x99, 0x99, 0xa9, 0x99, 0x98,
  0x99, 0x99, 0x99, 0x99, 0x99, 0x99, 0x99, 0x89, 0x99, 0xa9, 0x99, 0x99, 0x99, 0x99, 0x99, 0x99, 0x98, 0x99, 0x99, 0x99, 0xa9, 0x99, 0xa9, 0x99,
  0x99, 0x9a, 0x99, 0x99, 0x89, 0x99, 0x99, 0xa9, 0x99, 0x99, 0x89, 0x99, 0x99, 0x99, 0x98, 0x99, 0x99, 0x99, 0x99, 0x89, 0x99, 0x99, 0x99, 0x99,
  0x99, 0x99, 0x99, 0x99, 0x99, 0x89, 0x89, 0x89, 0x99, 0x99, 0x99, 0x99, 0x98, 0x98, 0x99, 0x99, 0x99, 0x9a, 0x99, 0x99, 0x99, 0x99, 0x98, 0xa9,
  0x99, 0x9a, 0x99, 0x99, 0x99, 0x9a, 0x99, 0x99, 0x99, 0x99, 0xa9, 0x99, 0x99, 0x99, 0x99, 0x99, 0x99, 0x9a, 0x99, 0x99, 0x99, 0x99, 0x99, 0xaa,
  0xa9, 0x99, 0x99, 0x99, 0x99, 0x99, 0x98, 0x87, 0x70, 0x00, 0x00, 0x00, 0x07, 0x79, 0x89, 0x99, 0x99, 0x99, 0x98, 0x99, 0x99, 0x9a, 0x99, 0x99,
  0x99, 0x98, 0x99, 0x99, 0xa9, 0x9a, 0x99, 0x98, 0x89, 0x9a, 0x99, 0x99, 0x99, 0x99, 0x99, 0x99, 0x99, 0x99, 0x99, 0x99, 0x99, 0x99, 0x99, 0x99,
  0x99, 0x9a, 0x99, 0x99, 0x99, 0x99, 0x99, 0x99, 0x99, 0x99, 0x99, 0x99, 0x99, 0x99, 0x99, 0x99, 0x99, 0x98, 0x99, 0x89, 0x89, 0x99, 0x99, 0x89,
  0x89, 0x99, 0x99, 0x98, 0x98, 0x99, 0x98, 0x99, 0x99, 0x9a, 0x99, 0x99, 0x99, 0x99, 0x99, 0x99, 0x99, 0xa9, 0x99, 0xa9, 0x99, 0x99, 0x99, 0x99,
  0x99, 0x99, 0x89, 0x99, 0x89, 0x99, 0x98, 0x99, 0x99, 0x99, 0x99, 0x99, 0x99, 0x99, 0x99, 0x99, 0x99, 0x98, 0x99, 0x89, 0x99, 0x9a, 0x99, 0x99,
  0x99, 0x99, 0x97, 0x00, 0x00, 0x00, 0x00, 0x07, 0x79, 0x89, 0x99, 0x98, 0x89, 0x9a, 0x99, 0x99, 0x98, 0xa9, 0x99, 0x98, 0x89, 0x99, 0x99, 0x99,
  0x99, 0x98, 0x99, 0x99, 0x99, 0x99, 0x89, 0x99, 0x99, 0x99, 0x88, 0x99, 0x9a, 0x99, 0x99, 0x9a, 0x99, 0x99, 0x99, 0x98, 0xa8, 0x99, 0x99, 0x99,
  0x99, 0x99, 0x99, 0x99, 0x99, 0x98, 0x99, 0x99, 0x99, 0x99, 0x99, 0x99, 0xa8, 0x99, 0x99, 0x99, 0x9a, 0x89, 0x98, 0x99, 0x99, 0x98, 0x8a, 0x99,
  0x99, 0x99, 0xaa, 0x99, 0x98, 0x99, 0x99, 0x99, 0x99, 0x89, 0x99, 0xa9, 0x98, 0x99, 0xa9, 0x99, 0x99, 0x99, 0x89, 0x99, 0x99, 0x99, 0x89, 0x99,
  0x99, 0x9a, 0x99, 0x99, 0x99, 0x99, 0x99, 0x99, 0x99, 0x98, 0x99, 0x99, 0x99, 0x99, 0xa9, 0xa9, 0x99, 0x99, 0x8a, 0x99, 0x98, 0x97, 0x00, 0x00,
  0x00, 0x00, 0x17, 0x99, 0x99, 0x99, 0x99, 0xa9, 0x89, 0x99, 0x99, 0x89, 0x89, 0x99, 0x99, 0x99, 0x99, 0x99, 0x99, 0x99, 0x9a, 0x99, 0x99, 0x99,
  0x99, 0x99, 0x99, 0xa9, 0x99, 0x9a, 0x98, 0x99, 0x99, 0x88, 0x99, 0x89, 0x99, 0x99, 0x99, 0x99, 0x99, 0x99, 0x99, 0x99, 0xa9, 0x89, 0x99, 0x99,
  0x98, 0x98, 0x99, 0x89, 0x99, 0x99, 0x99, 0x99, 0x99, 0x99, 0x99, 0x99, 0x99, 0x9a, 0x99, 0x99, 0x9a, 0x99, 0x99, 0x99, 0x98, 0x99, 0x99, 0x99,
  0x9a, 0x98, 0x99, 0x99, 0x99, 0x99, 0x99, 0x99, 0x89, 0x99, 0x99, 0x99, 0x99, 0x99, 0x99, 0x99, 0x99, 0x99, 0x99, 0x99, 0x99, 0x99, 0x99, 0x99,
  0x99, 0x99, 0x99, 0x89, 0x99, 0x99, 0x99, 0x99, 0x99, 0x99, 0x99, 0x99, 0x99, 0x99, 0x99, 0x89, 0x70, 0x00, 0x00, 0x00, 0x07, 0x99, 0x88, 0x99,
  0x99, 0x99, 0x99, 0x99, 0x99, 0x99, 0x99, 0x98, 0x88, 0x9a, 0x99, 0x99, 0x89, 0x99, 0x99, 0x99, 0x99, 0x89, 0x88, 0x99, 0x99, 0x99, 0x99, 0x98,
  0x99, 0x99, 0x99, 0x99, 0x99, 0x9a, 0x99, 0x99, 0x99, 0x99, 0x89, 0x99, 0x99, 0x99, 0x99, 0x99, 0x89, 0x89, 0x98, 0x98, 0x99, 0x99, 0x99, 0x9a,
  0x99, 0x99, 0x99, 0x98, 0x99, 0x99, 0x99, 0x99, 0x99, 0x99, 0x99, 0xa9, 0x99, 0x9a, 0x99, 0x99, 0x98, 0x99, 0x89, 0x99, 0x99, 0x99, 0x99, 0x99,
  0x98, 0x99, 0x99, 0x99, 0x88, 0x99, 0xaa, 0x99, 0x89, 0x89, 0x99, 0x99, 0x99, 0x99, 0x99, 0x99, 0x99, 0x89, 0x89, 0x99, 0x99, 0x89, 0x99, 0x99,
  0x9a, 0x99, 0x99, 0x99, 0x89, 0x99, 0xa9, 0x99, 0x99, 0x98, 0x89, 0x71, 0x00, 0x00, 0x00, 0x07, 0x88, 0x89, 0x99, 0x89, 0x9a, 0x99, 0x8a, 0x9a,
  0x99, 0x99, 0x98, 0x99, 0xa9, 0x98, 0x98, 0x99, 0x99, 0x99, 0xa9, 0x89, 0x99, 0x99, 0x99, 0x89, 0x99, 0x99, 0x98, 0x99, 0x89, 0x99, 0x89, 0x99,
  0x99, 0x89, 0x99, 0x99, 0x99, 0x89, 0x99, 0x99, 0x99, 0x99, 0x99, 0x99, 0x99, 0x99, 0x98, 0x99, 0x99, 0x99, 0x99, 0x99, 0x99, 0x98, 0x8a, 0x99,
  0x98, 0x99, 0x9a, 0x99, 0x99, 0x89, 0x89, 0x99, 0x99, 0x99, 0x99, 0x9a, 0x99, 0x89, 0x98, 0x99, 0x99, 0x99, 0x98, 0x99, 0x99, 0x99, 0x99, 0x99,
  0x99, 0x99, 0x99, 0x99, 0x9a, 0x98, 0x89, 0x99, 0xa9, 0x99, 0x99, 0x99, 0x99, 0x99, 0x88, 0x99, 0x99, 0x99, 0x99, 0xa9, 0x99, 0x99, 0x99, 0x99,
  0x99, 0x99, 0x99, 0x88, 0x98, 0x99, 0x71, 0x00, 0x00, 0x00, 0x07, 0x89, 0x8a, 0x9a, 0x89, 0x99, 0x99, 0x89, 0x99, 0x89, 0xa9, 0x99, 0x99, 0x98,
  0x99, 0x98, 0x88, 0x88, 0x89, 0x99, 0x99, 0x99, 0x99, 0x99, 0x99, 0x99, 0x99, 0x99, 0x98, 0xc9, 0x99, 0x99, 0x9a, 0x98, 0x99, 0x99, 0x99, 0x99,
  0xa9, 0x99, 0x99, 0xa8, 0xa9, 0x99, 0xa9, 0x99, 0x99, 0x99, 0x99, 0x99, 0x99, 0x99, 0x99, 0x99, 0x99, 0x99, 0x99, 0x89, 0x99, 0x99, 0x99, 0x99,
  0x99, 0x99, 0x89, 0x99, 0x99, 0x99, 0x99, 0x99, 0x99, 0x99, 0x99, 0x89, 0x98, 0x89, 0x99, 0x99, 0x99, 0x99, 0x99, 0x99, 0x99, 0x89, 0x89, 0x99,
  0x99, 0xa8, 0x99, 0x99, 0x99, 0x98, 0x99, 0x99, 0x98, 0x99, 0x99, 0x99, 0x99, 0x99, 0x89, 0xa9, 0x99, 0x99, 0x9a, 0x99, 0x88, 0x89, 0x99, 0x99,
  0x89, 0x77, 0x00, 0x00, 0x00, 0x01, 0x78, 0x8a, 0x99, 0x9a, 0x98, 0x99, 0x99, 0x89, 0x99, 0x9a, 0x9a, 0x98, 0xa9, 0x99, 0x89, 0x99, 0x99, 0x99,
  0xa9, 0x88, 0x88, 0x88, 0x99, 0x99, 0xaa, 0x88, 0x99, 0x99, 0x99, 0x98, 0x99, 0x99, 0x99, 0x99, 0x99, 0x99, 0x89, 0x98, 0x98, 0x99, 0x88, 0x89,
  0x9a, 0x99, 0x88, 0x88, 0x99, 0x99, 0x98, 0x89, 0x99, 0x99, 0x99, 0x99, 0x99, 0x98, 0x99, 0x99, 0xa9, 0x99, 0x99, 0x99, 0x99, 0x9a, 0x99, 0x99,
  0x99, 0x99, 0xa9, 0x99, 0x88, 0x88, 0x99, 0x99, 0x99, 0x99, 0x89, 0x99, 0x98, 0x99, 0x9a, 0x99, 0x99, 0x89, 0x99, 0x99, 0x99, 0x89, 0x99, 0x9a,
  0x99, 0x99, 0x99, 0x99, 0x99, 0x99, 0x99, 0x89, 0x89, 0x98, 0x88, 0x88, 0x99, 0x99, 0x99, 0x99, 0x99, 0x99, 0x88, 0x87, 0x11, 0x00, 0x00, 0x00,
  0x01, 0x78, 0x99, 0x99, 0x89, 0x98, 0x99, 0x99, 0x99, 0x99, 0x99, 0x99, 0x99, 0x99, 0x99, 0x99, 0x98, 0x99, 0x99, 0x99, 0x99, 0x88, 0x88, 0x99,
  0xa9, 0x88, 0x88, 0x89, 0x99, 0x89, 0x99, 0x99, 0x99, 0x99, 0x99, 0x99, 0x99, 0x99, 0x89, 0x99, 0x99, 0xa9, 0x99, 0x99, 0x99, 0x99, 0x99, 0x99,
  0x98, 0x99, 0x99, 0x99, 0x99, 0x99, 0x89, 0x89, 0x99, 0x89, 0x99, 0x99, 0x99, 0x99, 0x99, 0x99, 0x99, 0x99, 0x98, 0x99, 0x99, 0x99, 0x99, 0x99,
  0x99, 0x98, 0x99, 0x99, 0x99, 0x99, 0x99, 0x99, 0x89, 0x99, 0x99, 0x88, 0x99, 0x98, 0x99, 0x99, 0x98, 0x88, 0x89, 0x99, 0x99, 0xa8, 0x88, 0x98,
  0x99, 0x99, 0x99, 0x89, 0x99, 0x99, 0x89, 0x88, 0x88, 0x99, 0x98, 0x99, 0x99, 0x88, 0x87, 0x17, 0x00, 0x00, 0x00, 0x01, 0x79, 0x89, 0x99, 0x99,
  0x99, 0x89, 0x99, 0x99, 0x88, 0x88, 0x99, 0x99, 0x89, 0x99, 0x89, 0x99, 0x99, 0xa9, 0x99, 0x99, 0x98, 0x99, 0x88, 0x88, 0x99, 0x99, 0x99, 0x99,
  0x99, 0x99, 0x98, 0x99, 0x99, 0x99, 0x99, 0x99, 0x99, 0x99, 0x88, 0x88, 0x88, 0x98, 0x9a, 0x99, 0x99, 0x99, 0x99, 0x99, 0x99, 0x99, 0x99, 0x98,
  0x99, 0x99, 0x99, 0x89, 0x99, 0x99, 0x99, 0x99, 0x99, 0x9a, 0x88, 0x88, 0x99, 0x99, 0xa8, 0x99, 0x99, 0x99, 0x99, 0x98, 0x99, 0x99, 0x99, 0x9a,
  0xa9, 0x99, 0x99, 0x99, 0x89, 0x89, 0x98, 0x99, 0x9a, 0x99, 0x88, 0x88, 0x88, 0x88, 0xaa, 0x99, 0x99, 0x98, 0x9a, 0x99, 0x99, 0x99, 0x88, 0x88,
  0x88, 0x99, 0x88, 0x99, 0x99, 0x89, 0x88, 0x9a, 0x98, 0x97, 0x71, 0x00, 0x00, 0x00, 0x00, 0x17, 0x89, 0x99, 0x99, 0x99, 0x89, 0x99, 0x99, 0x99,
  0x99, 0x88, 0x98, 0x88, 0x88, 0x98, 0x89, 0x98, 0x99, 0x89, 0x88, 0x98, 0x99, 0x99, 0x99, 0x9a, 0x88, 0x88, 0x88, 0x99, 0x99, 0x99, 0x98, 0x9a,
  0x99, 0x9a, 0x88, 0x88, 0x88, 0x99, 0x99, 0x99, 0x98, 0x98, 0x89, 0x98, 0x89, 0x88, 0x88, 0x89, 0x88, 0x89, 0x99, 0x99, 0x99, 0x99, 0x99, 0x88,
  0x88, 0x99, 0x99, 0x99, 0x99, 0x88, 0x88, 0x88, 0x88, 0x88, 0x88, 0x99, 0x89, 0x88, 0x88, 0x99, 0x88, 0x88, 0x88, 0x99, 0x99, 0xa9, 0x89, 0x89,
  0x9a, 0x89, 0x99, 0x99, 0xa8, 0x99, 0x99, 0x99, 0x9a, 0x99, 0x99, 0x99, 0x99, 0x88, 0x88, 0x99, 0x98, 0x88, 0x89, 0x88, 0x89, 0x99, 0x99, 0x98,
  0x88, 0x99, 0x99, 0x99, 0x98, 0x70, 0x00, 0x00, 0x00, 0x00, 0x01, 0x88, 0x99, 0x99, 0x99, 0x98, 0x99, 0x89, 0x98, 0x89, 0x98, 0x87, 0x77, 0x77,
  0x77, 0x77, 0x98, 0x87, 0x77, 0x77, 0x78, 0x9a, 0x99, 0x98, 0x89, 0x89, 0x89, 0x99, 0x88, 0x88, 0x9a, 0x98, 0x88, 0x89, 0x99, 0x99, 0x88, 0x89,
  0x89, 0x98, 0xa8, 0x87, 0x77, 0x99, 0x99, 0x88, 0x98, 0x97, 0x77, 0x77, 0x88, 0x88, 0x99, 0x99, 0x99, 0x99, 0x99, 0x99, 0x89, 0x89, 0x89, 0x99,
  0x98, 0x89, 0x88, 0x99, 0x99, 0x88, 0x88, 0x98, 0x88, 0x88, 0x99, 0x77, 0x79, 0x89, 0x99, 0x89, 0x88, 0x99, 0x89, 0x88, 0x88, 0x99, 0x89, 0x99,
  0x99, 0x99, 0x98, 0x88, 0x98, 0x89, 0x9a, 0x99, 0x99, 0xa9, 0x89, 0x98, 0x98, 0x98, 0x88, 0x88, 0x99, 0x88, 0x97, 0x77, 0x88, 0x89, 0x88, 0x88,
  0x80, 0x00, 0x00, 0x00, 0x00, 0x00, 0x78, 0x89, 0x99, 0x9a, 0x99, 0x88, 0x89, 0x89, 0x88, 0x77, 0x71, 0x11, 0x17, 0x77, 0x71, 0x77, 0x71, 0x17,
  0x17, 0x19, 0x98, 0x88, 0x89, 0x98, 0x77, 0x99, 0x99, 0x89, 0x98, 0x89, 0x98, 0x98, 0x98, 0x88, 0x89, 0x88, 0x88, 0x88, 0x98, 0x88, 0x81, 0x17,
  0x88, 0x87, 0x77, 0x77, 0x71, 0x17, 0x71, 0x79, 0x89, 0x89, 0x98, 0x89, 0x99, 0x99, 0x99, 0x89, 0x89, 0x99, 0x99, 0x98, 0x88, 0x88, 0x88, 0x98,
  0x99, 0x89, 0x77, 0x77, 0x78, 0x88, 0x11, 0x17, 0x77, 0x88, 0x88, 0x98, 0x77, 0x78, 0x98, 0x98, 0x89, 0x89, 0x88, 0x89, 0x88, 0x88, 0x88, 0x98,
  0x88, 0x88, 0x88, 0x89, 0x99, 0x88, 0x97, 0x77, 0x77, 0x77, 0x77, 0x77, 0x98, 0x87, 0x11, 0x77, 0x98, 0x98, 0x89, 0x70, 0x00, 0x00, 0x00, 0x00,
  0x00, 0x77, 0x78, 0x88, 0x88, 0x87, 0x77, 0x11, 0x17, 0x77, 0x71, 0x10, 0x00, 0x11, 0x11, 0x17, 0x11, 0x10, 0x00, 0x77, 0x70, 0x17, 0x11, 0x17,
  0x77, 0x99, 0x88, 0x88, 0x98, 0x88, 0x88, 0x88, 0x87, 0x77, 0x88, 0x97, 0x77, 0x88, 0x87, 0x77, 0x71, 0x70, 0x00, 0x00, 0x00, 0x00, 0x00, 0x00,
  0x00, 0x00, 0x71, 0x71, 0x71, 0x19, 0x99, 0x98, 0x88, 0x98, 0x77, 0x78, 0x88, 0x98, 0x87, 0x77, 0x98, 0x87, 0x77, 0x88, 0x87, 0x11, 0x77, 0x71,
  0x11, 0x11, 0x10, 0x00, 0x17, 0x17, 0x78, 0x77, 0x77, 0x77, 0x77, 0x87, 0x77, 0x77, 0x79, 0x99, 0x98, 0x87, 0x77, 0x98, 0x89, 0x88, 0x17, 0x17,
  0x17, 0x87, 0x77, 0x77, 0x77, 0x77, 0x77, 0x17, 0x77, 0x71, 0x17, 0x77, 0x77, 0x77, 0x70, 0x00, 0x00, 0x00, 0x00, 0x00, 0x01, 0x77, 0x77, 0x99,
  0x81, 0x17, 0x00, 0x07, 0x71, 0x00, 0x00, 0x00, 0x00, 0x00, 0x00, 0x00, 0x00, 0x00, 0x11, 0x10, 0x00, 0x00, 0x01, 0x71, 0x77, 0x87, 0x77, 0x77,
  0x79, 0x98, 0x88, 0x97, 0x17, 0x77, 0x71, 0x11, 0x77, 0x71, 0x11, 0x70, 0x00, 0x00, 0x00, 0x00, 0x00, 0x00, 0x00, 0x00, 0x00, 0x00, 0x00, 0x00,
  0x07, 0x78, 0x99, 0x87, 0x77, 0x77, 0x17, 0x77, 0x77, 0x71, 0x11, 0x77, 0x71, 0x77, 0x77, 0x77, 0x00, 0x77, 0x70, 0x00, 0x00, 0x00, 0x00, 0x00,
  0x01, 0x77, 0x11, 0x71, 0x71, 0x11, 0x77, 0x77, 0x11, 0x77, 0x77, 0x77, 0x71, 0x17, 0x77, 0x77, 0x77, 0x00, 0x00, 0x00, 0x77, 0x77, 0x71, 0x11,
  0x17, 0x77, 0x00, 0x00, 0x00, 0x00, 0x11, 0x11, 0x17, 0x00, 0x00, 0x00, 0x00, 0x00, 0x00, 0x00, 0x01, 0x17, 0x77, 0x70, 0x00, 0x00, 0x00, 0x00,
  0x00, 0x00, 0x00, 0x00, 0x00, 0x00, 0x00, 0x00, 0x00, 0x00, 0x00, 0x00, 0x00, 0x00, 0x00, 0x11, 0x71, 0x11, 0x71, 0x77, 0x77, 0x77, 0x70, 0x00,
  0x11, 0x10, 0x00, 0x17, 0x10, 0x00, 0x00, 0x00, 0x00, 0x00, 0x00, 0x00, 0x00, 0x00, 0x00, 0x00, 0x00, 0x00, 0x00, 0x01, 0x17, 0x77, 0x71, 0x17,
  0x00, 0x07, 0x71, 0x77, 0x10, 0x00, 0x11, 0x10, 0x00, 0x71, 0x10, 0x00, 0x00, 0x00, 0x00, 0x00, 0x00, 0x00, 0x00, 0x00, 0x01, 0x00, 0x00, 0x00,
  0x00, 0x70, 0x00, 0x00, 0x01, 0x77, 0x71, 0x10, 0x00, 0x17, 0x77, 0x71, 0x00, 0x00, 0x00, 0x10, 0x00, 0x00, 0x00, 0x00, 0x00, 0x00, 0x00, 0x00,
  0x00, 0x00, 0x00, 0x00, 0x00, 0x00, 0x00, 0x00, 0x00, 0x00, 0x01, 0x77, 0x71, 0x00, 0x00, 0x00, 0x00, 0x00, 0x00, 0x00, 0x00, 0x00, 0x00, 0x00,
  0x00, 0x00, 0x00, 0x00, 0x00, 0x00, 0x00, 0x00, 0x00, 0x00, 0x00, 0x11, 0x11, 0x00, 0x00, 0x00, 0x00, 0x00, 0x00, 0x17, 0x10, 0x00, 0x00, 0x00,
  0x00, 0x00, 0x00, 0x00, 0x00, 0x00, 0x00, 0x00, 0x00, 0x00, 0x00, 0x00, 0x00, 0x00, 0x00, 0x00, 0x11, 0x17, 0x17, 0x11, 0x10, 0x00, 0x00, 0x01,
  0x17, 0x00, 0x00, 0x00, 0x00, 0x00, 0x00, 0x00, 0x00, 0x00, 0x00, 0x00, 0x00, 0x00, 0x00, 0x00, 0x00, 0x00, 0x00, 0x00, 0x71, 0x11, 0x00, 0x01,
  0x11, 0x00, 0x00, 0x00, 0x00, 0x00, 0x00, 0x00, 0x00, 0x00, 0x00, 0x00, 0x00, 0x00, 0x00, 0x00, 0x00, 0x00, 0x00, 0x00, 0x00, 0x00, 0x00, 0x00,
  0x00, 0x00, 0x00, 0x00, 0x00, 0x00, 0x00, 0x00, 0x00, 0x00, 0x00, 0x00, 0x00, 0x00, 0x00, 0x00, 0x00, 0x00, 0x00, 0x00, 0x00, 0x00, 0x00, 0x00,
  0x00, 0x00, 0x00, 0x00, 0x00, 0x00, 0x00, 0x00, 0x00, 0x00, 0x00, 0x00, 0x00, 0x00, 0x00, 0x00, 0x00, 0x00, 0x00, 0x00, 0x00, 0x00, 0x00, 0x00,
  0x00, 0x00, 0x00, 0x00, 0x00, 0x00, 0x00, 0x00, 0x00, 0x00, 0x00, 0x00, 0x00, 0x00, 0x00, 0x00, 0x00, 0x00, 0x00, 0x00, 0x00, 0x00, 0x00, 0x00,
  0x00, 0x00, 0x00, 0x00, 0x00, 0x00, 0x00, 0x00, 0x00, 0x00, 0x00, 0x00, 0x00, 0x00, 0x00, 0x00, 0x00, 0x00, 0x00, 0x00, 0x00, 0x00, 0x00, 0x00,
  0x00, 0x00, 0x00, 0x00, 0x00, 0x00, 0x00, 0x00, 0x00, 0x00, 0x00, 0x00, 0x00, 0x00, 0x00, 0x00, 0x00, 0x00, 0x00, 0x00, 0x00, 0x00, 0x00, 0x00,
  0x00, 0x00, 0x00, 0x00, 0x00, 0x00, 0x00, 0x00, 0x00, 0x00, 0x00, 0x00, 0x00, 0x00, 0x00, 0x00, 0x00, 0x00, 0x00, 0x00, 0x00, 0x00, 0x00, 0x00,
  0x00, 0x00, 0x00, 0x00, 0x00, 0x00, 0x00, 0x00, 0x00, 0x00, 0x00, 0x00, 0x00, 0x00, 0x00, 0x00, 0x00, 0x00, 0x00, 0x00, 0x00, 0x00, 0x00, 0x00,
  0x00, 0x00, 0x00, 0x00, 0x00, 0x00, 0x00, 0x00, 0x00, 0x00, 0x00, 0x00, 0x00, 0x00, 0x00, 0x00, 0x00, 0x00, 0x00, 0x00, 0x00, 0x00, 0x00, 0x00,
  0x00, 0x00, 0x00, 0x00, 0x00, 0x00, 0x00, 0x00, 0x00, 0x00, 0x00, 0x00, 0x00, 0x00, 0x00, 0x00, 0x00, 0x00, 0x00, 0x00, 0x00, 0x00, 0x00, 0x00,
  0x00, 0x00, 0x00, 0x00, 0x00, 0x00, 0x00, 0x00, 0x00, 0x00, 0x00, 0x00, 0x00, 0x00, 0x00, 0x00,
};
const lv_img_dsc_t rune_scroll_clock = {
  {LV_IMG_CF_INDEXED_4BIT, 0, 0, 230, 96},
  11104,
  rune_scroll_clock_map
};

const uint8_t rune_scroll_skill_left_map[] = {
  0x00, 0x00, 0x00, 0x00, 0x1a, 0x1d, 0x1e, 0xff, 0x28, 0x2e, 0x30, 0xff, 0x39, 0x40, 0x42, 0xff, 0x4b, 0x53, 0x55, 0xff, 0x5e, 0x68, 0x6b, 0xff,
  0x73, 0x82, 0x86, 0xff, 0x44, 0x57, 0x68, 0xff, 0x66, 0x83, 0x97, 0xff, 0x87, 0xa7, 0xba, 0xff, 0x9c, 0xc0, 0xd2, 0xff, 0xae, 0xd2, 0xe4, 0xff,
  0x56, 0x6b, 0x72, 0xff, 0x49, 0x79, 0x68, 0xff, 0x51, 0xa1, 0xcc, 0xff, 0x31, 0x40, 0x8f, 0xff, 0x00, 0x00, 0x00, 0x00, 0x00, 0x00, 0x00, 0x00,
  0x00, 0x00, 0x00, 0x00, 0x00, 0x00, 0x00, 0x00, 0x00, 0x00, 0x00, 0x00, 0x00, 0x00, 0x00, 0x00, 0x00, 0x00, 0x00, 0x00, 0x00, 0x00, 0x00, 0x00,
  0x00, 0x00, 0x00, 0x00, 0x00, 0x00, 0x00, 0x00, 0x00, 0x00, 0x00, 0x00, 0x00, 0x00, 0x00, 0x00, 0x00, 0x00, 0x00, 0x00, 0x00, 0x00, 0x00, 0x00,
  0x00, 0x00, 0x00, 0x00, 0x00, 0x00, 0x00, 0x00, 0x00, 0x00, 0x00, 0x00, 0x00, 0x00, 0x00, 0x00, 0x00, 0x00, 0x00, 0x00, 0x00, 0x00, 0x00, 0x00,
  0x00, 0x00, 0x00, 0x00, 0x00, 0x00, 0x00, 0x00, 0x00, 0x00, 0x00, 0x00, 0x00, 0x00, 0x00, 0x00, 0x00, 0x00, 0x00, 0x00, 0x00, 0x00, 0x00, 0x00,
  0x00, 0x00, 0x00, 0x00, 0x00, 0x00, 0x00, 0x00, 0x00, 0x00, 0x00, 0x00, 0x00, 0x00, 0x00, 0x00, 0x07, 0x17, 0x00, 0x01, 0x17, 0x00, 0x00, 0x00,
  0x00, 0x00, 0x00, 0x00, 0x00, 0x00, 0x00, 0x00, 0x00, 0x00, 0x00, 0x00, 0x00, 0x00, 0x00, 0x00, 0x00, 0x00, 0x00, 0x00, 0x00, 0x00, 0x00, 0x00,
  0x00, 0x00, 0x00, 0x00, 0x00, 0x00, 0x00, 0x00, 0x00, 0x00, 0x00, 0x00, 0x00, 0x00, 0x00, 0x00, 0x00, 0x00, 0x00, 0x11, 0x70, 0x00, 0x00, 0x01,
  0x77, 0x00, 0x00, 0x00, 0x77, 0x70, 0x00, 0x17, 0x17, 0x77, 0x00, 0x01, 0x71, 0x11, 0x00, 0x00, 0x00, 0x00, 0x00, 0x00, 0x00, 0x00, 0x00, 0x00,
  0x00, 0x00, 0x00, 0x00, 0x77, 0x70, 0x00, 0x00, 0x07, 0x77, 0x77, 0x77, 0x17, 0x00, 0x00, 0x00, 0x00, 0x00, 0x00, 0x00, 0x00, 0x00, 0x01, 0x00,
  0x00, 0x00, 0x77, 0x70, 0x00, 0x00, 0x07, 0x77, 0x11, 0x11, 0x71, 0x98, 0x97, 0x17, 0x77, 0x78, 0x77, 0x17, 0x17, 0x77, 0x77, 0x10, 0x00, 0x11,
  0x70, 0x00, 0x11, 0x10, 0x00, 0x00, 0x00, 0x00, 0x11, 0x70, 0x00, 0x89, 0x87, 0x11, 0x71, 0x18, 0x88, 0x89, 0x87, 0x77, 0x70, 0x00, 0x00, 0x77,
  0x00, 0x00, 0x00, 0x00, 0x00, 0x17, 0x11, 0x10, 0x00, 0x88, 0x87, 0x77, 0x17, 0x18, 0x89, 0x77, 0x77, 0x77, 0x98, 0x87, 0x77, 0x88, 0x88, 0x98,
  0x77, 0x78, 0x88, 0x88, 0x70, 0x00, 0x77, 0x77, 0x71, 0x77, 0x70, 0x00, 0x71, 0x77, 0x71, 0x77, 0x77, 0x11, 0x89, 0x87, 0x77, 0x77, 0x78, 0x88,
  0x88, 0x88, 0x89, 0x71, 0x77, 0x71, 0x77, 0x11, 0x00, 0x00, 0x00, 0x00, 0x07, 0x71, 0x18, 0x88, 0x98, 0x89, 0x88, 0x77, 0x78, 0x89, 0x88, 0x98,
  0x88, 0x99, 0x8a, 0xaa, 0x88, 0x88, 0x77, 0x99, 0x97, 0x77, 0x98, 0x77, 0x77, 0x11, 0x17, 0x77, 0x17, 0x19, 0x88, 0x11, 0x18, 0x98, 0x77, 0x79,
  0x99, 0x98, 0x89, 0x99, 0x88, 0x89, 0xa9, 0x88, 0x98, 0x98, 0x88, 0x87, 0x77, 0x77, 0x00, 0x00, 0x00, 0x00, 0x11, 0x79, 0x77, 0x78, 0x99, 0x99,
  0x98, 0x99, 0x88, 0x89, 0x89, 0x98, 0x98, 0x89, 0x99, 0x8a, 0xaa, 0x88, 0x98, 0x88, 0x99, 0x98, 0x88, 0x89, 0x98, 0x98, 0x77, 0x78, 0x98, 0x77,
  0x79, 0x88, 0x77, 0x79, 0x88, 0x89, 0x89, 0x99, 0x99, 0x99, 0xa9, 0x99, 0x99, 0x99, 0x99, 0x9a, 0x99, 0x88, 0x88, 0x89, 0x77, 0x00, 0x00, 0x00,
  0x00, 0x11, 0x78, 0x88, 0x99, 0x99, 0x99, 0x99, 0x99, 0x99, 0x89, 0x99, 0xaa, 0xaa, 0xaa, 0xaa, 0x99, 0x89, 0xaa, 0xaa, 0x98, 0x99, 0x98, 0x89,
  0xaa, 0x89, 0x89, 0x98, 0x88, 0x98, 0x88, 0x99, 0x99, 0x98, 0x89, 0x99, 0x88, 0x89, 0x99, 0x99, 0x99, 0x98, 0xaa, 0xaa, 0x99, 0x89, 0x99, 0x99,
  0xa9, 0x99, 0x98, 0x71, 0x00, 0x00, 0x00, 0x00, 0x11, 0x79, 0xaa, 0x99, 0x99, 0x99, 0x99, 0x99, 0xa9, 0xaa, 0xaa, 0x89, 0xa9, 0x99, 0x98, 0x99,
  0x99, 0x99, 0x89, 0x99, 0x99, 0x99, 0x99, 0xaa, 0xaa, 0x89, 0x99, 0xaa, 0xaa, 0x88, 0x8a, 0x99, 0x88, 0x99, 0x99, 0x99, 0x99, 0xaa, 0xaa, 0x99,
  0x99, 0x99, 0x89, 0x98, 0x99, 0x99, 0x99, 0x99, 0x99, 0x98, 0x98, 0x77, 0x00, 0x00, 0x00, 0x71, 0x79, 0x99, 0xaa, 0xaa, 0xaa, 0xaa, 0x89, 0x89,
  0x98, 0x99, 0x98, 0x99, 0x99, 0x99, 0x89, 0x99, 0xaa, 0xaa, 0x98, 0x99, 0xaa, 0xaa, 0xa8, 0x99, 0x89, 0xa9, 0x99, 0x99, 0x99, 0x99, 0xa9, 0x99,
  0x98, 0x99, 0x99, 0x99, 0x99, 0x99, 0x99, 0x99, 0x99, 0x99, 0x99, 0x99, 0x89, 0x99, 0xaa, 0x9a, 0x98, 0x88, 0x71, 0x00, 0x00, 0x00, 0x17, 0x78,
  0x99, 0x99, 0x99, 0x99, 0x99, 0x99, 0xa9, 0x99, 0x99, 0x99, 0x99, 0x99, 0x99, 0x99, 0x98, 0x98, 0x89, 0xaa, 0x99, 0x99, 0x99, 0x99, 0x99, 0x99,
  0x99, 0x99, 0x99, 0x98, 0x89, 0x99, 0xaa, 0xa9, 0x99, 0xaa, 0xa9, 0xa9, 0x99, 0x99, 0x99, 0x99, 0x99, 0x99, 0x99, 0x99, 0x99, 0x99, 0x99, 0x98,
  0x89, 0x71, 0x00, 0x00, 0x00, 0x00, 0x17, 0x98, 0x99, 0x99, 0x99, 0x99, 0x99, 0x99, 0x99, 0x89, 0x99, 0x99, 0x99, 0xa9, 0x99, 0x99, 0x99, 0x98,
  0x99, 0x88, 0x99, 0x99, 0x99, 0xa9, 0x99, 0x99, 0xaa, 0xaa, 0x99, 0x99, 0x99, 0x99, 0x99, 0x99, 0x99, 0x99, 0x99, 0x89, 0x99, 0x99, 0xa9, 0x9a,
  0x98, 0x9a, 0x9a, 0x99, 0x89, 0x99, 0x98, 0x71, 0x00, 0x00, 0x00, 0x00, 0x00, 0x77, 0x98, 0x99, 0x89, 0x99, 0x99, 0x99, 0x89, 0x99, 0x89, 0x99,
  0x99, 0x99, 0x99, 0x99, 0x99, 0x99, 0x99, 0x9a, 0x99, 0x98, 0x99, 0x99, 0x98, 0x99, 0x99, 0x99, 0x99, 0x89, 0x99, 0x99, 0x99, 0x99, 0x99, 0x98,
  0x99, 0x99, 0x98, 0x89, 0xa9, 0x99, 0x99, 0x99, 0x99, 0x99, 0x99, 0x99, 0x99, 0x98, 0x77, 0x00, 0x00, 0x00, 0x00, 0x00, 0x07, 0x78, 0x99, 0x99,
  0x99, 0x99, 0x99, 0x99, 0x99, 0x99, 0x99, 0x99, 0x99, 0x99, 0x99, 0x99, 0x98, 0x99, 0x99, 0x99, 0x99, 0x9a, 0x99, 0x99, 0x99, 0x89, 0x99, 0x99,
  0x99, 0xa9, 0x99, 0x99, 0xa9, 0x99, 0x99, 0x99, 0x99, 0x99, 0x99, 0x99, 0x99, 0x99, 0x99, 0x89, 0x99, 0x99, 0x99, 0x99, 0x99, 0x97, 0x70, 0x00,
  0x00, 0x00, 0x00, 0x17, 0x89, 0x89, 0x99, 0x99, 0x99, 0x89, 0x99, 0x99, 0x99, 0x99, 0x99, 0x99, 0x99, 0x99, 0x99, 0x99, 0x99, 0x99, 0x9a, 0x99,
  0x9a, 0x99, 0x99, 0x99, 0x99, 0x99, 0x99, 0x99, 0x99, 0x99, 0x99, 0x89, 0x99, 0x99, 0x89, 0x99, 0x9a, 0x89, 0x99, 0x99, 0x99, 0x99, 0x99, 0x99,
  0x8a, 0x89, 0x99, 0x99, 0x87, 0x11, 0x00, 0x00, 0x00, 0x00, 0x17, 0x89, 0x99, 0x99, 0x99, 0x99, 0x99, 0x9a, 0x99, 0x99, 0x99, 0x99, 0x99, 0x99,
  0x99, 0x99, 0x99, 0x9a, 0x99, 0x99, 0x99, 0x99, 0xa9, 0x99, 0xa9, 0x89, 0x99, 0x99, 0xa9, 0x99, 0xa9, 0x99, 0x99, 0x99, 0x99, 0x98, 0x99, 0x99,
  0x99, 0x99, 0x99, 0x98, 0x9a, 0x99, 0x99, 0x99, 0x99, 0x99, 0x99, 0x97, 0x11, 0x00, 0x00, 0x00, 0x00, 0x17, 0x89, 0x99, 0x89, 0x99, 0x99, 0x99,
  0x99, 0x99, 0x99, 0x99, 0x99, 0x99, 0x99, 0x99, 0x99, 0x99, 0x99, 0x89, 0x99, 0x98, 0x99, 0xa9, 0x99, 0x99, 0x99, 0x99, 0x99, 0x99, 0x99, 0x99,
  0x9a, 0x99, 0x99, 0x98, 0x99, 0x99, 0x99, 0x99, 0x99, 0x99, 0x99, 0x98, 0x98, 0x99, 0x99, 0x99, 0xa9, 0x99, 0x87, 0x11, 0x00, 0x00, 0x00, 0x00,
  0x17, 0x99, 0x99, 0x99, 0x99, 0x99, 0x99, 0x99, 0x99, 0x99, 0x89, 0x99, 0x9a, 0x99, 0x99, 0x99, 0x99, 0x98, 0x99, 0x9a, 0x99, 0x99, 0x99, 0x99,
  0xa9, 0x99, 0x99, 0x99, 0x99, 0x98, 0x99, 0x99, 0x99, 0x99, 0x99, 0x99, 0x99, 0x99, 0x99, 0x99, 0x99, 0x99, 0x99, 0x99, 0x99, 0x99, 0x99, 0x89,
  0x9a, 0x99, 0x97, 0x00, 0x00, 0x00, 0x00, 0x17, 0x89, 0x99, 0xa9, 0x9a, 0x99, 0x99, 0x88, 0xa9, 0x99, 0x9a, 0x99, 0x99, 0x98, 0x99, 0x99, 0x98,
  0x9a, 0x89, 0x99, 0x99, 0x99, 0x8a, 0x8a, 0x99, 0x99, 0x99, 0x99, 0x99, 0xaa, 0x99, 0x9a, 0x99, 0x99, 0x89, 0x89, 0x99, 0x99, 0x99, 0x98, 0x99,
  0x89, 0x99, 0x99, 0x89, 0x99, 0x89, 0x99, 0x89, 0x99, 0x87, 0x00, 0x00, 0x00, 0x00, 0x17, 0x88, 0x99, 0x99, 0x99, 0x89, 0x98, 0x99, 0xa8, 0x99,
  0x89, 0x99, 0x99, 0x99, 0xaa, 0x99, 0x99, 0x99, 0x9a, 0x99, 0x99, 0x99, 0x98, 0x99, 0x99, 0x99, 0xa9, 0x9a, 0x99, 0x89, 0x89, 0x99, 0x99, 0x89,
  0x99, 0x99, 0x99, 0xa9, 0x99, 0x99, 0xa9, 0x99, 0x99, 0xa9, 0x99, 0x9a, 0x99, 0x99, 0x98, 0x99, 0x87, 0x00, 0x00, 0x00, 0x00, 0x00, 0x77, 0x99,
  0x99, 0x99, 0x99, 0x99, 0x9a, 0x99, 0xa9, 0x99, 0x99, 0x99, 0x99, 0x99, 0x9a, 0x89, 0x99, 0x99, 0x89, 0x99, 0x99, 0x99, 0x99, 0x99, 0x99, 0x99,
  0x99, 0x99, 0x9a, 0x99, 0x99, 0x99, 0x99, 0x99, 0x99, 0x89, 0x99, 0x98, 0x99, 0x98, 0x99, 0x99, 0x99, 0x99, 0x98, 0x99, 0x99, 0x99, 0xa9, 0x81,
  0x00, 0x00, 0x00, 0x00, 0x00, 0x77, 0x99, 0x99, 0x99, 0x99, 0x99, 0x99, 0x99, 0x89, 0x99, 0x89, 0x89, 0x99, 0x99, 0x99, 0x99, 0x99, 0x99, 0x99,
  0x9a, 0x99, 0x98, 0x99, 0x89, 0x99, 0x99, 0x99, 0x99, 0x99, 0x88, 0x99, 0x89, 0x99, 0xa9, 0x99, 0x99, 0x99, 0x99, 0x99, 0x98, 0x89, 0x99, 0x98,
  0x99, 0x99, 0x99, 0x99, 0x99, 0x99, 0x87, 0x00, 0x00, 0x00, 0x00, 0x00, 0x77, 0x89, 0xa9, 0x99, 0x99, 0x99, 0x99, 0x89, 0x99, 0x99, 0xa9, 0x99,
  0x99, 0x9a, 0x99, 0x99, 0xa9, 0x99, 0x99, 0x99, 0x99, 0x99, 0x99, 0x99, 0x99, 0x99, 0x99, 0x99, 0x98, 0x9a, 0x99, 0x98, 0x99, 0x99, 0x99, 0x99,
  0x99, 0x99, 0x99, 0x9a, 0x99, 0x99, 0xa9, 0x99, 0x89, 0x99, 0xa9, 0x99, 0x99, 0x87, 0x00, 0x00, 0x00, 0x00, 0x07, 0x77, 0x89, 0x99, 0x99, 0x99,
  0x99, 0x99, 0x89, 0x99, 0x99, 0x99, 0x99, 0x89, 0x99, 0xaa, 0x99, 0x99, 0x99, 0x99, 0xa9, 0x99, 0x99, 0x99, 0x99, 0x99, 0x99, 0x99, 0x99, 0x99,
  0xa9, 0x99, 0x99, 0x99, 0x99, 0x99, 0x9a, 0xa9, 0x99, 0x99, 0x89, 0x99, 0x88, 0x99, 0x99, 0x99, 0x98, 0xa9, 0x99, 0x98, 0x87, 0x00, 0x00, 0x00,
  0x00, 0x07, 0x77, 0x99, 0xa9, 0x99, 0x99, 0xa9, 0xa9, 0xa9, 0x99, 0x99, 0x9a, 0x99, 0x99, 0x99, 0x99, 0xa9, 0xa9, 0xa9, 0x9a, 0x98, 0x98, 0x99,
  0x98, 0x99, 0x99, 0xa9, 0x99, 0x89, 0x99, 0x99, 0x99, 0x99, 0x99, 0x99, 0x99, 0x99, 0x99, 0x99, 0x99, 0x89, 0x99, 0x98, 0x99, 0x99, 0x98, 0x99,
  0x99, 0x99, 0x98, 0x81, 0x00, 0x00, 0x00, 0x00, 0x17, 0x79, 0x88, 0x99, 0x99, 0x99, 0x99, 0x99, 0x99, 0x98, 0x99, 0x99, 0xa8, 0x98, 0x99, 0x99,
  0x99, 0x99, 0x99, 0x99, 0x99, 0x99, 0x98, 0x99, 0xa9, 0x99, 0x99, 0x99, 0x99, 0x98, 0x99, 0x99, 0x99, 0x99, 0x98, 0x99, 0x99, 0x99, 0x99, 0x98,
  0x99, 0x99, 0x98, 0x99, 0x9a, 0x99, 0x99, 0x99, 0xa9, 0x99, 0x70, 0x00, 0x00, 0x00, 0x00, 0x07, 0x8a, 0xa9, 0x99, 0x99, 0x98, 0x99, 0x99, 0x99,
  0x99, 0x99, 0x99, 0x99, 0x99, 0x99, 0x99, 0x99, 0x99, 0x99, 0x99, 0x99, 0x99, 0x99, 0x99, 0x99, 0x99, 0x99, 0x99, 0x99, 0x9a, 0x99, 0xa9, 0x99,
  0x99, 0x99, 0x99, 0x99, 0x89, 0x9a, 0x99, 0x99, 0x99, 0x99, 0x99, 0x99, 0x9a, 0x99, 0x99, 0xa9, 0x97, 0x17, 0x00, 0x00, 0x00, 0x00, 0x01, 0x89,
  0x9a, 0xa9, 0x99, 0x99, 0x99, 0xa9, 0x99, 0x99, 0x99, 0x99, 0x99, 0x99, 0x99, 0x99, 0x89, 0x99, 0x99, 0x99, 0x99, 0x99, 0x99, 0x99, 0x89, 0x99,
  0x99, 0x98, 0x9a, 0x99, 0x99, 0x99, 0x99, 0x99, 0x99, 0x98, 0x99, 0x99, 0xa9, 0x98, 0x99, 0x99, 0x89, 0x99, 0x99, 0x99, 0x99, 0x99, 0x98, 0x87,
  0x17, 0x00, 0x00, 0x00, 0x00, 0x07, 0x89, 0x99, 0x99, 0xa9, 0x99, 0x99, 0x99, 0x99, 0x99, 0x99, 0x89, 0x98, 0x98, 0x99, 0x99, 0x99, 0x99, 0x99,
  0x99, 0x9a, 0x99, 0x99, 0x99, 0x89, 0x99, 0x99, 0x98, 0x99, 0x98, 0x99, 0x99, 0x99, 0x99, 0x99, 0x99, 0x9a, 0x9a, 0x99, 0x99, 0x9a, 0x99, 0x99,
  0xa9, 0x89, 0x99, 0x99, 0x99, 0x99, 0x87, 0x71, 0x00, 0x00, 0x00, 0x00, 0x77, 0x98, 0x99, 0xa9, 0x99, 0x99, 0x99, 0x99, 0x99, 0x99, 0x98, 0x99,
  0x99, 0x99, 0x99, 0x99, 0x98, 0x99, 0x99, 0x99, 0x98, 0x99, 0x89, 0x99, 0x99, 0x99, 0x99, 0x98, 0x99, 0x98, 0x99, 0x99, 0x99, 0x99, 0x99, 0x9a,
  0x99, 0x98, 0x99, 0x99, 0x98, 0x99, 0x99, 0x99, 0x99, 0x99, 0x99, 0x99, 0x99, 0x77, 0x07, 0x00, 0x00, 0x00, 0x00, 0x77, 0x99, 0x98, 0x99, 0x99,
  0x98, 0x99, 0x99, 0x99, 0x89, 0xa8, 0x99, 0x99, 0x99, 0x98, 0x99, 0x99, 0x99, 0x99, 0x99, 0x99, 0x99, 0x99, 0x99, 0x99, 0x99, 0x99, 0x99, 0x99,
  0x99, 0x89, 0x99, 0x99, 0x99, 0x89, 0x99, 0x99, 0x99, 0x8a, 0x99, 0x88, 0x99, 0x99, 0x99, 0x99, 0x99, 0x99, 0x99, 0x98, 0x77, 0x07, 0x00, 0x00,
  0x00, 0x00, 0x77, 0x98, 0x99, 0x99, 0x9a, 0x89, 0x9a, 0x99, 0x99, 0x99, 0x99, 0x99, 0x99, 0x99, 0x99, 0x99, 0x99, 0x99, 0x99, 0x99, 0x99, 0x99,
  0x99, 0x99, 0x99, 0x99, 0x99, 0x99, 0x99, 0x99, 0x99, 0x99, 0x9a, 0x99, 0x98, 0xa8, 0x99, 0x99, 0x99, 0x99, 0x99, 0x99, 0x99, 0x99, 0x99, 0xa9,
  0x99, 0x99, 0x98, 0x71, 0x01, 0x00, 0x00, 0x00, 0x07, 0x78, 0x99, 0x99, 0x99, 0x89, 0x99, 0x99, 0x99, 0x99, 0x98, 0x99, 0x99, 0x89, 0x9a, 0x99,
  0x99, 0x99, 0x99, 0x9a, 0x99, 0x99, 0x9a, 0x89, 0x99, 0x99, 0x99, 0xa9, 0x99, 0x99, 0x99, 0x99, 0x99, 0x99, 0x99, 0x99, 0xa9, 0x99, 0x99, 0x99,
  0x98, 0x99, 0x98, 0x99, 0x99, 0x99, 0x99, 0x99, 0x99, 0x88, 0x97, 0x70, 0x00, 0x00, 0x00, 0x01, 0x78, 0x99, 0x99, 0x99, 0x99, 0x99, 0x99, 0x99,
  0x99, 0x99, 0x99, 0x99, 0x99, 0x99, 0x99, 0x89, 0x99, 0x99, 0x9a, 0x99, 0x99, 0x99, 0x99, 0x98, 0x9a, 0x99, 0x99, 0x9a, 0x99, 0x99, 0x99, 0x99,
  0x89, 0x99, 0x99, 0x99, 0x98, 0x99, 0x99, 0x99, 0x99, 0x99, 0x99, 0x89, 0xa9, 0x99, 0x99, 0x99, 0x99, 0x87, 0x70, 0x00, 0x00, 0x00, 0x07, 0x78,
  0x98, 0x99, 0x9a, 0x99, 0x99, 0x99, 0x99, 0x99, 0x99, 0x98, 0x99, 0x89, 0x99, 0x89, 0x99, 0x99, 0x89, 0x99, 0x99, 0x99, 0x9a, 0x99, 0x99, 0x98,
  0x99, 0x99, 0x98, 0x99, 0x99, 0x99, 0x99, 0x98, 0x99, 0x99, 0x99, 0x99, 0x99, 0x99, 0x99, 0x99, 0x99, 0x99, 0x99, 0x99, 0x99, 0x99, 0x99, 0x88,
  0x87, 0x10, 0x00, 0x00, 0x00, 0x07, 0x89, 0xa9, 0x99, 0xa9, 0x99, 0x88, 0x99, 0x99, 0x99, 0x99, 0x99, 0xa9, 0x99, 0x99, 0x98, 0x99, 0x99, 0x99,
  0x99, 0x98, 0x88, 0x88, 0x99, 0x99, 0x99, 0x99, 0x99, 0x99, 0x89, 0x9a, 0x99, 0x99, 0x99, 0x99, 0x99, 0x99, 0x99, 0x99, 0x99, 0x99, 0x99, 0x89,
  0x99, 0x99, 0x8a, 0x99, 0x99, 0x99, 0x89, 0x97, 0x10, 0x00, 0x00, 0x00, 0x07, 0x89, 0x89, 0x99, 0x89, 0x98, 0x99, 0x99, 0x99, 0x8a, 0x99, 0x88,
  0x88, 0x98, 0x99, 0x98, 0x99, 0x99, 0x98, 0xa8, 0x99, 0x88, 0x88, 0x88, 0x89, 0x99, 0x88, 0x88, 0x88, 0x99, 0x99, 0xa9, 0x99, 0x99, 0x99, 0x98,
  0x99, 0x9a, 0x88, 0x99, 0x99, 0x88, 0x88, 0x88, 0x88, 0x88, 0x88, 0x99, 0x99, 0x98, 0x97, 0x10, 0x00, 0x00, 0x00, 0x07, 0x78, 0x89, 0x89, 0x99,
  0xa9, 0x99, 0x99, 0x99, 0x99, 0x99, 0x88, 0x98, 0x88, 0x99, 0x99, 0x89, 0x98, 0x98, 0xa9, 0x99, 0x99, 0x99, 0x99, 0x99, 0x88, 0x88, 0x88, 0x88,
  0x99, 0xa9, 0x99, 0x99, 0x99, 0x99, 0x99, 0x99, 0x89, 0x99, 0x98, 0x88, 0x88, 0x88, 0x99, 0x88, 0x99, 0xa9, 0x99, 0x9a, 0x98, 0x98, 0x71, 0x00,
  0x00, 0x00, 0x00, 0x17, 0x78, 0x89, 0x99, 0x88, 0x89, 0x99, 0x88, 0x98, 0x98, 0x98, 0x89, 0x99, 0x98, 0x88, 0x88, 0x99, 0x89, 0x89, 0x98, 0x89,
  0x89, 0x88, 0x99, 0x89, 0x99, 0x99, 0x99, 0x89, 0x99, 0xa9, 0x89, 0x88, 0x88, 0x99, 0x89, 0x88, 0x88, 0x88, 0x99, 0x99, 0x98, 0x98, 0xa9, 0x88,
  0x88, 0x89, 0x98, 0x88, 0x98, 0x81, 0x00, 0x00, 0x00, 0x00, 0x17, 0x78, 0x89, 0x98, 0x98, 0x99, 0x98, 0x98, 0x87, 0x77, 0x77, 0x78, 0x88, 0x88,
  0x97, 0x77, 0x88, 0x87, 0x88, 0x99, 0x89, 0x88, 0x98, 0x89, 0x98, 0x99, 0x99, 0x99, 0x8a, 0x98, 0x89, 0x98, 0x89, 0x89, 0x99, 0x89, 0x89, 0x99,
  0x88, 0x89, 0x88, 0x88, 0x89, 0x89, 0x87, 0x77, 0x98, 0x89, 0x98, 0x98, 0x87, 0x00, 0x00, 0x00, 0x00, 0x01, 0x77, 0x98, 0x98, 0x77, 0x78, 0x88,
  0x77, 0x77, 0x77, 0x71, 0x78, 0x88, 0x77, 0x71, 0x71, 0x89, 0x97, 0x77, 0x77, 0x78, 0x88, 0x77, 0x98, 0x89, 0x98, 0x98, 0x99, 0x88, 0x98, 0x89,
  0x89, 0x89, 0x88, 0x89, 0x98, 0x88, 0x77, 0x77, 0x77, 0x89, 0x87, 0x77, 0x99, 0x87, 0x17, 0x78, 0x97, 0x77, 0x88, 0x70, 0x00, 0x00, 0x00, 0x00,
  0x00, 0x07, 0x77, 0x77, 0x99, 0x91, 0x17, 0x71, 0x10, 0x00, 0x17, 0x10, 0x00, 0x11, 0x17, 0x11, 0x71, 0x10, 0x77, 0x77, 0x78, 0x98, 0x77, 0x87,
  0x77, 0x77, 0x78, 0x88, 0x77, 0x78, 0x88, 0x89, 0x88, 0x89, 0x77, 0x79, 0x98, 0x11, 0x17, 0x71, 0x17, 0x10, 0x00, 0x17, 0x71, 0x77, 0x17, 0x77,
  0x77, 0x99, 0x87, 0x00, 0x00, 0x00, 0x00, 0x00, 0x00, 0x17, 0x11, 0x77, 0x70, 0x00, 0x00, 0x00, 0x00, 0x00, 0x00, 0x00, 0x00, 0x00, 0x00, 0x00,
  0x00, 0x00, 0x71, 0x77, 0x77, 0x17, 0x71, 0x17, 0x71, 0x18, 0x89, 0x11, 0x77, 0x77, 0x77, 0x77, 0x77, 0x17, 0x77, 0x77, 0x00, 0x00, 0x00, 0x00,
  0x00, 0x00, 0x00, 0x00, 0x00, 0x01, 0x71, 0x71, 0x77, 0x70, 0x00, 0x00, 0x00, 0x00, 0x00, 0x00, 0x00, 0x00, 0x11, 0x70, 0x00, 0x00, 0x00, 0x00,
  0x00, 0x00, 0x00, 0x00, 0x00, 0x00, 0x00, 0x00, 0x00, 0x00, 0x01, 0x11, 0x00, 0x10, 0x00, 0x00, 0x07, 0x77, 0x00, 0x07, 0x11, 0x71, 0x11, 0x17,
  0x00, 0x01, 0x71, 0x00, 0x00, 0x00, 0x00, 0x00, 0x00, 0x00, 0x00, 0x00, 0x00, 0x00, 0x00, 0x71, 0x70, 0x00, 0x00, 0x00, 0x00, 0x00, 0x00, 0x01,
  0x17, 0x00, 0x00, 0x00, 0x00, 0x00, 0x00, 0x00, 0x00, 0x00, 0x00, 0x00, 0x00, 0x00, 0x00, 0x00, 0x00, 0x00, 0x00, 0x00, 0x00, 0x00, 0x00, 0x01,
  0x17, 0x00, 0x00, 0x00, 0x00, 0x00, 0x00, 0x00, 0x00, 0x00, 0x00, 0x00, 0x00, 0x00, 0x00, 0x00, 0x00, 0x00, 0x00, 0x00, 0x00, 0x00, 0x00, 0x00,
  0x00, 0x00, 0x00, 0x00, 0x00, 0x00, 0x00, 0x00, 0x00, 0x00, 0x00, 0x00, 0x00, 0x00, 0x00, 0x00, 0x00, 0x00, 0x00, 0x00, 0x00, 0x00, 0x00, 0x00,
  0x00, 0x00, 0x00, 0x00, 0x00, 0x00, 0x00, 0x00, 0x00, 0x00, 0x00, 0x00, 0x00, 0x00, 0x00, 0x00, 0x00, 0x00, 0x00, 0x00, 0x00, 0x00, 0x00, 0x00,
  0x00, 0x00, 0x00, 0x00, 0x00, 0x00, 0x00, 0x00, 0x00, 0x00, 0x00, 0x00, 0x00, 0x00, 0x00, 0x00, 0x00, 0x00, 0x00, 0x00, 0x00, 0x00, 0x00, 0x00,
  0x00, 0x00, 0x00, 0x00, 0x00, 0x00, 0x00, 0x00, 0x00, 0x00, 0x00, 0x00, 0x00, 0x00, 0x00, 0x00, 0x00, 0x00, 0x00, 0x00, 0x00, 0x00, 0x00, 0x00,
  0x00, 0x00, 0x00, 0x00, 0x00, 0x00, 0x00, 0x00, 0x00, 0x00, 0x00, 0x00, 0x00, 0x00, 0x00, 0x00,
};
const lv_img_dsc_t rune_scroll_skill_left = {
  {LV_IMG_CF_INDEXED_4BIT, 0, 0, 110, 48},
  2704,
  rune_scroll_skill_left_map
};

const uint8_t rune_scroll_skill_right_map[] = {
  0x00, 0x00, 0x00, 0x00, 0x1a, 0x1d, 0x1e, 0xff, 0x28, 0x2e, 0x30, 0xff, 0x39, 0x40, 0x42, 0xff, 0x4b, 0x53, 0x55, 0xff, 0x5e, 0x68, 0x6b, 0xff,
  0x73, 0x82, 0x86, 0xff, 0x44, 0x57, 0x68, 0xff, 0x66, 0x83, 0x97, 0xff, 0x87, 0xa7, 0xba, 0xff, 0x9c, 0xc0, 0xd2, 0xff, 0xae, 0xd2, 0xe4, 0xff,
  0x56, 0x6b, 0x72, 0xff, 0x49, 0x79, 0x68, 0xff, 0x51, 0xa1, 0xcc, 0xff, 0x31, 0x40, 0x8f, 0xff, 0x00, 0x00, 0x00, 0x00, 0x00, 0x00, 0x00, 0x00,
  0x00, 0x00, 0x00, 0x00, 0x00, 0x00, 0x00, 0x00, 0x00, 0x00, 0x00, 0x00, 0x00, 0x00, 0x00, 0x00, 0x00, 0x00, 0x00, 0x00, 0x00, 0x00, 0x00, 0x00,
  0x00, 0x00, 0x00, 0x00, 0x00, 0x00, 0x00, 0x00, 0x00, 0x00, 0x00, 0x00, 0x00, 0x00, 0x00, 0x00, 0x00, 0x00, 0x00, 0x00, 0x00, 0x00, 0x00, 0x00,
  0x00, 0x00, 0x00, 0x00, 0x00, 0x00, 0x00, 0x00, 0x00, 0x00, 0x00, 0x00, 0x00, 0x00, 0x00, 0x00, 0x00, 0x00, 0x00, 0x00, 0x00, 0x00, 0x00, 0x00,
  0x00, 0x00, 0x00, 0x00, 0x00, 0x00, 0x00, 0x00, 0x00, 0x00, 0x00, 0x00, 0x00, 0x00, 0x00, 0x00, 0x00, 0x00, 0x00, 0x00, 0x00, 0x00, 0x00, 0x00,
  0x00, 0x00, 0x00, 0x00, 0x00, 0x00, 0x00, 0x00, 0x00, 0x00, 0x00, 0x00, 0x00, 0x00, 0x00, 0x00, 0x00, 0x00, 0x00, 0x00, 0x00, 0x00, 0x00, 0x00,
  0x00, 0x00, 0x00, 0x00, 0x00, 0x71, 0x70, 0x00, 0x00, 0x00, 0x00, 0x00, 0x00, 0x00, 0x00, 0x00, 0x00, 0x00, 0x00, 0x00, 0x00, 0x00, 0x00, 0x00,
  0x00, 0x00, 0x00, 0x00, 0x00, 0x00, 0x01, 0x17, 0x71, 0x71, 0x71, 0x00, 0x00, 0x00, 0x00, 0x00, 0x00, 0x00, 0x00, 0x00, 0x00, 0x00, 0x00, 0x00,
  0x00, 0x00, 0x00, 0x00, 0x00, 0x07, 0x77, 0x00, 0x00, 0x00, 0x77, 0x70, 0x00, 0x71, 0x77, 0x77, 0x77, 0x77, 0x77, 0x00, 0x00, 0x00, 0x00, 0x00,
  0x00, 0x00, 0x00, 0x00, 0x00, 0x00, 0x00, 0x00, 0x00, 0x00, 0x00, 0x00, 0x00, 0x00, 0x00, 0x00, 0x77, 0x11, 0x11, 0x77, 0x77, 0x77, 0x00, 0x07,
  0x17, 0x00, 0x00, 0x00, 0x00, 0x00, 0x00, 0x00, 0x00, 0x00, 0x00, 0x00, 0x00, 0x00, 0x07, 0x00, 0x07, 0x77, 0x00, 0x01, 0x17, 0x88, 0x97, 0x17,
  0x77, 0x78, 0x88, 0x88, 0x98, 0x77, 0x11, 0x10, 0x00, 0x10, 0x00, 0x00, 0x11, 0x70, 0x00, 0x00, 0x00, 0x00, 0x00, 0x00, 0x00, 0x17, 0x77, 0x77,
  0x17, 0x11, 0x11, 0x77, 0x77, 0x77, 0x99, 0x88, 0x88, 0x10, 0x07, 0x77, 0x71, 0x77, 0x00, 0x17, 0x10, 0x00, 0x00, 0x00, 0x00, 0x00, 0x00, 0x00,
  0x00, 0x17, 0x11, 0x78, 0x99, 0x71, 0x77, 0x77, 0x88, 0x87, 0x77, 0x88, 0x88, 0x98, 0x88, 0x98, 0x89, 0x77, 0x71, 0x71, 0x71, 0x70, 0x00, 0x77,
  0x70, 0x00, 0x71, 0x10, 0x00, 0x00, 0x17, 0x17, 0x77, 0x77, 0x77, 0x77, 0x77, 0x77, 0x88, 0x89, 0x88, 0x88, 0x98, 0x89, 0x71, 0x18, 0x89, 0x77,
  0x77, 0x77, 0x77, 0x71, 0x77, 0x00, 0x00, 0x00, 0x00, 0x00, 0x00, 0x01, 0x78, 0x77, 0x77, 0x77, 0x77, 0x79, 0x99, 0xaa, 0x99, 0x98, 0x99, 0x98,
  0x89, 0x99, 0x98, 0x77, 0x89, 0x98, 0x98, 0x97, 0x71, 0x17, 0x11, 0x11, 0x71, 0x88, 0x87, 0x77, 0x77, 0x99, 0x89, 0x77, 0x78, 0x98, 0x89, 0x98,
  0x88, 0x88, 0x99, 0x99, 0x89, 0x99, 0xaa, 0x88, 0x99, 0x88, 0x98, 0x89, 0x77, 0x89, 0x87, 0x11, 0x77, 0x10, 0x00, 0x00, 0x00, 0x00, 0x77, 0x99,
  0x89, 0x98, 0x98, 0x98, 0x99, 0xaa, 0xaa, 0x99, 0x99, 0x99, 0x98, 0x98, 0x99, 0xa9, 0x98, 0xaa, 0xaa, 0x99, 0x98, 0x87, 0x77, 0x77, 0x77, 0x77,
  0x88, 0x98, 0x89, 0x98, 0x99, 0xaa, 0x98, 0x88, 0x88, 0x99, 0x98, 0x89, 0x98, 0x89, 0x99, 0x99, 0x99, 0x99, 0x99, 0x89, 0x99, 0x89, 0x98, 0x98,
  0x89, 0x87, 0x77, 0x89, 0x70, 0x00, 0x00, 0x00, 0x00, 0x17, 0x88, 0x88, 0x88, 0x88, 0x88, 0x88, 0x99, 0x99, 0x99, 0x99, 0x99, 0x99, 0xaa, 0xaa,
  0x99, 0x88, 0x99, 0x98, 0x99, 0x98, 0x88, 0x88, 0x88, 0x99, 0x89, 0x99, 0x98, 0x88, 0x88, 0x99, 0xaa, 0x98, 0x8a, 0xaa, 0x99, 0x9a, 0x99, 0x99,
  0x9a, 0x99, 0x98, 0x99, 0x99, 0x99, 0x9a, 0x99, 0xaa, 0xaa, 0x98, 0x99, 0xa8, 0x88, 0x88, 0x70, 0x00, 0x00, 0x00, 0x00, 0x17, 0x88, 0x89, 0x99,
  0x89, 0xaa, 0xaa, 0xaa, 0xaa, 0x99, 0x99, 0x99, 0x99, 0x99, 0x99, 0x99, 0xaa, 0x99, 0x98, 0x89, 0x99, 0x99, 0x99, 0xaa, 0xaa, 0x99, 0xa9, 0xa9,
  0x98, 0x99, 0x99, 0x99, 0x89, 0x99, 0x99, 0x99, 0x9a, 0x99, 0x99, 0xa9, 0x99, 0xaa, 0xaa, 0x99, 0x98, 0x99, 0x99, 0x99, 0x99, 0x88, 0xaa, 0x99,
  0x99, 0x99, 0x97, 0x70, 0x00, 0x00, 0x00, 0x77, 0x98, 0x89, 0xaa, 0xaa, 0x99, 0x99, 0x99, 0x99, 0x99, 0x99, 0x99, 0x89, 0x99, 0x99, 0x99, 0xaa,
  0x99, 0x99, 0x98, 0x99, 0xa9, 0x99, 0x99, 0x99, 0x99, 0x99, 0x99, 0x99, 0x99, 0x99, 0x99, 0x99, 0x99, 0x99, 0x98, 0x99, 0x98, 0x99, 0x99, 0x98,
  0x99, 0x99, 0x99, 0x99, 0x99, 0x99, 0xa9, 0x9a, 0x99, 0x9a, 0xaa, 0xaa, 0x98, 0x87, 0x10, 0x00, 0x00, 0x00, 0x07, 0x78, 0x88, 0x9a, 0xaa, 0x89,
  0x99, 0x99, 0x99, 0x99, 0x89, 0x99, 0x99, 0x8a, 0x99, 0x89, 0x89, 0x99, 0x89, 0x9a, 0x89, 0x99, 0x99, 0xaa, 0xa9, 0x99, 0x99, 0x99, 0x99, 0x99,
  0x99, 0x98, 0x99, 0x99, 0x99, 0xa9, 0x99, 0x99, 0x99, 0x99, 0x99, 0x99, 0x99, 0x99, 0x99, 0x99, 0xa9, 0x99, 0x99, 0x99, 0xa9, 0x99, 0x99, 0xa9,
  0x88, 0x71, 0x00, 0x00, 0x00, 0x00, 0x17, 0x89, 0x99, 0x99, 0x99, 0x99, 0x99, 0x99, 0x98, 0x9a, 0x98, 0x99, 0x89, 0x89, 0x99, 0x99, 0x99, 0x99,
  0x99, 0x9a, 0x99, 0x99, 0x99, 0x99, 0x98, 0x99, 0x99, 0x99, 0x99, 0x89, 0x98, 0x99, 0x99, 0xa9, 0x99, 0x99, 0x99, 0x99, 0xa9, 0x99, 0x99, 0x99,
  0x99, 0x99, 0x99, 0x98, 0x99, 0x99, 0x99, 0x99, 0x99, 0x99, 0x98, 0x88, 0x71, 0x00, 0x00, 0x00, 0x00, 0x77, 0x89, 0x99, 0x99, 0x98, 0xa9, 0x99,
  0x99, 0x9a, 0xa9, 0x99, 0x99, 0x99, 0x99, 0x99, 0x99, 0x99, 0x89, 0x98, 0x99, 0x99, 0x9a, 0x99, 0x99, 0x99, 0x89, 0x99, 0x99, 0x99, 0x99, 0x99,
  0x9a, 0x99, 0x99, 0x99, 0x99, 0xa9, 0x99, 0x99, 0x89, 0x89, 0x99, 0x99, 0x89, 0x99, 0x89, 0x89, 0x99, 0x99, 0x99, 0x98, 0x99, 0x98, 0x89, 0x71,
  0x00, 0x00, 0x00, 0x00, 0x17, 0x99, 0x99, 0x89, 0x99, 0x99, 0x99, 0x89, 0x99, 0x98, 0x99, 0x88, 0x99, 0x99, 0x99, 0x99, 0x99, 0x99, 0x99, 0x99,
  0x99, 0x89, 0x98, 0x9a, 0x99, 0x99, 0x99, 0x99, 0x99, 0x99, 0x99, 0x99, 0x99, 0x99, 0x8a, 0x99, 0x99, 0x89, 0x99, 0x89, 0xa9, 0x99, 0x99, 0x99,
  0x89, 0x98, 0x99, 0x99, 0x99, 0x99, 0xa9, 0x99, 0x99, 0x88, 0x77, 0x00, 0x00, 0x00, 0x00, 0x77, 0x17, 0x89, 0x99, 0x89, 0x99, 0x99, 0x99, 0x99,
  0x98, 0x8a, 0x99, 0x99, 0x99, 0x98, 0x99, 0x99, 0x98, 0x99, 0x99, 0x99, 0x99, 0x99, 0x99, 0x99, 0x99, 0x99, 0x98, 0x99, 0x99, 0x99, 0xa9, 0x89,
  0x99, 0x99, 0x99, 0x99, 0x99, 0x99, 0x99, 0x99, 0x99, 0x99, 0x99, 0x99, 0xa9, 0x99, 0x99, 0x99, 0x98, 0x99, 0xa9, 0x99, 0x99, 0x77, 0x10, 0x00,
  0x00, 0x00, 0x77, 0x17, 0x88, 0x99, 0x99, 0x98, 0x99, 0x99, 0x8a, 0x99, 0x99, 0x99, 0x99, 0x88, 0x99, 0x99, 0x99, 0x99, 0x99, 0x99, 0x99, 0x99,
  0x99, 0x99, 0xa9, 0x99, 0x99, 0x98, 0x88, 0x89, 0xa9, 0x99, 0x99, 0x89, 0x99, 0x99, 0x99, 0x99, 0x99, 0x99, 0x99, 0x99, 0x99, 0x99, 0x98, 0x9a,
  0x99, 0x99, 0x99, 0x98, 0x99, 0x99, 0x99, 0x98, 0x71, 0x70, 0x00, 0x00, 0x00, 0x77, 0x77, 0x99, 0x99, 0x99, 0x99, 0x99, 0x99, 0x99, 0x99, 0x99,
  0x99, 0x98, 0x98, 0x99, 0x99, 0x99, 0x99, 0x9a, 0x99, 0x99, 0x99, 0x98, 0x99, 0x99, 0x99, 0x98, 0x99, 0x99, 0x99, 0x99, 0x99, 0x99, 0x99, 0x99,
  0x99, 0x99, 0x99, 0x99, 0x98, 0x99, 0x99, 0x98, 0x99, 0x98, 0x99, 0x98, 0x99, 0x99, 0x99, 0x98, 0xa9, 0x89, 0xa8, 0x71, 0x70, 0x00, 0x00, 0x00,
  0x00, 0x89, 0x99, 0x99, 0x99, 0xa9, 0x99, 0x99, 0x99, 0x99, 0x99, 0x99, 0x99, 0x99, 0x99, 0x99, 0x99, 0x99, 0x89, 0x99, 0x89, 0x99, 0x99, 0x99,
  0x99, 0x99, 0x99, 0x99, 0x99, 0xa9, 0x99, 0x9a, 0x99, 0x89, 0x99, 0x99, 0x99, 0x99, 0x99, 0x9a, 0x99, 0x99, 0x99, 0x99, 0x99, 0x99, 0x99, 0x99,
  0x99, 0x9a, 0x98, 0x99, 0x99, 0x88, 0x97, 0x00, 0x00, 0x00, 0x00, 0x00, 0x88, 0x99, 0x99, 0x89, 0x99, 0x99, 0x99, 0x99, 0x99, 0x99, 0x99, 0x99,
  0x9a, 0x99, 0x99, 0x99, 0x99, 0x99, 0x89, 0x99, 0x99, 0x99, 0x99, 0x99, 0x99, 0x99, 0x99, 0x99, 0x99, 0x99, 0x99, 0x99, 0xa9, 0x99, 0x99, 0x99,
  0x99, 0x99, 0x9a, 0x99, 0x98, 0x99, 0x99, 0x89, 0x99, 0x99, 0x99, 0x99, 0x9a, 0x89, 0x8a, 0x99, 0x88, 0x87, 0x00, 0x00, 0x00, 0x00, 0x00, 0x98,
  0x9a, 0x98, 0x99, 0x98, 0x9a, 0x99, 0x99, 0x99, 0x99, 0x99, 0x99, 0x99, 0x99, 0x99, 0x99, 0x99, 0x99, 0x99, 0x89, 0x99, 0x9a, 0x99, 0x99, 0x99,
  0x99, 0x99, 0x99, 0x89, 0x9a, 0x99, 0x99, 0x99, 0x99, 0x99, 0x89, 0x99, 0xa9, 0x99, 0x98, 0x99, 0xa9, 0x99, 0x99, 0x99, 0x99, 0x99, 0x99, 0x99,
  0x99, 0x99, 0x99, 0x88, 0x87, 0x00, 0x00, 0x00, 0x00, 0x17, 0x17, 0x88, 0x99, 0x99, 0x99, 0x99, 0x99, 0x99, 0x99, 0xa9, 0x99, 0x89, 0x99, 0x99,
  0x99, 0x99, 0x99, 0x99, 0x99, 0x89, 0x99, 0x99, 0x99, 0x99, 0x99, 0x9a, 0x99, 0x99, 0x99, 0x99, 0x99, 0x99, 0x99, 0x99, 0x99, 0x99, 0x98, 0x99,
  0xa9, 0x99, 0x99, 0x99, 0x99, 0xa9, 0x99, 0x98, 0x99, 0x9a, 0x89, 0x99, 0x88, 0x99, 0x98, 0x71, 0x00, 0x00, 0x00, 0x07, 0x78, 0x78, 0x8a, 0x89,
  0xa9, 0xa9, 0x99, 0x99, 0x99, 0x99, 0xa9, 0x99, 0x99, 0x99, 0x99, 0x99, 0x99, 0x99, 0x99, 0x99, 0xa9, 0x99, 0x9a, 0x99, 0x98, 0x99, 0x99, 0x99,
  0x99, 0x99, 0x99, 0x99, 0x99, 0x99, 0x99, 0x99, 0xa9, 0x99, 0x99, 0x99, 0x99, 0x88, 0x99, 0x99, 0x99, 0x99, 0x99, 0x99, 0x99, 0x89, 0x99, 0x99,
  0x98, 0x87, 0x10, 0x00, 0x00, 0x00, 0x07, 0x78, 0x79, 0x89, 0x89, 0x99, 0x98, 0xa9, 0x99, 0x98, 0x99, 0x99, 0x99, 0x89, 0x89, 0x99, 0x99, 0x99,
  0x99, 0xa8, 0x98, 0x99, 0x99, 0x99, 0x99, 0x99, 0x99, 0x99, 0x99, 0x99, 0x99, 0x98, 0x99, 0x99, 0x99, 0x99, 0x99, 0x99, 0x99, 0x99, 0x89, 0x9a,
  0x99, 0x9a, 0x99, 0x99, 0x99, 0x99, 0x99, 0x99, 0xa9, 0x9a, 0x98, 0x99, 0x87, 0x10, 0x00, 0x00, 0x00, 0x00, 0x01, 0x88, 0x99, 0x98, 0x99, 0x9a,
  0xa9, 0x99, 0x99, 0x99, 0x9a, 0x99, 0x99, 0x99, 0x99, 0x99, 0x98, 0x99, 0x99, 0x99, 0x89, 0x99, 0x99, 0x99, 0x99, 0x99, 0x98, 0x99, 0x98, 0x98,
  0x89, 0x99, 0x89, 0xaa, 0x99, 0x98, 0x99, 0x99, 0x99, 0x99, 0x9a, 0x99, 0x99, 0x99, 0x99, 0x99, 0x99, 0x9a, 0x99, 0x98, 0x98, 0x99, 0x99, 0x98,
  0x77, 0x00, 0x00, 0x00, 0x00, 0x07, 0x88, 0x99, 0x99, 0x99, 0x99, 0x99, 0x99, 0x99, 0x99, 0x99, 0x99, 0x99, 0x98, 0x99, 0x99, 0x99, 0x99, 0xa9,
  0x99, 0x99, 0x89, 0x99, 0x99, 0x98, 0x99, 0x99, 0x89, 0x99, 0x99, 0x89, 0x99, 0x99, 0x99, 0x99, 0x99, 0x99, 0x99, 0x99, 0x9a, 0x99, 0x99, 0x89,
  0x99, 0x99, 0x99, 0x99, 0x99, 0x99, 0x99, 0x99, 0x99, 0x99, 0x98, 0x77, 0x00, 0x00, 0x00, 0x00, 0x17, 0x89, 0x99, 0x99, 0x99, 0x99, 0x99, 0x99,
  0x99, 0x99, 0x99, 0xa9, 0x99, 0x99, 0xa9, 0x99, 0x99, 0x98, 0x98, 0x98, 0x99, 0x99, 0x99, 0x99, 0x99, 0x88, 0x99, 0x99, 0x99, 0x99, 0x99, 0x99,
  0x99, 0x99, 0x99, 0x99, 0x99, 0x99, 0x9a, 0x99, 0x99, 0x99, 0x9a, 0x99, 0x9a, 0x99, 0x99, 0x9a, 0x99, 0x99, 0x89, 0x98, 0x88, 0x77, 0x10, 0x00,
  0x00, 0x00, 0x17, 0x79, 0x99, 0x99, 0x99, 0x99, 0x99, 0x98, 0x99, 0x99, 0x99, 0x98, 0x99, 0x99, 0x99, 0x99, 0x99, 0x99, 0x99, 0x99, 0x99, 0xa9,
  0x99, 0x99, 0x99, 0xa9, 0x98, 0x9a, 0x99, 0x99, 0x99, 0x99, 0x99, 0xa9, 0x89, 0x99, 0x9a, 0x99, 0xaa, 0x99, 0x98, 0x99, 0x98, 0x99, 0x99, 0x89,
  0x98, 0x89, 0x99, 0xa9, 0x99, 0x99, 0x98, 0x99, 0x81, 0x00, 0x00, 0x00, 0x00, 0x17, 0x78, 0x99, 0x99, 0x99, 0x88, 0x9a, 0x99, 0x99, 0x99, 0x98,
  0x99, 0xa9, 0x99, 0x99, 0x99, 0xa9, 0x99, 0x89, 0x98, 0x9a, 0x99, 0x99, 0x99, 0x99, 0x99, 0x99, 0x98, 0x99, 0x99, 0x99, 0x99, 0x99, 0x99, 0xa9,
  0x98, 0x99, 0x99, 0x99, 0xa9, 0x99, 0x99, 0x99, 0x89, 0x99, 0x99, 0x99, 0x99, 0x99, 0x98, 0x99, 0x99, 0xa8, 0x98, 0x87, 0x00, 0x00, 0x00, 0x00,
  0x11, 0x78, 0x99, 0x99, 0x9a, 0x99, 0x99, 0x99, 0x99, 0xa9, 0x89, 0x99, 0x99, 0x99, 0x9a, 0x99, 0x99, 0x99, 0x99, 0x99, 0x99, 0x99, 0x8a, 0x99,
  0x99, 0x99, 0x99, 0x99, 0x99, 0x99, 0x99, 0x99, 0x98, 0x99, 0x99, 0x99, 0x99, 0x98, 0x99, 0x99, 0x99, 0x99, 0x99, 0x89, 0x99, 0x99, 0x99, 0x99,
  0x99, 0x89, 0x99, 0x99, 0x99, 0x98, 0x81, 0x00, 0x00, 0x00, 0x00, 0x70, 0x17, 0x9a, 0x99, 0x99, 0x99, 0x99, 0x89, 0x99, 0x89, 0x99, 0x99, 0x99,
  0x99, 0x99, 0x99, 0x99, 0x99, 0x89, 0x89, 0x99, 0x99, 0x99, 0x89, 0x99, 0x99, 0x99, 0x99, 0x98, 0x98, 0x89, 0x99, 0x99, 0x89, 0x99, 0x89, 0x99,
  0xa9, 0x99, 0x99, 0x99, 0x99, 0x99, 0x99, 0x99, 0x99, 0x9a, 0x98, 0x89, 0x98, 0x99, 0x99, 0x99, 0x87, 0x17, 0x70, 0x00, 0x00, 0x00, 0x10, 0x77,
  0x99, 0x99, 0x98, 0x99, 0x99, 0x88, 0x99, 0x98, 0x99, 0x89, 0x99, 0x99, 0x99, 0x99, 0x98, 0x89, 0x99, 0x99, 0x99, 0x99, 0x99, 0x99, 0x98, 0x99,
  0x99, 0x99, 0x99, 0x99, 0x99, 0x99, 0x88, 0x99, 0x98, 0x99, 0x99, 0x99, 0x99, 0x99, 0x99, 0x99, 0x98, 0x99, 0x9a, 0x99, 0x99, 0x99, 0x98, 0x99,
  0x98, 0x99, 0x99, 0x97, 0x17, 0x70, 0x00, 0x00, 0x00, 0x10, 0x17, 0x99, 0x99, 0x99, 0x99, 0x99, 0x99, 0xa9, 0x99, 0x99, 0xa9, 0x99, 0x99, 0x99,
  0x99, 0x98, 0x99, 0x99, 0x89, 0x99, 0x99, 0x99, 0x89, 0x99, 0x99, 0x99, 0x99, 0x9a, 0x9a, 0x89, 0x99, 0x99, 0x99, 0x99, 0x99, 0x9a, 0x99, 0x9a,
  0x99, 0x99, 0x99, 0x99, 0x99, 0x99, 0x99, 0x99, 0xa9, 0x99, 0x99, 0x99, 0x89, 0x99, 0x87, 0x77, 0x70, 0x00, 0x00, 0x00, 0x00, 0x77, 0x98, 0x99,
  0x98, 0x99, 0x98, 0x99, 0x99, 0x98, 0xa9, 0x99, 0x89, 0x89, 0x99, 0x99, 0x98, 0x99, 0x99, 0x98, 0x9a, 0x99, 0x99, 0x99, 0x88, 0x99, 0x9a, 0x89,
  0x99, 0x99, 0x99, 0x88, 0x99, 0x99, 0xa9, 0x9a, 0x99, 0x9a, 0x99, 0x98, 0x99, 0x99, 0xa9, 0x99, 0x99, 0x99, 0x99, 0x89, 0x99, 0x89, 0x98, 0x99,
  0x98, 0x88, 0x77, 0x00, 0x00, 0x00, 0x00, 0x00, 0x01, 0x79, 0x99, 0x99, 0x99, 0x99, 0x99, 0x88, 0x99, 0x99, 0x99, 0x99, 0x9a, 0x99, 0x9a, 0x99,
  0x99, 0x99, 0x99, 0x98, 0x99, 0x99, 0x99, 0x99, 0x9a, 0x99, 0x98, 0x99, 0x99, 0x99, 0x99, 0x89, 0x9a, 0x99, 0x99, 0x99, 0x99, 0x9a, 0x99, 0x99,
  0x89, 0x99, 0x9a, 0x99, 0x99, 0x99, 0x98, 0x89, 0x99, 0x99, 0x9a, 0x99, 0x98, 0x87, 0x70, 0x00, 0x00, 0x00, 0x00, 0x07, 0x79, 0x89, 0x99, 0x99,
  0x99, 0x99, 0xa9, 0x99, 0x99, 0x99, 0x89, 0x99, 0x99, 0x9a, 0x99, 0x99, 0x89, 0x99, 0x99, 0x89, 0x99, 0x99, 0x99, 0x99, 0x99, 0x99, 0x99, 0x88,
  0x99, 0x8a, 0x99, 0x99, 0x88, 0x98, 0x99, 0x99, 0x99, 0x89, 0x88, 0x89, 0x99, 0x99, 0x99, 0x99, 0x99, 0x99, 0x99, 0x99, 0x99, 0x99, 0x99, 0x99,
  0x87, 0x70, 0x00, 0x00, 0x00, 0x07, 0x79, 0x89, 0x99, 0x99, 0x99, 0x88, 0x99, 0x99, 0x89, 0x99, 0x99, 0x99, 0x9a, 0x99, 0x88, 0x88, 0x99, 0x99,
  0x99, 0x99, 0x99, 0x99, 0x99, 0x99, 0x8a, 0x99, 0x99, 0x99, 0x98, 0x99, 0x99, 0x99, 0x89, 0xa9, 0x88, 0x89, 0x99, 0x99, 0x88, 0x88, 0x99, 0x99,
  0x99, 0x99, 0x99, 0x99, 0x99, 0x98, 0x99, 0xaa, 0x99, 0x99, 0x99, 0x88, 0x77, 0x00, 0x00, 0x00, 0x01, 0x78, 0x98, 0x89, 0x98, 0x99, 0x9a, 0x99,
  0x98, 0x99, 0x9a, 0x99, 0x89, 0x89, 0x99, 0x89, 0x99, 0x88, 0x89, 0x99, 0x99, 0x99, 0x99, 0x99, 0x99, 0x88, 0x99, 0x98, 0xa9, 0x99, 0x99, 0x99,
  0x99, 0x99, 0x99, 0x9a, 0x99, 0x99, 0x99, 0x99, 0x99, 0x99, 0xa9, 0x88, 0x88, 0x99, 0x99, 0x98, 0x99, 0x88, 0x88, 0x99, 0x99, 0x98, 0x89, 0x71,
  0x00, 0x00, 0x00, 0x00, 0x17, 0x79, 0x88, 0x99, 0x99, 0x99, 0x88, 0x88, 0x99, 0x99, 0x88, 0x88, 0x99, 0x99, 0x98, 0x89, 0x99, 0x98, 0x88, 0x88,
  0x99, 0x99, 0x9a, 0x99, 0x89, 0x99, 0xa9, 0x99, 0x99, 0x99, 0x99, 0x88, 0x99, 0x99, 0x88, 0x88, 0x98, 0x98, 0x98, 0x98, 0x99, 0xa8, 0x89, 0x88,
  0x99, 0x99, 0x9a, 0x99, 0x99, 0x99, 0x99, 0x99, 0x88, 0x88, 0x87, 0x00, 0x00, 0x00, 0x00, 0x17, 0x88, 0x98, 0x98, 0x88, 0x89, 0x89, 0x88, 0x88,
  0x99, 0x98, 0x88, 0x88, 0x88, 0x98, 0x89, 0x99, 0x99, 0x99, 0x89, 0x9a, 0x99, 0x88, 0x88, 0xa9, 0x99, 0x99, 0x99, 0x99, 0x99, 0x88, 0x88, 0x88,
  0x88, 0x99, 0x98, 0x99, 0x88, 0x88, 0x89, 0x98, 0x98, 0x99, 0x98, 0x89, 0x89, 0x99, 0x99, 0x99, 0x99, 0x99, 0x98, 0x89, 0x97, 0x10, 0x10, 0x00,
  0x00, 0x00, 0x17, 0x89, 0x98, 0x98, 0x99, 0x98, 0x89, 0x88, 0x87, 0x77, 0x88, 0x98, 0x98, 0x77, 0x78, 0x99, 0x98, 0x89, 0x99, 0x99, 0x9a, 0x99,
  0x99, 0x99, 0x99, 0x88, 0x99, 0x99, 0x99, 0x98, 0x98, 0x98, 0x98, 0x88, 0x98, 0x87, 0x77, 0x89, 0x98, 0x88, 0x88, 0x88, 0x89, 0x79, 0x88, 0x89,
  0x88, 0x88, 0x98, 0x99, 0x89, 0x99, 0x89, 0x87, 0x70, 0x70, 0x00, 0x00, 0x00, 0x01, 0x78, 0x97, 0x77, 0x88, 0x87, 0x77, 0x77, 0x77, 0x71, 0x77,
  0x79, 0x98, 0x17, 0x18, 0x88, 0x89, 0x98, 0x88, 0x99, 0x98, 0x89, 0x88, 0x99, 0x99, 0x89, 0x98, 0x89, 0x98, 0x89, 0x98, 0x77, 0x79, 0x88, 0x98,
  0x81, 0x11, 0x77, 0x77, 0x77, 0x77, 0x77, 0x77, 0x17, 0x77, 0x77, 0x88, 0x88, 0x89, 0x98, 0x98, 0x88, 0x89, 0x87, 0x00, 0x00, 0x00, 0x00, 0x00,
  0x00, 0x07, 0x78, 0x88, 0x77, 0x71, 0x11, 0x77, 0x77, 0x77, 0x71, 0x70, 0x00, 0x00, 0x00, 0x71, 0x89, 0x99, 0x88, 0x17, 0x77, 0x77, 0x77, 0x78,
  0x98, 0x99, 0x98, 0x98, 0x77, 0x18, 0x98, 0x99, 0x81, 0x11, 0x77, 0x70, 0x00, 0x00, 0x00, 0x00, 0x00, 0x01, 0x17, 0x79, 0x88, 0x89, 0x77, 0x71,
  0x77, 0x89, 0x88, 0x88, 0x88, 0x87, 0x10, 0x00, 0x00, 0x00, 0x00, 0x00, 0x00, 0x07, 0x77, 0x11, 0x10, 0x00, 0x77, 0x77, 0x71, 0x00, 0x00, 0x00,
  0x00, 0x00, 0x00, 0x77, 0x77, 0x77, 0x07, 0x11, 0x11, 0x77, 0x17, 0x77, 0x77, 0x79, 0x88, 0x17, 0x07, 0x77, 0x77, 0x70, 0x00, 0x71, 0x10, 0x00,
  0x00, 0x00, 0x00, 0x00, 0x00, 0x00, 0x77, 0x77, 0x77, 0x71, 0x10, 0x11, 0x88, 0x88, 0x99, 0x89, 0x81, 0x00, 0x00, 0x00, 0x00, 0x00, 0x00, 0x00,
  0x01, 0x77, 0x00, 0x00, 0x00, 0x00, 0x00, 0x00, 0x00, 0x00, 0x00, 0x00, 0x00, 0x00, 0x11, 0x77, 0x11, 0x00, 0x00, 0x00, 0x00, 0x07, 0x71, 0x77,
  0x17, 0x77, 0x00, 0x01, 0x17, 0x71, 0x10, 0x00, 0x00, 0x00, 0x00, 0x00, 0x00, 0x00, 0x00, 0x00, 0x00, 0x07, 0x11, 0x17, 0x00, 0x00, 0x00, 0x77,
  0x77, 0x77, 0x77, 0x77, 0x00, 0x00, 0x00, 0x00, 0x00, 0x00, 0x00, 0x00, 0x00, 0x00, 0x00, 0x00, 0x00, 0x00, 0x00, 0x00, 0x00, 0x00, 0x00, 0x00,
  0x00, 0x00, 0x00, 0x00, 0x00, 0x07, 0x11, 0x00, 0x07, 0x17, 0x00, 0x00, 0x00, 0x00, 0x00, 0x00, 0x00, 0x00, 0x00, 0x00, 0x00, 0x00, 0x00, 0x00,
  0x00, 0x00, 0x00, 0x00, 0x00, 0x00, 0x00, 0x00, 0x00, 0x11, 0x00, 0x00, 0x00, 0x00, 0x01, 0x00, 0x00, 0x00, 0x00, 0x00, 0x00, 0x00, 0x00, 0x00,
  0x00, 0x00, 0x00, 0x00, 0x00, 0x00, 0x00, 0x00, 0x00, 0x00, 0x00, 0x00, 0x00, 0x00, 0x00, 0x00, 0x00, 0x00, 0x00, 0x00, 0x00, 0x00, 0x00, 0x00,
  0x00, 0x00, 0x00, 0x00, 0x00, 0x00, 0x00, 0x00, 0x00, 0x00, 0x00, 0x00, 0x00, 0x00, 0x00, 0x00, 0x00, 0x00, 0x00, 0x00, 0x00, 0x00, 0x00, 0x00,
  0x00, 0x00, 0x00, 0x00, 0x00, 0x00, 0x00, 0x00, 0x00, 0x00, 0x00, 0x00, 0x00, 0x00, 0x00, 0x00, 0x00, 0x00, 0x00, 0x00, 0x00, 0x00, 0x00, 0x00,
  0x00, 0x00, 0x00, 0x00, 0x00, 0x00, 0x00, 0x00, 0x00, 0x00, 0x00, 0x00, 0x00, 0x00, 0x00, 0x00, 0x00, 0x00, 0x00, 0x00, 0x00, 0x00, 0x00, 0x00,
  0x00, 0x00, 0x00, 0x00, 0x00, 0x00, 0x00, 0x00, 0x00, 0x00, 0x00, 0x00, 0x00, 0x00, 0x00, 0x00,
};
const lv_img_dsc_t rune_scroll_skill_right = {
  {LV_IMG_CF_INDEXED_4BIT, 0, 0, 117, 48},
  2896,
  rune_scroll_skill_right_map
};

const uint8_t rune_scroll_quest_map[] = {
  0x00, 0x00, 0x00, 0x00, 0x1a, 0x1d, 0x1e, 0xff, 0x28, 0x2e, 0x30, 0xff, 0x39, 0x40, 0x42, 0xff, 0x4b, 0x53, 0x55, 0xff, 0x5e, 0x68, 0x6b, 0xff,
  0x73, 0x82, 0x86, 0xff, 0x44, 0x57, 0x68, 0xff, 0x66, 0x83, 0x97, 0xff, 0x87, 0xa7, 0xba, 0xff, 0x9c, 0xc0, 0xd2, 0xff, 0xae, 0xd2, 0xe4, 0xff,
  0x56, 0x6b, 0x72, 0xff, 0x49, 0x79, 0x68, 0xff, 0x51, 0xa1, 0xcc, 0xff, 0x31, 0x40, 0x8f, 0xff, 0x00, 0x00, 0x00, 0x00, 0x00, 0x00, 0x00, 0x00,
  0x00, 0x00, 0x00, 0x00, 0x00, 0x00, 0x00, 0x00, 0x00, 0x00, 0x00, 0x00, 0x00, 0x00, 0x00, 0x00, 0x00, 0x00, 0x00, 0x00, 0x00, 0x00, 0x00, 0x00,
  0x00, 0x00, 0x00, 0x00, 0x00, 0x00, 0x00, 0x00, 0x00, 0x00, 0x00, 0x00, 0x00, 0x00, 0x00, 0x00, 0x00, 0x00, 0x00, 0x00, 0x00, 0x00, 0x00, 0x00,
  0x00, 0x00, 0x00, 0x00, 0x00, 0x00, 0x00, 0x00, 0x00, 0x00, 0x00, 0x00, 0x00, 0x00, 0x00, 0x00, 0x00, 0x00, 0x00, 0x00, 0x00, 0x00, 0x00, 0x00,
  0x00, 0x00, 0x00, 0x00, 0x00, 0x00, 0x00, 0x00, 0x00, 0x00, 0x00, 0x00, 0x00, 0x00, 0x00, 0x00, 0x00, 0x00, 0x00, 0x00, 0x00, 0x00, 0x00, 0x00,
  0x00, 0x00, 0x00, 0x00, 0x00, 0x00, 0x00, 0x00, 0x00, 0x00, 0x00, 0x00, 0x00, 0x00, 0x00, 0x00, 0x00, 0x00, 0x00, 0x00, 0x00, 0x00, 0x00, 0x00,
  0x00, 0x00, 0x00, 0x00, 0x00, 0x00, 0x00, 0x00, 0x00, 0x00, 0x00, 0x00, 0x00, 0x00, 0x00, 0x00, 0x00, 0x00, 0x00, 0x00, 0x00, 0x00, 0x00, 0x00,
  0x00, 0x00, 0x00, 0x00, 0x00, 0x00, 0x00, 0x00, 0x00, 0x00, 0x00, 0x00, 0x00, 0x00, 0x00, 0x00, 0x00, 0x00, 0x00, 0x00, 0x00, 0x00, 0x00, 0x00,
  0x00, 0x00, 0x00, 0x00, 0x00, 0x00, 0x00, 0x00, 0x00, 0x00, 0x00, 0x00, 0x00, 0x00, 0x00, 0x00, 0x00, 0x00, 0x00, 0x00, 0x00, 0x00, 0x00, 0x00,
  0x00, 0x00, 0x00, 0x00, 0x00, 0x00, 0x00, 0x00, 0x00, 0x00, 0x00, 0x00, 0x00, 0x00, 0x00, 0x00, 0x00, 0x00, 0x00, 0x00, 0x00, 0x00, 0x00, 0x00,
  0x00, 0x00, 0x00, 0x00, 0x00, 0x00, 0x00, 0x00, 0x00, 0x00, 0x01, 0x11, 0x00, 0x01, 0x11, 0x00, 0x00, 0x00, 0x00, 0x00, 0x00, 0x00, 0x00, 0x00,
  0x00, 0x00, 0x00, 0x00, 0x00, 0x00, 0x00, 0x00, 0x00, 0x00, 0x00, 0x00, 0x00, 0x00, 0x00, 0x00, 0x01, 0x17, 0x00, 0x01, 0x17, 0x00, 0x07, 0x71,
  0x70, 0x00, 0x00, 0x00, 0x00, 0x00, 0x00, 0x00, 0x00, 0x00, 0x00, 0x00, 0x00, 0x00, 0x00, 0x00, 0x00, 0x00, 0x00, 0x00, 0x00, 0x00, 0x07, 0x11,
  0x00, 0x01, 0x17, 0x00, 0x00, 0x00, 0x00, 0x00, 0x00, 0x00, 0x00, 0x00, 0x00, 0x00, 0x00, 0x00, 0x00, 0x00, 0x00, 0x00, 0x00, 0x00, 0x00, 0x00,
  0x71, 0x10, 0x00, 0x17, 0x70, 0x00, 0x77, 0x10, 0x00, 0x00, 0x00, 0x00, 0x00, 0x00, 0x00, 0x00, 0x00, 0x00, 0x00, 0x00, 0x00, 0x00, 0x00, 0x00,
  0x00, 0x00, 0x00, 0x00, 0x00, 0x17, 0x77, 0x77, 0x70, 0x00, 0x11, 0x17, 0x77, 0x77, 0x70, 0x00, 0x00, 0x00, 0x00, 0x00, 0x00, 0x00, 0x00, 0x00,
  0x00, 0x00, 0x00, 0x00, 0x00, 0x00, 0x00, 0x11, 0x17, 0x17, 0x00, 0x00, 0x00, 0x17, 0x70, 0x00, 0x77, 0x77, 0x17, 0x00, 0x00, 0x00, 0x71, 0x77,
  0x00, 0x00, 0x00, 0x00, 0x00, 0x00, 0x00, 0x00, 0x00, 0x00, 0x00, 0x01, 0x11, 0x00, 0x00, 0x00, 0x77, 0x17, 0x77, 0x00, 0x01, 0x77, 0x00, 0x00,
  0x00, 0x00, 0x00, 0x00, 0x00, 0x00, 0x00, 0x00, 0x00, 0x00, 0x00, 0x00, 0x00, 0x00, 0x00, 0x00, 0x17, 0x17, 0x17, 0x00, 0x00, 0x00, 0x00, 0x00,
  0x00, 0x77, 0x70, 0x00, 0x00, 0x00, 0x00, 0x11, 0x71, 0x00, 0x00, 0x00, 0x00, 0x00, 0x00, 0x00, 0x00, 0x00, 0x00, 0x00, 0x00, 0x00, 0x07, 0x17,
  0x79, 0x99, 0x77, 0x71, 0x77, 0x77, 0x79, 0x89, 0x88, 0x90, 0x00, 0x77, 0x11, 0x11, 0x00, 0x01, 0x17, 0x00, 0x01, 0x11, 0x00, 0x00, 0x00, 0x00,
  0x07, 0x11, 0x77, 0x77, 0x79, 0x71, 0x71, 0x71, 0x77, 0x77, 0x17, 0x88, 0x87, 0x77, 0x10, 0x01, 0x17, 0x77, 0x77, 0x11, 0x00, 0x00, 0x00, 0x00,
  0x01, 0x71, 0x00, 0x00, 0x01, 0x71, 0x17, 0x77, 0x00, 0x07, 0x11, 0x77, 0x78, 0x99, 0x17, 0x77, 0x77, 0x11, 0x71, 0x00, 0x00, 0x01, 0x11, 0x10,
  0x01, 0x71, 0x17, 0x71, 0x77, 0x77, 0x10, 0x00, 0x00, 0x00, 0x00, 0x77, 0x77, 0x77, 0x71, 0x17, 0x71, 0x17, 0x11, 0x17, 0x88, 0x87, 0x71, 0x70,
  0x01, 0x11, 0x77, 0x77, 0x77, 0x00, 0x07, 0x71, 0x00, 0x00, 0x00, 0x00, 0x00, 0x00, 0x00, 0x00, 0x00, 0x17, 0x77, 0x88, 0x99, 0x88, 0x87, 0x77,
  0x98, 0x89, 0x98, 0x98, 0x81, 0x71, 0x77, 0x77, 0x77, 0x10, 0x07, 0x77, 0x00, 0x07, 0x77, 0x11, 0x11, 0x11, 0x00, 0x17, 0x77, 0x98, 0x88, 0x89,
  0x77, 0x77, 0x77, 0x88, 0x87, 0x77, 0x98, 0x88, 0x98, 0x71, 0x77, 0x77, 0x88, 0x98, 0x77, 0x71, 0x11, 0x17, 0x00, 0x07, 0x77, 0x00, 0x01, 0x17,
  0x77, 0x78, 0x88, 0x77, 0x77, 0x77, 0x88, 0x89, 0x88, 0x77, 0x78, 0x88, 0x77, 0x77, 0x77, 0x71, 0x17, 0x77, 0x71, 0x77, 0x77, 0x77, 0x77, 0x77,
  0x77, 0x70, 0x00, 0x00, 0x11, 0x77, 0x88, 0x88, 0x88, 0x77, 0x77, 0x77, 0x77, 0x77, 0x77, 0x89, 0x97, 0x77, 0x71, 0x17, 0x77, 0x88, 0x89, 0x77,
  0x11, 0x17, 0x77, 0x11, 0x70, 0x00, 0x00, 0x00, 0x00, 0x00, 0x00, 0x00, 0x07, 0x77, 0x88, 0x88, 0x89, 0x99, 0x89, 0x88, 0x89, 0x99, 0x99, 0x87,
  0x77, 0x77, 0x77, 0x77, 0x71, 0x17, 0x77, 0x17, 0x19, 0x88, 0x89, 0x88, 0x88, 0x71, 0x77, 0x77, 0x98, 0x98, 0x8a, 0xaa, 0x99, 0x99, 0x98, 0x88,
  0x88, 0x99, 0xa9, 0x89, 0x98, 0x98, 0x88, 0x98, 0x89, 0x88, 0x89, 0x88, 0x89, 0x89, 0x87, 0x17, 0x77, 0x79, 0x89, 0x77, 0x77, 0x77, 0x88, 0x88,
  0x88, 0x89, 0x8a, 0xaa, 0x88, 0x98, 0x98, 0x98, 0x89, 0x77, 0x89, 0x99, 0x98, 0x71, 0x19, 0x88, 0x77, 0x77, 0x77, 0x77, 0x19, 0x88, 0x77, 0x88,
  0x88, 0x89, 0x88, 0x98, 0x88, 0x89, 0xaa, 0xaa, 0x99, 0x99, 0x88, 0x89, 0x88, 0x98, 0x89, 0x89, 0x77, 0x79, 0x77, 0x89, 0x88, 0x88, 0x77, 0x71,
  0x11, 0x87, 0x10, 0x00, 0x00, 0x00, 0x00, 0x01, 0x78, 0x98, 0x88, 0xaa, 0xaa, 0xaa, 0x98, 0x89, 0x99, 0x98, 0x99, 0x98, 0x99, 0x89, 0x99, 0x87,
  0x79, 0x88, 0x77, 0x78, 0x88, 0x99, 0x88, 0x98, 0x77, 0x88, 0x98, 0x99, 0x9a, 0xaa, 0xaa, 0x99, 0x99, 0x89, 0x99, 0xaa, 0xaa, 0x99, 0x99, 0x99,
  0x99, 0x88, 0xaa, 0x99, 0x88, 0x98, 0x88, 0x89, 0x99, 0x97, 0x77, 0x89, 0x88, 0x99, 0x98, 0x98, 0x88, 0x88, 0x9a, 0x98, 0xa9, 0x99, 0x99, 0xaa,
  0xa9, 0x98, 0x98, 0xa8, 0x88, 0xaa, 0xaa, 0x99, 0x87, 0x79, 0x89, 0x88, 0x99, 0x88, 0x77, 0x78, 0x88, 0x88, 0x89, 0x99, 0x99, 0x98, 0x98, 0x99,
  0x99, 0x89, 0x99, 0x99, 0x98, 0x98, 0x99, 0x99, 0x99, 0x98, 0x88, 0x98, 0x89, 0x88, 0x88, 0x88, 0x98, 0x88, 0x87, 0x77, 0x98, 0x80, 0x00, 0x00,
  0x00, 0x00, 0x01, 0x79, 0x89, 0x99, 0x98, 0x98, 0x99, 0x99, 0x99, 0x99, 0x99, 0x98, 0x88, 0x89, 0x88, 0x88, 0x98, 0x88, 0x99, 0x88, 0x89, 0x99,
  0x99, 0x99, 0xaa, 0x88, 0x88, 0x88, 0x98, 0x99, 0x99, 0x99, 0x99, 0x99, 0x99, 0x99, 0x99, 0xa9, 0x99, 0x99, 0xaa, 0xaa, 0x89, 0x99, 0x99, 0x99,
  0x99, 0x99, 0x99, 0x88, 0x98, 0x89, 0x88, 0x89, 0xa9, 0x88, 0x88, 0x88, 0x99, 0x99, 0x99, 0x99, 0xaa, 0xaa, 0x99, 0x99, 0xaa, 0xaa, 0x99, 0x88,
  0x99, 0x99, 0x89, 0x89, 0x89, 0x99, 0x88, 0x98, 0x88, 0x99, 0x89, 0x89, 0x99, 0x99, 0x99, 0x99, 0xaa, 0xaa, 0xaa, 0xaa, 0x99, 0x98, 0xaa, 0xaa,
  0x89, 0x99, 0x99, 0x99, 0xa9, 0x99, 0x88, 0x9a, 0x98, 0x99, 0xaa, 0xaa, 0x98, 0x88, 0x89, 0x98, 0x90, 0x00, 0x00, 0x00, 0x00, 0x07, 0x98, 0xaa,
  0xaa, 0x99, 0xa9, 0x99, 0x99, 0x89, 0x99, 0x9a, 0x99, 0xaa, 0xaa, 0x98, 0x99, 0x98, 0x99, 0x99, 0x99, 0x88, 0x88, 0x99, 0x89, 0x89, 0x99, 0x99,
  0x99, 0x99, 0x9a, 0x99, 0x98, 0x88, 0x99, 0x99, 0x99, 0xaa, 0x99, 0x99, 0x99, 0x99, 0x99, 0x99, 0x99, 0xaa, 0x99, 0x99, 0x99, 0x99, 0x99, 0xa8,
  0x88, 0x89, 0x89, 0x99, 0x99, 0xa9, 0x99, 0x99, 0x99, 0x99, 0x99, 0x99, 0x99, 0x99, 0x99, 0x99, 0x9a, 0xa9, 0xa9, 0xaa, 0xaa, 0x99, 0x98, 0x89,
  0x99, 0x88, 0x88, 0x88, 0x98, 0x99, 0x88, 0xaa, 0xaa, 0x99, 0x99, 0xaa, 0xaa, 0x99, 0x89, 0xa9, 0x98, 0x98, 0x99, 0x99, 0x99, 0x99, 0x99, 0x99,
  0x99, 0x99, 0x98, 0xaa, 0x89, 0x99, 0x99, 0x99, 0x98, 0xaa, 0x88, 0x77, 0x00, 0x00, 0x00, 0x00, 0x01, 0x99, 0x89, 0x89, 0x99, 0xaa, 0x98, 0x99,
  0x99, 0x99, 0x99, 0x9a, 0x99, 0x89, 0x99, 0x99, 0xaa, 0xaa, 0x99, 0x99, 0x99, 0x99, 0xaa, 0xaa, 0x99, 0x99, 0x9a, 0xaa, 0x99, 0x99, 0x99, 0x98,
  0x9a, 0xaa, 0x99, 0x99, 0x99, 0x99, 0x99, 0x99, 0x99, 0x98, 0x99, 0x99, 0x99, 0x98, 0x99, 0x99, 0x9a, 0x99, 0xaa, 0xaa, 0xaa, 0xaa, 0xaa, 0xaa,
  0xa8, 0x99, 0x99, 0x99, 0x99, 0x99, 0x99, 0x99, 0xaa, 0xaa, 0x99, 0x99, 0x99, 0x99, 0x98, 0x99, 0x98, 0xa9, 0x99, 0x99, 0x98, 0x99, 0x89, 0xa9,
  0xa9, 0x99, 0x99, 0x99, 0xaa, 0x89, 0xaa, 0xaa, 0xaa, 0xa9, 0xa9, 0x99, 0x99, 0x99, 0x99, 0x99, 0x99, 0x99, 0x99, 0x99, 0x99, 0x99, 0x99, 0x89,
  0x9f, 0x99, 0x99, 0x99, 0x99, 0x99, 0x77, 0x00, 0x00, 0x00, 0x00, 0x00, 0x78, 0x88, 0x99, 0x99, 0x89, 0x99, 0x99, 0x99, 0x99, 0x99, 0x99, 0x99,
  0x99, 0x99, 0x99, 0xaa, 0xaa, 0xaa, 0x99, 0x99, 0x99, 0x99, 0x99, 0x99, 0x99, 0x99, 0x99, 0x9a, 0x89, 0x99, 0x99, 0x98, 0x99, 0x98, 0x99, 0x99,
  0x99, 0x99, 0x99, 0x99, 0x99, 0x99, 0x99, 0x99, 0x99, 0xa9, 0x99, 0x99, 0x98, 0x99, 0x99, 0x99, 0x99, 0xa9, 0x99, 0x8a, 0xaa, 0x99, 0x99, 0x99,
  0x98, 0x89, 0x99, 0x99, 0x89, 0xa9, 0x99, 0x99, 0xaa, 0x99, 0x99, 0x99, 0xa9, 0xa9, 0x89, 0x98, 0x99, 0x99, 0x99, 0x8a, 0x99, 0x98, 0x99, 0x99,
  0x99, 0x9a, 0xaa, 0x9a, 0x99, 0x99, 0x99, 0x99, 0x99, 0xa8, 0x89, 0x99, 0x99, 0x99, 0x99, 0x99, 0x99, 0x99, 0xef, 0xff, 0xef, 0xfa, 0xaa, 0x99,
  0x98, 0x87, 0x70, 0x00, 0x00, 0x00, 0x77, 0x88, 0x99, 0x99, 0x99, 0x99, 0x89, 0x99, 0x99, 0x99, 0x99, 0x89, 0x9a, 0xa9, 0x99, 0x99, 0x99, 0x99,
  0x99, 0x99, 0xaa, 0xaa, 0x99, 0x9a, 0x89, 0x89, 0x99, 0x98, 0x99, 0x99, 0x89, 0x89, 0x99, 0x99, 0x99, 0x99, 0x99, 0x99, 0x99, 0x9a, 0x89, 0x99,
  0x99, 0x98, 0x89, 0x99, 0x88, 0x89, 0x99, 0x99, 0x89, 0x98, 0x99, 0x99, 0x99, 0x9a, 0x98, 0x99, 0x99, 0x99, 0x99, 0x99, 0x89, 0x99, 0x99, 0x98,
  0x99, 0x99, 0x99, 0x99, 0x99, 0x99, 0x89, 0x99, 0xa8, 0x98, 0x98, 0x99, 0x99, 0x99, 0xaa, 0xaa, 0x99, 0x99, 0x99, 0x98, 0x99, 0x99, 0x99, 0x89,
  0x99, 0xa9, 0x99, 0x99, 0x99, 0x99, 0xa9, 0x99, 0x99, 0x99, 0x99, 0x99, 0x9e, 0xff, 0xfe, 0xff, 0xfe, 0x99, 0x9a, 0x99, 0x81, 0x00, 0x00, 0x00,
  0x00, 0x77, 0x88, 0x99, 0x99, 0x98, 0x99, 0x99, 0x9a, 0x9a, 0x99, 0x99, 0x99, 0x9a, 0x99, 0x99, 0x99, 0x99, 0x99, 0x98, 0x99, 0x99, 0x99, 0x99,
  0x99, 0x99, 0x99, 0x89, 0x99, 0x99, 0x99, 0x99, 0x99, 0x99, 0x99, 0x99, 0x99, 0x99, 0x99, 0x9a, 0x99, 0x9a, 0x99, 0x89, 0x98, 0x99, 0x89, 0x99,
  0x99, 0x99, 0x98, 0x99, 0xa9, 0x99, 0xa9, 0x99, 0x99, 0x99, 0x99, 0x99, 0x99, 0x99, 0x99, 0x99, 0x99, 0x9a, 0x99, 0x99, 0x99, 0x99, 0x99, 0xa9,
  0x9a, 0x99, 0x99, 0x99, 0x99, 0x99, 0xa9, 0x99, 0x99, 0x99, 0x99, 0x99, 0x99, 0x99, 0x99, 0x99, 0x99, 0x99, 0x9a, 0x99, 0x99, 0x99, 0x99, 0x99,
  0xa9, 0x99, 0x99, 0x99, 0x98, 0x99, 0x98, 0xef, 0xff, 0xef, 0xff, 0xef, 0xf9, 0x99, 0x88, 0x81, 0x00, 0x00, 0x00, 0x00, 0x77, 0x88, 0x89, 0x99,
  0x99, 0x9a, 0x99, 0x99, 0x99, 0x99, 0x9a, 0x99, 0x99, 0x89, 0x99, 0x99, 0x89, 0x99, 0x99, 0x99, 0x99, 0x89, 0x99, 0x89, 0x99, 0x99, 0x99, 0x88,
  0xa9, 0x99, 0x99, 0x99, 0x99, 0x89, 0x98, 0x99, 0x99, 0x99, 0x99, 0x99, 0x99, 0x99, 0x99, 0x99, 0x99, 0x99, 0x99, 0x99, 0x99, 0x99, 0x98, 0x89,
  0x99, 0x99, 0x99, 0x99, 0x99, 0x99, 0x99, 0x8a, 0x99, 0x99, 0x99, 0x99, 0x99, 0x99, 0x99, 0x99, 0x99, 0x99, 0x99, 0x99, 0x99, 0x99, 0x99, 0x99,
  0x99, 0x99, 0x89, 0x9a, 0x99, 0x99, 0x99, 0x99, 0x99, 0x99, 0x99, 0x89, 0x99, 0x99, 0x89, 0x99, 0x99, 0x99, 0x99, 0x99, 0x98, 0x99, 0x99, 0x99,
  0x99, 0x99, 0xff, 0xfe, 0xff, 0xfe, 0xff, 0xf9, 0x8a, 0x99, 0x81, 0x00, 0x00, 0x00, 0x00, 0x07, 0x79, 0x98, 0x99, 0x99, 0x99, 0x98, 0x99, 0x99,
  0x98, 0x99, 0x99, 0x89, 0x99, 0x99, 0x99, 0x99, 0x98, 0xa8, 0x99, 0x98, 0x99, 0x99, 0x99, 0xa9, 0x99, 0x98, 0x99, 0x99, 0x99, 0x99, 0x99, 0x99,
  0x99, 0x89, 0x99, 0x99, 0x99, 0x9a, 0x98, 0x99, 0x99, 0x99, 0x99, 0x99, 0x99, 0x99, 0x99, 0x99, 0x99, 0x99, 0x99, 0x99, 0x99, 0x99, 0x99, 0x99,
  0xa9, 0x99, 0x99, 0x99, 0x89, 0x99, 0x9a, 0x99, 0x99, 0x88, 0x99, 0x98, 0x99, 0x89, 0x9a, 0x99, 0x99, 0x99, 0x99, 0x99, 0x99, 0x99, 0x99, 0x99,
  0x99, 0x98, 0x99, 0xa9, 0x99, 0x99, 0x99, 0x99, 0x99, 0x99, 0x99, 0x99, 0x98, 0x99, 0x99, 0x99, 0x99, 0x99, 0x98, 0x99, 0x98, 0xff, 0xef, 0xff,
  0xef, 0xff, 0xe8, 0x99, 0xa9, 0x87, 0x00, 0x00, 0x00, 0x00, 0x01, 0x78, 0x88, 0x99, 0x99, 0x99, 0xa9, 0x98, 0xa9, 0x99, 0x99, 0x99, 0x99, 0x99,
  0x89, 0x99, 0x98, 0x99, 0xa9, 0x99, 0x89, 0x99, 0x99, 0x99, 0x99, 0x99, 0x98, 0x99, 0x99, 0x89, 0x9a, 0x99, 0x99, 0x99, 0x99, 0x99, 0x9a, 0x99,
  0x98, 0x99, 0x99, 0x99, 0xa9, 0x98, 0x99, 0x99, 0x98, 0x99, 0x99, 0x89, 0x9a, 0x99, 0x9a, 0xa9, 0x99, 0x89, 0x99, 0x89, 0x99, 0x99, 0x99, 0x99,
  0x99, 0x99, 0x99, 0x99, 0x99, 0x98, 0x99, 0x9a, 0x9a, 0x99, 0x9a, 0x99, 0x99, 0x99, 0xa9, 0x99, 0x99, 0x99, 0x89, 0x89, 0x99, 0x99, 0x99, 0x99,
  0x9a, 0x89, 0x99, 0x99, 0x98, 0x99, 0x99, 0x89, 0x99, 0x99, 0x99, 0x99, 0x99, 0x99, 0x99, 0x9f, 0xfe, 0xff, 0xfe, 0xff, 0xfe, 0xff, 0x99, 0x99,
  0x87, 0x00, 0x00, 0x00, 0x00, 0x07, 0x78, 0x88, 0x99, 0x9a, 0x99, 0x98, 0x99, 0x99, 0xa9, 0x99, 0x99, 0x98, 0x99, 0x99, 0x9a, 0x99, 0x99, 0x99,
  0x89, 0x99, 0x99, 0x99, 0x99, 0x99, 0x99, 0x99, 0x98, 0x8a, 0x99, 0x99, 0x99, 0x99, 0x99, 0x99, 0x99, 0x89, 0x99, 0x99, 0x99, 0x99, 0x99, 0x99,
  0x99, 0x99, 0x9a, 0x99, 0x98, 0x99, 0x9a, 0x99, 0x99, 0x99, 0x99, 0x99, 0x99, 0x99, 0x99, 0x99, 0xa9, 0x99, 0x99, 0x89, 0x99, 0x99, 0x99, 0x99,
  0x99, 0x99, 0x99, 0x99, 0x98, 0x99, 0x99, 0x99, 0x99, 0x99, 0x99, 0x99, 0x99, 0x99, 0x99, 0x98, 0x99, 0x99, 0x9a, 0x99, 0x98, 0x99, 0x99, 0xa9,
  0x99, 0x99, 0x99, 0x99, 0x99, 0x99, 0x99, 0x99, 0x99, 0x99, 0x99, 0xef, 0xff, 0xef, 0xff, 0xef, 0xf9, 0x99, 0x98, 0x81, 0x00, 0x00, 0x00, 0x00,
  0x00, 0x77, 0x89, 0x99, 0x99, 0x99, 0x99, 0x99, 0x89, 0x99, 0x99, 0x99, 0x99, 0x99, 0x89, 0x99, 0x89, 0x99, 0x99, 0x99, 0x99, 0x98, 0x89, 0x99,
  0x99, 0x99, 0x99, 0x99, 0x89, 0x99, 0x99, 0x99, 0x99, 0x99, 0x99, 0x89, 0xa9, 0x89, 0x99, 0x99, 0x99, 0x99, 0x99, 0x99, 0x99, 0x89, 0x99, 0x98,
  0x89, 0x99, 0x99, 0x99, 0x99, 0x99, 0x89, 0x99, 0xa9, 0x99, 0x98, 0x99, 0x99, 0x89, 0x99, 0x99, 0x99, 0x99, 0x99, 0x99, 0x99, 0x99, 0x99, 0xa9,
  0x99, 0x99, 0x89, 0x99, 0x99, 0x99, 0x99, 0x99, 0x99, 0x99, 0x99, 0x98, 0x98, 0x99, 0x99, 0x89, 0x99, 0x99, 0x99, 0x99, 0x99, 0x99, 0x88, 0x89,
  0x99, 0x89, 0x99, 0x89, 0x99, 0x99, 0xff, 0xfe, 0xff, 0xfe, 0xff, 0xf9, 0x99, 0x88, 0x71, 0x00, 0x00, 0x00, 0x00, 0x01, 0x79, 0x99, 0x99, 0x99,
  0x99, 0x88, 0x88, 0x99, 0x99, 0x99, 0x99, 0x99, 0x89, 0x99, 0x89, 0x99, 0x99, 0x99, 0x99, 0x99, 0x99, 0x99, 0x99, 0x99, 0x99, 0x89, 0x98, 0x99,
  0x99, 0x99, 0x99, 0x99, 0x99, 0xa9, 0x99, 0x99, 0x99, 0x89, 0x98, 0x99, 0x88, 0x99, 0xa9, 0x98, 0x99, 0xa9, 0x89, 0x99, 0x98, 0x9a, 0x99, 0x99,
  0x99, 0x99, 0x99, 0xa8, 0xa9, 0xa8, 0x8a, 0x99, 0x99, 0x98, 0x88, 0xa9, 0x89, 0x99, 0x99, 0x98, 0x99, 0x99, 0x99, 0x99, 0x99, 0x89, 0x99, 0x99,
  0x99, 0x99, 0x99, 0x99, 0x99, 0x99, 0x99, 0x88, 0x88, 0x89, 0x9a, 0x89, 0x89, 0x99, 0x88, 0x89, 0x99, 0x99, 0x89, 0x99, 0x99, 0x89, 0x99, 0x99,
  0x89, 0xff, 0xef, 0xff, 0xef, 0xff, 0xe9, 0x89, 0x87, 0x10, 0x00, 0x00, 0x00, 0x00, 0x07, 0x78, 0x89, 0x99, 0x99, 0x98, 0x99, 0x99, 0x99, 0x99,
  0x99, 0x89, 0x99, 0x88, 0xa9, 0x89, 0x99, 0x99, 0xa9, 0x89, 0x89, 0x99, 0x99, 0x99, 0x99, 0x99, 0x98, 0x88, 0x99, 0x9a, 0xa9, 0x99, 0xa9, 0x99,
  0x99, 0x99, 0x99, 0x99, 0x99, 0xa9, 0x99, 0x99, 0x99, 0x98, 0x98, 0x89, 0x99, 0x99, 0x99, 0x99, 0x98, 0x88, 0x99, 0x99, 0x99, 0x99, 0x98, 0x9a,
  0x98, 0x99, 0x99, 0x99, 0x99, 0x99, 0x89, 0x99, 0x99, 0x99, 0x99, 0x99, 0x99, 0x99, 0xa9, 0x99, 0x99, 0x99, 0x99, 0x99, 0x99, 0x99, 0x88, 0x88,
  0x99, 0x88, 0x99, 0x89, 0x99, 0x99, 0x99, 0x99, 0x99, 0x99, 0x99, 0x99, 0x98, 0xa9, 0x99, 0x99, 0x99, 0x99, 0x88, 0x88, 0x9e, 0xff, 0xfe, 0xff,
  0xfe, 0x99, 0x8a, 0x97, 0x10, 0x00, 0x00, 0x00, 0x00, 0x01, 0x99, 0x9a, 0x99, 0x88, 0x88, 0x99, 0x9a, 0x98, 0x99, 0x99, 0x99, 0x99, 0x99, 0x99,
  0x99, 0x99, 0x99, 0x99, 0x89, 0x98, 0x89, 0x99, 0x99, 0x99, 0x99, 0x99, 0x89, 0x99, 0x99, 0x99, 0x8a, 0x99, 0x89, 0x99, 0xa9, 0x89, 0x99, 0x99,
  0x99, 0x99, 0x98, 0x99, 0x99, 0x98, 0x99, 0x89, 0x89, 0x99, 0x99, 0x99, 0x99, 0x99, 0x99, 0x99, 0x99, 0x99, 0x89, 0x99, 0x99, 0x99, 0x89, 0x99,
  0x89, 0x98, 0x99, 0x99, 0x99, 0x99, 0x99, 0x99, 0x99, 0x99, 0x99, 0x99, 0x99, 0x99, 0x89, 0x99, 0x99, 0x99, 0x99, 0x89, 0x99, 0x99, 0x99, 0x89,
  0x99, 0x99, 0xa9, 0x89, 0x99, 0x89, 0x89, 0x99, 0x99, 0x98, 0x99, 0x88, 0x88, 0x89, 0x99, 0x99, 0xff, 0xef, 0xff, 0xe9, 0x99, 0x89, 0x97, 0x10,
  0x00, 0x00, 0x00, 0x00, 0x01, 0x98, 0x88, 0x99, 0x88, 0x89, 0x99, 0x89, 0x89, 0x99, 0x88, 0x89, 0x99, 0x99, 0x99, 0x89, 0x89, 0x99, 0x88, 0x88,
  0x99, 0x89, 0x99, 0x99, 0x99, 0x9a, 0x99, 0x99, 0x88, 0x89, 0x99, 0x99, 0x98, 0x99, 0x88, 0x88, 0x98, 0x98, 0x99, 0x99, 0x98, 0x89, 0x99, 0x99,
  0x89, 0x89, 0x88, 0x88, 0x88, 0x88, 0x99, 0x99, 0x99, 0x99, 0x8a, 0x99, 0x88, 0x88, 0x99, 0x98, 0x98, 0x88, 0x99, 0x89, 0x88, 0x89, 0x99, 0x88,
  0x89, 0x88, 0x99, 0x99, 0xa9, 0x89, 0x99, 0x99, 0x99, 0x9a, 0x99, 0x99, 0x99, 0x99, 0x88, 0x88, 0x88, 0x88, 0x99, 0x88, 0x89, 0x98, 0x88, 0x88,
  0x88, 0x88, 0x89, 0x88, 0x99, 0x88, 0x99, 0x98, 0x88, 0x99, 0x99, 0x99, 0x8f, 0x88, 0x99, 0x99, 0x88, 0x97, 0x70, 0x00, 0x00, 0x00, 0x10, 0x77,
  0x88, 0x89, 0x89, 0x88, 0x98, 0x89, 0x99, 0x88, 0x88, 0x88, 0x99, 0x98, 0x88, 0x88, 0x88, 0x99, 0x99, 0x88, 0x88, 0x88, 0x88, 0xa8, 0x99, 0x99,
  0x99, 0x89, 0x98, 0x89, 0x88, 0x98, 0x98, 0x87, 0x77, 0x98, 0x99, 0x89, 0x98, 0x98, 0x89, 0x79, 0x98, 0x99, 0x98, 0x98, 0x99, 0x99, 0x99, 0x88,
  0x88, 0x98, 0x88, 0x99, 0x99, 0x88, 0x88, 0x88, 0x88, 0x99, 0x88, 0x89, 0x77, 0x78, 0x88, 0x98, 0x98, 0x89, 0x89, 0x88, 0x88, 0x98, 0x99, 0x99,
  0x99, 0x88, 0x89, 0x9a, 0x99, 0x99, 0x89, 0x99, 0x99, 0x88, 0x89, 0x98, 0x89, 0x88, 0x88, 0x99, 0x98, 0x89, 0x88, 0x97, 0x77, 0x88, 0x88, 0x89,
  0x88, 0x88, 0x88, 0x98, 0x89, 0x99, 0x89, 0x88, 0x88, 0x9a, 0x99, 0x88, 0x71, 0x00, 0x00, 0x00, 0x00, 0x07, 0x79, 0x77, 0x78, 0x89, 0x17, 0x77,
  0x77, 0x11, 0x71, 0x77, 0x17, 0x19, 0x89, 0x89, 0x88, 0x88, 0x99, 0x99, 0x99, 0x89, 0x98, 0x98, 0x88, 0x99, 0x89, 0x88, 0x88, 0x88, 0x88, 0x87,
  0x77, 0x11, 0x17, 0x17, 0x11, 0x17, 0x77, 0x77, 0x77, 0x77, 0x78, 0x99, 0x88, 0x77, 0x78, 0x98, 0x88, 0x88, 0x89, 0x99, 0x98, 0x88, 0x99, 0x98,
  0x87, 0x88, 0x97, 0x77, 0x99, 0x87, 0x77, 0x11, 0x78, 0x98, 0x11, 0x78, 0x99, 0x17, 0x17, 0x77, 0x89, 0x97, 0x77, 0x88, 0x98, 0x98, 0x88, 0x99,
  0x99, 0x99, 0x99, 0x89, 0x99, 0x98, 0x88, 0x88, 0x99, 0x89, 0x88, 0x87, 0x77, 0x77, 0x78, 0x89, 0x88, 0x87, 0x77, 0x78, 0x88, 0x98, 0x77, 0x79,
  0x99, 0x89, 0x99, 0x88, 0x99, 0x99, 0x89, 0x70, 0x00, 0x00, 0x00, 0x00, 0x07, 0x78, 0x71, 0x07, 0x77, 0x00, 0x01, 0x77, 0x00, 0x00, 0x00, 0x00,
  0x08, 0x98, 0x77, 0x77, 0x77, 0x89, 0x99, 0x88, 0x98, 0x97, 0x77, 0x77, 0x77, 0x77, 0x88, 0x77, 0x77, 0x88, 0x97, 0x10, 0x00, 0x00, 0x00, 0x00,
  0x01, 0x11, 0x71, 0x17, 0x17, 0x77, 0x77, 0x77, 0x71, 0x77, 0x89, 0x98, 0x97, 0x77, 0x88, 0x98, 0x98, 0x88, 0x87, 0x77, 0x77, 0x77, 0x11, 0x89,
  0x91, 0x11, 0x00, 0x07, 0x77, 0x00, 0x07, 0x77, 0x00, 0x00, 0x71, 0x89, 0x91, 0x77, 0x78, 0x97, 0x77, 0x77, 0x78, 0x88, 0x98, 0x97, 0x77, 0x88,
  0x88, 0x99, 0x77, 0x77, 0x77, 0x77, 0x71, 0x11, 0x11, 0x77, 0x77, 0x77, 0x71, 0x71, 0x17, 0x78, 0x88, 0x77, 0x77, 0x89, 0x77, 0x77, 0x77, 0x89,
  0x89, 0x99, 0x10, 0x00, 0x00, 0x00, 0x00, 0x00, 0x17, 0x00, 0x01, 0x77, 0x00, 0x00, 0x00, 0x00, 0x00, 0x00, 0x00, 0x07, 0x77, 0x71, 0x17, 0x77,
  0x79, 0x98, 0x88, 0x77, 0x77, 0x77, 0x11, 0x11, 0x77, 0x77, 0x17, 0x11, 0x77, 0x70, 0x00, 0x00, 0x00, 0x00, 0x00, 0x00, 0x00, 0x00, 0x00, 0x00,
  0x01, 0x71, 0x17, 0x00, 0x07, 0x77, 0x88, 0x87, 0x71, 0x89, 0x87, 0x77, 0x88, 0x97, 0x10, 0x11, 0x10, 0x00, 0x77, 0x70, 0x00, 0x00, 0x01, 0x71,
  0x00, 0x07, 0x17, 0x00, 0x00, 0x00, 0x77, 0x70, 0x00, 0x17, 0x77, 0x17, 0x11, 0x18, 0x98, 0x89, 0x87, 0x71, 0x98, 0x77, 0x77, 0x77, 0x17, 0x11,
  0x11, 0x70, 0x00, 0x00, 0x01, 0x77, 0x71, 0x70, 0x00, 0x01, 0x77, 0x77, 0x00, 0x01, 0x77, 0x11, 0x77, 0x17, 0x88, 0x97, 0x77, 0x00, 0x00, 0x00,
  0x00, 0x00, 0x00, 0x00, 0x00, 0x00, 0x00, 0x00, 0x00, 0x00, 0x00, 0x00, 0x00, 0x00, 0x00, 0x00, 0x00, 0x00, 0x00, 0x01, 0x10, 0x00, 0x71, 0x17,
  0x77, 0x00, 0x07, 0x77, 0x00, 0x00, 0x00, 0x00, 0x00, 0x00, 0x00, 0x00, 0x00, 0x00, 0x00, 0x00, 0x00, 0x00, 0x00, 0x00, 0x07, 0x11, 0x00, 0x00,
  0x11, 0x77, 0x71, 0x71, 0x00, 0x07, 0x77, 0x00, 0x01, 0x70, 0x00, 0x00, 0x00, 0x71, 0x10, 0x00, 0x00, 0x00, 0x00, 0x00, 0x00, 0x00, 0x00, 0x00,
  0x00, 0x00, 0x00, 0x00, 0x17, 0x77, 0x77, 0x77, 0x77, 0x77, 0x77, 0x11, 0x71, 0x77, 0x70, 0x00, 0x00, 0x00, 0x00, 0x00, 0x00, 0x00, 0x00, 0x00,
  0x00, 0x00, 0x00, 0x00, 0x00, 0x00, 0x00, 0x00, 0x00, 0x17, 0x77, 0x77, 0x77, 0x11, 0x70, 0x00, 0x77, 0x00, 0x00, 0x00, 0x00, 0x00, 0x00, 0x00,
  0x00, 0x00, 0x00, 0x00, 0x00, 0x00, 0x00, 0x00, 0x00, 0x00, 0x00, 0x00, 0x00, 0x00, 0x00, 0x00, 0x00, 0x00, 0x01, 0x11, 0x00, 0x01, 0x11, 0x00,
  0x00, 0x00, 0x00, 0x00, 0x00, 0x00, 0x00, 0x00, 0x00, 0x00, 0x00, 0x00, 0x00, 0x00, 0x00, 0x00, 0x00, 0x00, 0x00, 0x00, 0x11, 0x70, 0x00, 0x00,
  0x07, 0x71, 0x00, 0x00, 0x00, 0x00, 0x00, 0x00, 0x00, 0x00, 0x00, 0x00, 0x00, 0x00, 0x00, 0x00, 0x00, 0x00, 0x00, 0x00, 0x00, 0x00, 0x00, 0x07,
  0x77, 0x17, 0x71, 0x10, 0x00, 0x00, 0x00, 0x00, 0x11, 0x00, 0x00, 0x00, 0x00, 0x00, 0x00, 0x00, 0x00, 0x00, 0x00, 0x00, 0x00, 0x00, 0x00, 0x00,
  0x00, 0x00, 0x00, 0x00, 0x00, 0x17, 0x17, 0x11, 0x00, 0x00, 0x00, 0x10, 0x00, 0x00, 0x00, 0x00, 0x00, 0x00, 0x00, 0x00, 0x00, 0x00, 0x00, 0x00,
  0x00, 0x00, 0x00, 0x00, 0x00, 0x00, 0x00, 0x00, 0x00, 0x00, 0x00, 0x00, 0x00, 0x00, 0x00, 0x00, 0x00, 0x00, 0x00, 0x00, 0x00, 0x00, 0x00, 0x00,
  0x00, 0x00, 0x00, 0x00, 0x00, 0x00, 0x00, 0x00, 0x00, 0x00, 0x00, 0x00, 0x00, 0x00, 0x00, 0x00, 0x00, 0x00, 0x00, 0x00, 0x00, 0x00, 0x00, 0x00,
  0x00, 0x00, 0x00, 0x00, 0x00, 0x00, 0x00, 0x00, 0x00, 0x00, 0x00, 0x00, 0x00, 0x00, 0x00, 0x00, 0x00, 0x00, 0x00, 0x00, 0x00, 0x00, 0x00, 0x00,
  0x00, 0x00, 0x00, 0x00, 0x00, 0x00, 0x00, 0x00, 0x00, 0x00, 0x00, 0x00, 0x00, 0x00, 0x00, 0x00, 0x00, 0x00, 0x00, 0x00, 0x00, 0x00, 0x00, 0x00,
  0x00, 0x00, 0x00, 0x00, 0x00, 0x00, 0x00, 0x00, 0x00, 0x00, 0x00, 0x00, 0x00, 0x00, 0x00, 0x00, 0x00, 0x00, 0x00, 0x00, 0x00, 0x00, 0x00, 0x00,
  0x00, 0x00, 0x00, 0x00, 0x00, 0x00, 0x00, 0x00, 0x00, 0x00, 0x00, 0x00, 0x00, 0x00, 0x00, 0x00, 0x00, 0x00, 0x00, 0x00, 0x00, 0x00, 0x00, 0x00,
  0x00, 0x00, 0x00, 0x00, 0x00, 0x00, 0x00, 0x00, 0x00, 0x00, 0x00, 0x00, 0x00, 0x00, 0x00, 0x00, 0x00, 0x00, 0x00, 0x00, 0x00, 0x00, 0x00, 0x00,
  0x00, 0x00, 0x00, 0x00, 0x00, 0x00, 0x00, 0x00, 0x00, 0x00, 0x00, 0x00, 0x00, 0x00, 0x00, 0x00, 0x00, 0x00, 0x00, 0x00, 0x00, 0x00, 0x00, 0x00,
  0x00, 0x00, 0x00, 0x00, 0x00, 0x00, 0x00, 0x00, 0x00, 0x00, 0x00, 0x00, 0x00, 0x00, 0x00, 0x00, 0x00, 0x00, 0x00, 0x00, 0x00, 0x00, 0x00, 0x00,
  0x00, 0x00, 0x00, 0x00, 0x00,
};
const lv_img_dsc_t rune_scroll_quest = {
  {LV_IMG_CF_INDEXED_4BIT, 0, 0, 230, 31},
  3629,
  rune_scroll_quest_map
};

const uint8_t rune_scroll_slot_map[] = {
  0x00, 0x00, 0x00, 0x00, 0x1a, 0x1d, 0x1e, 0xff, 0x28, 0x2e, 0x30, 0xff, 0x39, 0x40, 0x42, 0xff, 0x4b, 0x53, 0x55, 0xff, 0x5e, 0x68, 0x6b, 0xff,
  0x73, 0x82, 0x86, 0xff, 0x44, 0x57, 0x68, 0xff, 0x66, 0x83, 0x97, 0xff, 0x87, 0xa7, 0xba, 0xff, 0x9c, 0xc0, 0xd2, 0xff, 0xae, 0xd2, 0xe4, 0xff,
  0x56, 0x6b, 0x72, 0xff, 0x49, 0x79, 0x68, 0xff, 0x51, 0xa1, 0xcc, 0xff, 0x31, 0x40, 0x8f, 0xff, 0x00, 0x00, 0x00, 0x00, 0x00, 0x00, 0x00, 0x00,
  0x00, 0x00, 0x00, 0x00, 0x00, 0x00, 0x00, 0x00, 0x00, 0x00, 0x00, 0x00, 0x00, 0x00, 0x00, 0x00, 0x00, 0x00, 0x00, 0x00, 0x00, 0x00, 0x00, 0x00,
  0x00, 0x00, 0x00, 0x00, 0x00, 0x00, 0x00, 0x00, 0x00, 0x00, 0x00, 0x00, 0x00, 0x00, 0x00, 0x00, 0x00, 0x00, 0x00, 0x00, 0x00, 0x00, 0x00, 0x00,
  0x00, 0x00, 0x00, 0x00, 0x00, 0x00, 0x00, 0x00, 0x00, 0x00, 0x00, 0x00, 0x00, 0x00, 0x00, 0x00, 0x00, 0x00, 0x07, 0x71, 0x00, 0x00, 0x00, 0x00,
  0x00, 0x00, 0x00, 0x00, 0x00, 0x00, 0x00, 0x00, 0x00, 0x00, 0x00, 0x00, 0x00, 0x00, 0x00, 0x00, 0x00, 0x00, 0x00, 0x00, 0x00, 0x00, 0x00, 0x00,
  0x00, 0x00, 0x00, 0x00, 0x77, 0x71, 0x71, 0x00, 0x07, 0x77, 0x00, 0x01, 0x11, 0x00, 0x01, 0x77, 0x00, 0x00, 0x00, 0x00, 0x00, 0x00, 0x00, 0x00,
  0x00, 0x00, 0x70, 0x00, 0x00, 0x00, 0x01, 0x77, 0x71, 0x00, 0x00, 0x00, 0x00, 0x00, 0x00, 0x79, 0x87, 0x77, 0x71, 0x19, 0x88, 0x17, 0x77, 0x77,
  0x11, 0x17, 0x77, 0x10, 0x00, 0x00, 0x71, 0x70, 0x00, 0x00, 0x00, 0x00, 0x71, 0x71, 0x17, 0x11, 0x17, 0x77, 0x89, 0x87, 0x00, 0x00, 0x00, 0x00,
  0x00, 0x07, 0x88, 0x89, 0x88, 0x77, 0x79, 0x99, 0x77, 0x78, 0x89, 0x77, 0x79, 0x88, 0x71, 0x70, 0x00, 0x77, 0x70, 0x00, 0x00, 0x00, 0x00, 0x77,
  0x87, 0x77, 0x77, 0x77, 0x78, 0x99, 0x87, 0x70, 0x00, 0x00, 0x00, 0x00, 0x00, 0x98, 0xa9, 0x99, 0x99, 0x98, 0x98, 0xaa, 0xa7, 0x77, 0x77, 0x77,
  0x77, 0x87, 0x71, 0x11, 0x11, 0x78, 0x88, 0x77, 0x71, 0x71, 0x88, 0x98, 0x89, 0x89, 0x89, 0x88, 0x99, 0x87, 0x10, 0x00, 0x00, 0x00, 0x00, 0x00,
  0x89, 0xa9, 0x88, 0x99, 0x99, 0x99, 0x99, 0x98, 0x89, 0x88, 0x98, 0x88, 0x89, 0x87, 0x77, 0x77, 0x78, 0x88, 0x89, 0x87, 0x77, 0x89, 0x99, 0x88,
  0x99, 0x99, 0x99, 0x99, 0x99, 0x87, 0x00, 0x00, 0x00, 0x00, 0x00, 0x89, 0x98, 0x99, 0x99, 0xa9, 0x99, 0x99, 0xa9, 0x88, 0x99, 0x89, 0x88, 0x98,
  0x88, 0x88, 0x88, 0x88, 0xaa, 0x88, 0x88, 0x98, 0xaa, 0xaa, 0x89, 0x99, 0x9a, 0x99, 0xa9, 0x98, 0x87, 0x00, 0x00, 0x00, 0x00, 0x07, 0x98, 0x9a,
  0x8a, 0x89, 0x98, 0x99, 0x99, 0x99, 0x99, 0xaa, 0xaa, 0x99, 0x99, 0x98, 0x89, 0x89, 0x99, 0xaa, 0xaa, 0x99, 0x9a, 0x98, 0xaa, 0xaa, 0xaa, 0x99,
  0x98, 0x9a, 0x88, 0x99, 0x70, 0x00, 0x00, 0x00, 0x01, 0x88, 0x99, 0x99, 0x99, 0x99, 0x99, 0xaa, 0xaa, 0xaa, 0xa9, 0xa9, 0x99, 0x99, 0xaa, 0xaa,
  0x89, 0x99, 0x99, 0x99, 0xaa, 0xaa, 0x99, 0x99, 0x89, 0x99, 0x99, 0x99, 0x99, 0x89, 0x88, 0x10, 0x00, 0x00, 0x00, 0x07, 0x98, 0x99, 0x99, 0x99,
  0x99, 0x99, 0x99, 0xa9, 0x99, 0x99, 0x99, 0x99, 0x9a, 0x99, 0x99, 0x99, 0x99, 0x99, 0x89, 0x99, 0x99, 0x99, 0x99, 0x99, 0xaa, 0x99, 0x9a, 0x99,
  0x98, 0x88, 0x10, 0x00, 0x00, 0x00, 0x00, 0x88, 0x99, 0x99, 0x99, 0x99, 0x99, 0x99, 0x99, 0x99, 0x99, 0x99, 0x99, 0x99, 0x99, 0x99, 0x99, 0x99,
  0xaa, 0x99, 0x89, 0x99, 0x89, 0x99, 0x99, 0x99, 0x99, 0x99, 0x99, 0x99, 0x71, 0x71, 0x00, 0x00, 0x00, 0x00, 0x98, 0x99, 0x99, 0x99, 0xa9, 0x99,
  0x98, 0xa9, 0x99, 0x99, 0x89, 0x98, 0x98, 0x89, 0x99, 0x99, 0x89, 0x99, 0x99, 0x99, 0xa9, 0x99, 0x99, 0x99, 0x99, 0x98, 0x99, 0x99, 0xa8, 0x77,
  0x77, 0x00, 0x00, 0x00, 0x00, 0x98, 0x98, 0x99, 0x99, 0x99, 0x9a, 0x99, 0x99, 0x99, 0x99, 0x99, 0x89, 0x99, 0x99, 0x99, 0x99, 0x99, 0x99, 0x99,
  0x99, 0x99, 0x99, 0x89, 0x99, 0x99, 0x99, 0x99, 0x99, 0x98, 0x71, 0x71, 0x00, 0x00, 0x07, 0x79, 0x88, 0x89, 0x99, 0x98, 0x99, 0x99, 0x9a, 0xa9,
  0x99, 0x9a, 0x99, 0x99, 0x99, 0x99, 0x99, 0x98, 0x99, 0x99, 0x99, 0x99, 0x99, 0x99, 0x99, 0x9a, 0x99, 0x99, 0x99, 0x98, 0x88, 0x97, 0x00, 0x00,
  0x00, 0x01, 0x79, 0x89, 0x99, 0xa9, 0x99, 0x99, 0x99, 0x99, 0x9a, 0x99, 0x99, 0x99, 0x99, 0x99, 0x99, 0x99, 0x99, 0x98, 0x98, 0x99, 0x99, 0xa9,
  0x98, 0x98, 0x99, 0x99, 0x99, 0x99, 0x98, 0x88, 0x97, 0x00, 0x00, 0x00, 0x07, 0x79, 0x89, 0x99, 0x99, 0xa9, 0x99, 0x99, 0x9a, 0x99, 0x99, 0x99,
  0x89, 0x98, 0x9a, 0x99, 0x99, 0x99, 0x99, 0xa9, 0x99, 0x99, 0x99, 0x99, 0x99, 0x89, 0x99, 0x99, 0x98, 0x99, 0x88, 0x87, 0x00, 0x00, 0x00, 0x00,
  0x01, 0x78, 0x88, 0x99, 0x8a, 0x9a, 0x89, 0x99, 0x99, 0x98, 0x99, 0x89, 0x99, 0x99, 0xa9, 0x99, 0x99, 0x99, 0x99, 0x99, 0xa9, 0x99, 0x99, 0x99,
  0x99, 0x99, 0x99, 0xa9, 0x99, 0x88, 0x87, 0x10, 0x00, 0x00, 0x70, 0x77, 0x88, 0x99, 0x99, 0x99, 0x99, 0x99, 0x99, 0x98, 0x99, 0x99, 0x89, 0xa9,
  0x89, 0x99, 0x88, 0x99, 0x98, 0x99, 0x99, 0x98, 0x99, 0x89, 0x99, 0x99, 0x99, 0x99, 0x9a, 0x89, 0x78, 0x77, 0x00, 0x00, 0x00, 0x10, 0x77, 0x88,
  0x99, 0xa9, 0x99, 0x99, 0x99, 0x99, 0x89, 0x99, 0x99, 0x99, 0x99, 0x89, 0x9a, 0xa9, 0x99, 0x89, 0xa9, 0x99, 0x99, 0x99, 0x99, 0x88, 0x99, 0x99,
  0x99, 0x99, 0x89, 0x79, 0x71, 0x00, 0x00, 0x00, 0x10, 0x17, 0x99, 0x9a, 0xa9, 0x89, 0xa9, 0x99, 0x99, 0x99, 0x99, 0x99, 0x99, 0xa9, 0x99, 0xa9,
  0x99, 0x89, 0x89, 0x99, 0x99, 0x98, 0x99, 0x99, 0x99, 0x99, 0x99, 0x99, 0x89, 0x99, 0x77, 0x10, 0x00, 0x00, 0x00, 0x10, 0x17, 0x98, 0x99, 0x99,
  0x99, 0x99, 0x89, 0x99, 0x99, 0x98, 0x99, 0x99, 0x99, 0x99, 0x99, 0x99, 0x99, 0x98, 0x99, 0x99, 0x99, 0x99, 0x98, 0x99, 0x99, 0x99, 0x99, 0xa9,
  0x88, 0x77, 0x10, 0x00, 0x00, 0x00, 0x10, 0x77, 0xa9, 0x99, 0x99, 0x99, 0xa8, 0x99, 0xa9, 0xa9, 0x99, 0x89, 0x99, 0x89, 0x99, 0x99, 0x89, 0x89,
  0x99, 0x98, 0x99, 0x98, 0x99, 0x99, 0x99, 0x99, 0x99, 0xa9, 0x99, 0x88, 0x77, 0x10, 0x00, 0x00, 0x00, 0x00, 0x17, 0x99, 0x99, 0x99, 0x99, 0x9a,
  0x99, 0x9a, 0x89, 0x99, 0x89, 0x99, 0x99, 0x99, 0x99, 0x99, 0x89, 0x99, 0x99, 0x99, 0x99, 0x99, 0x99, 0x99, 0x99, 0x99, 0x99, 0x99, 0x89, 0x78,
  0x77, 0x00, 0x00, 0x00, 0x00, 0x77, 0x99, 0x99, 0x99, 0x99, 0x99, 0x99, 0x89, 0x99, 0x99, 0x99, 0x99, 0x8a, 0x99, 0x89, 0x89, 0x9a, 0x99, 0x99,
  0x99, 0x99, 0x99, 0x99, 0x99, 0x99, 0x98, 0x99, 0x99, 0x89, 0x78, 0x77, 0x00, 0x00, 0x00, 0x00, 0x17, 0x99, 0x99, 0x99, 0x98, 0x99, 0x98, 0x99,
  0x99, 0x99, 0x99, 0x99, 0x98, 0x99, 0x99, 0xa9, 0xaa, 0x99, 0x99, 0x98, 0x99, 0x98, 0x99, 0x99, 0x99, 0x99, 0x99, 0x9a, 0x99, 0x78, 0x77, 0x00,
  0x00, 0x00, 0x01, 0x78, 0x99, 0x99, 0x99, 0x8a, 0xa9, 0x98, 0x99, 0x99, 0x98, 0x99, 0x99, 0x99, 0x99, 0x99, 0xa8, 0x99, 0x99, 0x99, 0x99, 0x99,
  0x99, 0x99, 0x99, 0x99, 0x89, 0x99, 0x98, 0x9a, 0x87, 0x10, 0x00, 0x00, 0x00, 0x01, 0x79, 0x99, 0x99, 0x99, 0x99, 0x99, 0x99, 0x99, 0x99, 0xa9,
  0x99, 0x99, 0x99, 0x99, 0x99, 0x89, 0x99, 0xaa, 0x99, 0x99, 0x99, 0x99, 0x99, 0x99, 0x9a, 0xa9, 0x99, 0x99, 0x99, 0x97, 0x70, 0x00, 0x00, 0x00,
  0x01, 0x79, 0x99, 0x99, 0x89, 0x89, 0xa9, 0x98, 0x99, 0x99, 0x99, 0x98, 0x99, 0x99, 0x99, 0x99, 0x99, 0x99, 0x99, 0x9a, 0x99, 0x99, 0x98, 0x9a,
  0x99, 0x99, 0x99, 0x99, 0x99, 0x99, 0x97, 0x70, 0x00, 0x00, 0x00, 0x00, 0x17, 0x77, 0x99, 0x99, 0x99, 0x99, 0x89, 0x99, 0x99, 0x89, 0x98, 0x99,
  0x9a, 0x99, 0x99, 0x99, 0x89, 0xa9, 0x99, 0x99, 0x99, 0x99, 0x99, 0x99, 0x99, 0x99, 0x89, 0x9a, 0x99, 0x99, 0x98, 0x00, 0x00, 0x00, 0x00, 0x77,
  0x17, 0x89, 0x99, 0x89, 0x99, 0x99, 0x99, 0x99, 0x99, 0x99, 0x99, 0x99, 0x99, 0x89, 0x98, 0x99, 0x99, 0x89, 0x98, 0x99, 0x99, 0x99, 0x99, 0x9a,
  0x99, 0x99, 0x99, 0x99, 0x99, 0x88, 0x00, 0x00, 0x00, 0x00, 0x17, 0x17, 0x99, 0x99, 0x99, 0x99, 0x89, 0x99, 0x99, 0x9a, 0x99, 0x98, 0x99, 0x99,
  0x89, 0x99, 0x99, 0x99, 0x99, 0x99, 0x99, 0x99, 0x99, 0x99, 0x99, 0x99, 0x99, 0x99, 0x99, 0x99, 0x88, 0x00, 0x00, 0x00, 0x00, 0x00, 0x88, 0x99,
  0x99, 0x99, 0x99, 0x99, 0x89, 0x99, 0x99, 0x99, 0x89, 0x99, 0xa9, 0x99, 0x99, 0x99, 0x99, 0x99, 0x98, 0x99, 0x89, 0x9a, 0x99, 0x99, 0x99, 0x99,
  0x98, 0x99, 0x99, 0x88, 0x10, 0x00, 0x00, 0x00, 0x00, 0x88, 0x98, 0x99, 0x99, 0x98, 0x99, 0x99, 0x99, 0x99, 0x98, 0x99, 0x99, 0x99, 0x99, 0x99,
  0x99, 0x99, 0x99, 0x99, 0x99, 0x99, 0x99, 0x9a, 0x89, 0xa9, 0x99, 0x99, 0x99, 0x99, 0x88, 0x70, 0x00, 0x00, 0x00, 0x00, 0x89, 0x99, 0x89, 0x99,
  0x99, 0x98, 0x99, 0x9a, 0xa9, 0x99, 0x99, 0xa9, 0x99, 0x99, 0x99, 0x99, 0x99, 0x99, 0x99, 0x99, 0x99, 0x99, 0x99, 0x99, 0x99, 0x98, 0x99, 0x9a,
  0x99, 0x98, 0x70, 0x00, 0x00, 0x00, 0x77, 0x78, 0x89, 0x99, 0x99, 0x99, 0x99, 0x99, 0x99, 0x98, 0x99, 0x89, 0x99, 0x99, 0x99, 0x89, 0x89, 0x99,
  0x99, 0x99, 0x99, 0x89, 0x99, 0x99, 0x98, 0x99, 0x99, 0xa9, 0x99, 0x98, 0x77, 0x77, 0x00, 0x00, 0x00, 0x17, 0x79, 0x99, 0x99, 0x98, 0x99, 0x99,
  0x9a, 0x99, 0x99, 0x99, 0x99, 0x99, 0x99, 0x99, 0x99, 0x99, 0x99, 0x99, 0x99, 0x99, 0x98, 0xa9, 0x99, 0x99, 0x99, 0x99, 0x99, 0x99, 0x99, 0x77,
  0x71, 0x00, 0x00, 0x07, 0x78, 0x88, 0x99, 0x99, 0x99, 0x89, 0x98, 0x99, 0x99, 0x99, 0x99, 0x99, 0x99, 0x99, 0x88, 0x99, 0x9a, 0x99, 0x99, 0x99,
  0x99, 0x99, 0x99, 0x99, 0x99, 0x99, 0x98, 0x99, 0x99, 0x97, 0x10, 0x10, 0x00, 0x00, 0x00, 0x01, 0x89, 0x99, 0x99, 0x99, 0x99, 0x99, 0x99, 0x99,
  0x99, 0x99, 0x99, 0x99, 0x99, 0x99, 0x99, 0x98, 0x99, 0x99, 0x99, 0x98, 0x99, 0x99, 0x98, 0x99, 0x99, 0xa9, 0x99, 0x99, 0x88, 0x71, 0x00, 0x00,
  0x00, 0x00, 0x01, 0x89, 0x99, 0xaa, 0x99, 0x89, 0x99, 0x99, 0x99, 0x99, 0x99, 0x99, 0x99, 0x99, 0x99, 0x98, 0x99, 0x99, 0x99, 0x99, 0x99, 0x99,
  0x98, 0x99, 0xa9, 0x99, 0x99, 0x99, 0x89, 0x98, 0x71, 0x00, 0x00, 0x00, 0x00, 0x07, 0x88, 0x99, 0x99, 0x99, 0x99, 0x9a, 0x99, 0x99, 0x99, 0x99,
  0x89, 0x99, 0x99, 0x9a, 0x99, 0x89, 0x99, 0x98, 0x99, 0x99, 0x9a, 0x99, 0x99, 0x99, 0xa9, 0x99, 0x99, 0x99, 0x98, 0x71, 0x00, 0x00, 0x00, 0x07,
  0x89, 0x89, 0x9a, 0x99, 0x99, 0x89, 0x9a, 0x9a, 0x89, 0x99, 0x99, 0x99, 0x99, 0x99, 0x99, 0x9a, 0x99, 0x99, 0x99, 0x98, 0x99, 0x99, 0x99, 0x9a,
  0x88, 0x99, 0x9a, 0x98, 0x98, 0x78, 0x71, 0x00, 0x00, 0x00, 0x07, 0x88, 0x89, 0xa9, 0x99, 0x98, 0x98, 0x99, 0xa9, 0x99, 0x99, 0x98, 0x99, 0xa9,
  0x99, 0x99, 0xa9, 0x99, 0x99, 0xa9, 0x99, 0x99, 0x99, 0x99, 0x98, 0x99, 0x99, 0x99, 0x9a, 0x98, 0x78, 0x71, 0x00, 0x00, 0x00, 0x07, 0x89, 0x99,
  0x99, 0x99, 0x99, 0x99, 0x99, 0x99, 0x99, 0x9a, 0x99, 0x99, 0x99, 0x98, 0x98, 0x9a, 0xa9, 0x99, 0x99, 0x99, 0x99, 0x99, 0x99, 0x99, 0x99, 0x99,
  0x99, 0x89, 0x88, 0x78, 0x77, 0x00, 0x00, 0x00, 0x10, 0x17, 0x98, 0x98, 0x99, 0x99, 0x99, 0x98, 0x99, 0x99, 0x99, 0x99, 0x99, 0x99, 0x99, 0x99,
  0x99, 0x99, 0x99, 0x99, 0x98, 0x99, 0x99, 0xa9, 0x99, 0x99, 0x88, 0x99, 0x99, 0x98, 0x89, 0x71, 0x00, 0x00, 0x00, 0x10, 0x17, 0x88, 0x99, 0x99,
  0xa8, 0x99, 0x9a, 0xa9, 0x99, 0x99, 0x99, 0x99, 0x99, 0x99, 0xa9, 0x99, 0x99, 0x99, 0x99, 0x99, 0x99, 0x89, 0x99, 0x99, 0x99, 0x99, 0xa9, 0x99,
  0x89, 0x98, 0x71, 0x00, 0x00, 0x00, 0x70, 0x77, 0x89, 0xa9, 0x99, 0xa8, 0x99, 0x99, 0x99, 0x99, 0x99, 0x99, 0x99, 0x99, 0x99, 0x99, 0x99, 0x99,
  0x9a, 0x98, 0xa9, 0x98, 0x99, 0x99, 0x99, 0x99, 0x99, 0x98, 0x99, 0x98, 0x98, 0x71, 0x00, 0x00, 0x00, 0x00, 0x77, 0x88, 0x99, 0x99, 0x99, 0x99,
  0x99, 0x99, 0x99, 0x99, 0x99, 0x99, 0x99, 0x99, 0x98, 0x99, 0x99, 0x98, 0xa9, 0x98, 0x98, 0x99, 0x99, 0x99, 0x99, 0x99, 0x99, 0x89, 0x98, 0x87,
  0x10, 0x00, 0x00, 0x00, 0x00, 0x17, 0x88, 0x9a, 0x98, 0x99, 0x99, 0xa9, 0x99, 0x89, 0x99, 0x89, 0x99, 0x99, 0x99, 0x99, 0x99, 0x88, 0x99, 0xa8,
  0x99, 0x99, 0x89, 0x99, 0x99, 0x89, 0x98, 0x99, 0x99, 0x99, 0x87, 0x10, 0x00, 0x00, 0x00, 0x00, 0x07, 0x79, 0x89, 0x9a, 0x99, 0x98, 0x99, 0x99,
  0x99, 0x99, 0x99, 0x99, 0x99, 0x99, 0x99, 0x99, 0x99, 0x99, 0x99, 0x99, 0x99, 0x99, 0x89, 0x98, 0x99, 0x99, 0x99, 0x99, 0x99, 0x89, 0x77, 0x00,
  0x00, 0x00, 0x07, 0x79, 0x79, 0x89, 0x99, 0x99, 0xa9, 0x99, 0x99, 0x99, 0x99, 0xaa, 0x99, 0x99, 0x99, 0x9a, 0x99, 0x89, 0x99, 0x99, 0x99, 0x89,
  0x99, 0x99, 0x99, 0x9a, 0xa9, 0x99, 0x99, 0x99, 0x89, 0x71, 0x00, 0x00, 0x00, 0x07, 0x78, 0x78, 0x89, 0x99, 0x99, 0xa9, 0x99, 0x98, 0x99, 0x99,
  0x99, 0x98, 0x99, 0x99, 0x99, 0xa9, 0x99, 0x99, 0x99, 0x89, 0x99, 0x99, 0x99, 0x99, 0x99, 0x99, 0x99, 0x99, 0x99, 0x88, 0x71, 0x00, 0x00, 0x00,
  0x01, 0x78, 0x79, 0x88, 0x99, 0x99, 0x99, 0x99, 0x99, 0x99, 0x99, 0x89, 0x99, 0x99, 0x99, 0x89, 0x98, 0x99, 0x98, 0x99, 0x99, 0x99, 0x99, 0x99,
  0x99, 0x99, 0x99, 0x99, 0x99, 0x99, 0x98, 0x77, 0x00, 0x00, 0x00, 0x00, 0x17, 0x78, 0x89, 0x89, 0x99, 0x99, 0x9a, 0x98, 0x99, 0x98, 0x99, 0x99,
  0x99, 0x99, 0x9a, 0x89, 0x99, 0x99, 0x89, 0x99, 0x99, 0x99, 0x99, 0x99, 0x89, 0x99, 0x99, 0x99, 0x99, 0x98, 0x71, 0x00, 0x00, 0x00, 0x00, 0x17,
  0x79, 0x89, 0x99, 0x99, 0x99, 0x99, 0x99, 0x99, 0x99, 0xa9, 0x99, 0x99, 0x99, 0x98, 0x99, 0x99, 0x99, 0x99, 0x99, 0x99, 0x9a, 0x9a, 0x9a, 0x99,
  0x99, 0x98, 0x89, 0x99, 0x98, 0x71, 0x00, 0x00, 0x00, 0x00, 0x17, 0x78, 0x89, 0x99, 0x99, 0x99, 0x99, 0x99, 0x99, 0x99, 0x98, 0x99, 0x98, 0x89,
  0x99, 0x89, 0x9a, 0x99, 0x99, 0x99, 0x99, 0x99, 0xa9, 0x99, 0x99, 0x99, 0x99, 0x99, 0x99, 0x89, 0x71, 0x00, 0x00, 0x00, 0x00, 0x00, 0x77, 0x99,
  0x99, 0x99, 0x99, 0x99, 0x99, 0x99, 0x8a, 0x98, 0x99, 0x99, 0x99, 0xa9, 0x99, 0x99, 0x99, 0xa9, 0x99, 0x99, 0xa9, 0x9a, 0x99, 0x99, 0x99, 0x99,
  0x99, 0x99, 0x99, 0x77, 0x00, 0x00, 0x00, 0x00, 0x00, 0x77, 0x98, 0x89, 0x99, 0x99, 0x89, 0x99, 0x98, 0x98, 0x99, 0x99, 0x99, 0x99, 0x98, 0x99,
  0x99, 0x99, 0x98, 0xa9, 0x99, 0x99, 0x99, 0x99, 0x99, 0x89, 0x99, 0x99, 0x99, 0x98, 0x71, 0x00, 0x00, 0x00, 0x00, 0x00, 0x77, 0x98, 0x99, 0x99,
  0x99, 0xa9, 0x99, 0x99, 0x99, 0x9a, 0x99, 0x99, 0x99, 0x99, 0x99, 0x99, 0x99, 0x89, 0x99, 0x99, 0x99, 0x99, 0x99, 0x89, 0x99, 0x99, 0x99, 0x99,
  0x98, 0x71, 0x00, 0x00, 0x00, 0x00, 0x00, 0x17, 0x99, 0x99, 0x99, 0x99, 0x99, 0x99, 0x99, 0x99, 0x99, 0x99, 0x99, 0x99, 0x9a, 0x99, 0xa9, 0x99,
  0x99, 0x89, 0x99, 0x99, 0x99, 0x99, 0x99, 0x99, 0x99, 0x99, 0x89, 0x98, 0x77, 0x71, 0x00, 0x00, 0x00, 0x07, 0x78, 0x89, 0x99, 0x99, 0x98, 0xa9,
  0x99, 0x99, 0x99, 0x99, 0x99, 0x99, 0x98, 0x99, 0x99, 0x99, 0x9a, 0x99, 0x99, 0x99, 0x99, 0x89, 0x99, 0x89, 0x99, 0x99, 0x99, 0x89, 0x97, 0x10,
  0x10, 0x00, 0x00, 0x00, 0x01, 0x78, 0x99, 0x89, 0xa9, 0x99, 0x99, 0x99, 0x9a, 0x99, 0x99, 0x99, 0x99, 0x99, 0x99, 0x99, 0x99, 0x99, 0x99, 0x99,
  0x89, 0x99, 0x99, 0x99, 0x99, 0x99, 0x99, 0x99, 0x99, 0x87, 0x10, 0x70, 0x00, 0x00, 0x07, 0x78, 0x78, 0x89, 0x99, 0x99, 0x99, 0x89, 0x99, 0x99,
  0xa9, 0x99, 0x9a, 0x99, 0xa9, 0x99, 0x99, 0x99, 0x99, 0x99, 0x89, 0x99, 0x99, 0x99, 0x98, 0x99, 0x99, 0x89, 0x9a, 0x98, 0x87, 0x10, 0x10, 0x00,
  0x00, 0x01, 0x79, 0x78, 0x99, 0x99, 0x99, 0x99, 0x99, 0x99, 0x99, 0x99, 0x99, 0x99, 0x99, 0x99, 0x99, 0x99, 0x99, 0x9a, 0x98, 0x99, 0x98, 0x99,
  0x98, 0x89, 0x99, 0x99, 0x99, 0x99, 0x98, 0x97, 0x70, 0x10, 0x00, 0x00, 0x07, 0x88, 0x88, 0x99, 0x99, 0x99, 0x98, 0x99, 0x99, 0x98, 0x99, 0x99,
  0x99, 0xa9, 0x99, 0x89, 0x99, 0x9a, 0x99, 0x99, 0x99, 0x99, 0x99, 0x89, 0x99, 0x99, 0x99, 0x99, 0x99, 0x99, 0x71, 0x00, 0x00, 0x00, 0x00, 0x71,
  0x78, 0x99, 0x99, 0x99, 0x99, 0x99, 0x99, 0x99, 0x99, 0x99, 0x99, 0x99, 0x89, 0x99, 0x99, 0x99, 0x99, 0x98, 0x88, 0xa8, 0x99, 0x89, 0x99, 0x9a,
  0x98, 0x99, 0x99, 0x99, 0x99, 0x91, 0x00, 0x00, 0x00, 0x00, 0x71, 0x78, 0x99, 0x99, 0x99, 0x99, 0x99, 0x88, 0x88, 0x99, 0xa9, 0x99, 0x89, 0x98,
  0x89, 0x99, 0x99, 0x99, 0x99, 0x99, 0x99, 0x99, 0xa9, 0x99, 0x99, 0x9a, 0xa9, 0x88, 0x88, 0x98, 0x81, 0x00, 0x00, 0x00, 0x00, 0x71, 0x79, 0x88,
  0x89, 0x89, 0x88, 0x88, 0x99, 0x99, 0x88, 0x88, 0x99, 0x98, 0x99, 0x88, 0x99, 0x98, 0x99, 0x89, 0x99, 0x99, 0x88, 0x88, 0x99, 0x9a, 0x99, 0x98,
  0x99, 0x99, 0x99, 0x81, 0x00, 0x00, 0x00, 0x00, 0x17, 0x98, 0x99, 0x99, 0x99, 0x88, 0x88, 0x99, 0x89, 0x99, 0x89, 0x89, 0x99, 0x98, 0x89, 0x88,
  0x88, 0x98, 0x99, 0x99, 0x98, 0x9a, 0x99, 0x99, 0x98, 0x88, 0x99, 0xa9, 0x9a, 0x89, 0x77, 0x00, 0x00, 0x00, 0x00, 0x17, 0x99, 0x98, 0x98, 0x98,
  0x88, 0x88, 0x89, 0x77, 0x78, 0x88, 0x88, 0x88, 0x99, 0x99, 0x99, 0x99, 0x98, 0x88, 0x88, 0x99, 0x99, 0x98, 0x89, 0x88, 0x88, 0x88, 0x99, 0x98,
  0x77, 0x71, 0x00, 0x00, 0x00, 0x00, 0x07, 0x78, 0x89, 0x99, 0x98, 0x89, 0x98, 0x98, 0x71, 0x77, 0x77, 0x98, 0x87, 0x77, 0x88, 0x88, 0x88, 0x98,
  0x88, 0x88, 0x99, 0x98, 0x89, 0x98, 0x77, 0x77, 0x99, 0x98, 0x88, 0x17, 0x70, 0x00, 0x00, 0x00, 0x00, 0x00, 0x00, 0x00, 0x00, 0x00, 0x11, 0x17,
  0x77, 0x11, 0x79, 0x88, 0x71, 0x17, 0x77, 0x79, 0x87, 0x77, 0x99, 0x98, 0x99, 0x77, 0x79, 0x88, 0x98, 0x97, 0x77, 0x89, 0x87, 0x71, 0x00, 0x01,
  0x00, 0x00, 0x00, 0x00, 0x00, 0x00, 0x00, 0x00, 0x00, 0x00, 0x01, 0x71, 0x00, 0x07, 0x77, 0x00, 0x01, 0x11, 0x17, 0x71, 0x77, 0x88, 0x98, 0x88,
  0x17, 0x18, 0x88, 0x88, 0x71, 0x11, 0x77, 0x77, 0x10, 0x00, 0x00, 0x00, 0x00, 0x00, 0x00, 0x00, 0x00, 0x00, 0x00, 0x00, 0x00, 0x00, 0x00, 0x00,
  0x01, 0x71, 0x00, 0x00, 0x00, 0x01, 0x70, 0x00, 0x77, 0x77, 0x77, 0x00, 0x07, 0x77, 0x77, 0x70, 0x00, 0x17, 0x10, 0x00, 0x00, 0x00, 0x00, 0x00,
  0x00, 0x00, 0x00, 0x00, 0x00, 0x00, 0x00, 0x00, 0x00, 0x00, 0x00, 0x00, 0x00, 0x00, 0x00, 0x00, 0x01, 0x10, 0x00, 0x00, 0x00, 0x00, 0x00, 0x01,
  0x71, 0x00, 0x00, 0x00, 0x00, 0x00, 0x00, 0x00, 0x00, 0x00, 0x00, 0x00, 0x00, 0x00, 0x00, 0x00, 0x00, 0x00, 0x00, 0x00, 0x00, 0x00, 0x00, 0x00,
  0x00, 0x00, 0x00, 0x00, 0x00, 0x00, 0x00, 0x00, 0x00, 0x00, 0x00, 0x00, 0x00, 0x00, 0x00, 0x00, 0x00, 0x00, 0x00, 0x00, 0x00, 0x00, 0x00, 0x00,
  0x00, 0x00, 0x00, 0x00, 0x00, 0x00, 0x00, 0x00, 0x00, 0x00, 0x00, 0x00, 0x00, 0x00, 0x00, 0x00, 0x00, 0x00, 0x00, 0x00, 0x00, 0x00, 0x00, 0x00,
  0x00, 0x00, 0x00, 0x00, 0x00, 0x00, 0x00, 0x00, 0x00, 0x00,
};
const lv_img_dsc_t rune_scroll_slot = {
  {LV_IMG_CF_INDEXED_4BIT, 0, 0, 70, 78},
  2794,
  rune_scroll_slot_map
};

const uint8_t rune_scroll_row_map[] = {
  0x00, 0x00, 0x00, 0x00, 0x1a, 0x1d, 0x1e, 0xff, 0x28, 0x2e, 0x30, 0xff, 0x39, 0x40, 0x42, 0xff, 0x4b, 0x53, 0x55, 0xff, 0x5e, 0x68, 0x6b, 0xff,
  0x73, 0x82, 0x86, 0xff, 0x44, 0x57, 0x68, 0xff, 0x66, 0x83, 0x97, 0xff, 0x87, 0xa7, 0xba, 0xff, 0x9c, 0xc0, 0xd2, 0xff, 0xae, 0xd2, 0xe4, 0xff,
  0x56, 0x6b, 0x72, 0xff, 0x49, 0x79, 0x68, 0xff, 0x51, 0xa1, 0xcc, 0xff, 0x31, 0x40, 0x8f, 0xff, 0x00, 0x00, 0x00, 0x00, 0x00, 0x00, 0x00, 0x00,
  0x00, 0x00, 0x00, 0x00, 0x00, 0x00, 0x00, 0x00, 0x00, 0x00, 0x00, 0x00, 0x00, 0x00, 0x00, 0x00, 0x00, 0x00, 0x00, 0x00, 0x00, 0x00, 0x00, 0x00,
  0x00, 0x00, 0x00, 0x00, 0x00, 0x00, 0x00, 0x00, 0x00, 0x00, 0x00, 0x00, 0x00, 0x00, 0x00, 0x00, 0x00, 0x00, 0x00, 0x00, 0x00, 0x00, 0x00, 0x00,
  0x00, 0x00, 0x00, 0x00, 0x00, 0x00, 0x00, 0x00, 0x00, 0x00, 0x00, 0x00, 0x00, 0x00, 0x00, 0x00, 0x00, 0x00, 0x00, 0x00, 0x00, 0x00, 0x00, 0x00,
  0x00, 0x00, 0x00, 0x00, 0x00, 0x00, 0x00, 0x00, 0x00, 0x00, 0x00, 0x00, 0x00, 0x00, 0x00, 0x00, 0x00, 0x00, 0x00, 0x00, 0x00, 0x00, 0x00, 0x00,
  0x00, 0x00, 0x00, 0x00, 0x00, 0x00, 0x00, 0x00, 0x00, 0x00, 0x00, 0x00, 0x00, 0x00, 0x00, 0x00, 0x00, 0x00, 0x00, 0x00, 0x00, 0x00, 0x00, 0x00,
  0x00, 0x00, 0x00, 0x00, 0x00, 0x00, 0x00, 0x00, 0x00, 0x00, 0x00, 0x00, 0x00, 0x00, 0x00, 0x00, 0x00, 0x00, 0x00, 0x00, 0x00, 0x00, 0x00, 0x00,
  0x00, 0x00, 0x00, 0x00, 0x00, 0x00, 0x00, 0x00, 0x00, 0x00, 0x00, 0x00, 0x00, 0x00, 0x00, 0x00, 0x00, 0x00, 0x00, 0x00, 0x00, 0x00, 0x00, 0x00,
  0x00, 0x00, 0x00, 0x00, 0x00, 0x00, 0x00, 0x00, 0x00, 0x00, 0x00, 0x00, 0x00, 0x00, 0x00, 0x00, 0x00, 0x00, 0x00, 0x00, 0x00, 0x00, 0x00, 0x00,
  0x00, 0x00, 0x00, 0x00, 0x00, 0x00, 0x00, 0x00, 0x00, 0x00, 0x00, 0x00, 0x00, 0x00, 0x00, 0x00, 0x00, 0x00, 0x00, 0x00, 0x00, 0x00, 0x00, 0x00,
  0x00, 0x00, 0x00, 0x00, 0x00, 0x00, 0x00, 0x71, 0x10, 0x00, 0x00, 0x00, 0x00, 0x00, 0x00, 0x00, 0x00, 0x00, 0x00, 0x00, 0x00, 0x00, 0x00, 0x00,
  0x00, 0x00, 0x00, 0x00, 0x00, 0x00, 0x00, 0x77, 0x77, 0x71, 0x71, 0x71, 0x71, 0x00, 0x01, 0x11, 0x00, 0x00, 0x00, 0x00, 0x00, 0x00, 0x00, 0x00,
  0x00, 0x00, 0x00, 0x00, 0x00, 0x00, 0x00, 0x00, 0x00, 0x00, 0x00, 0x70, 0x00, 0x00, 0x01, 0x71, 0x71, 0x10, 0x00, 0x00, 0x00, 0x00, 0x00, 0x00,
  0x00, 0x00, 0x00, 0x00, 0x00, 0x00, 0x00, 0x00, 0x00, 0x00, 0x00, 0x00, 0x00, 0x00, 0x00, 0x00, 0x00, 0x00, 0x00, 0x71, 0x70, 0x00, 0x00, 0x00,
  0x00, 0x00, 0x00, 0x00, 0x00, 0x00, 0x00, 0x00, 0x00, 0x00, 0x00, 0x00, 0x00, 0x00, 0x00, 0x00, 0x00, 0x00, 0x00, 0x00, 0x00, 0x00, 0x00, 0x00,
  0x00, 0x17, 0x71, 0x17, 0x00, 0x07, 0x17, 0x00, 0x00, 0x00, 0x00, 0x00, 0x00, 0x00, 0x00, 0x00, 0x00, 0x00, 0x00, 0x00, 0x00, 0x00, 0x17, 0x10,
  0x00, 0x77, 0x77, 0x71, 0x77, 0x17, 0x77, 0x00, 0x07, 0x77, 0x00, 0x00, 0x00, 0x00, 0x00, 0x00, 0x00, 0x00, 0x00, 0x00, 0x00, 0x00, 0x00, 0x00,
  0x71, 0x00, 0x00, 0x00, 0x71, 0x71, 0x11, 0x11, 0x77, 0x77, 0x00, 0x01, 0x71, 0x11, 0x70, 0x00, 0x00, 0x00, 0x00, 0x00, 0x00, 0x00, 0x00, 0x00,
  0x00, 0x00, 0x00, 0x00, 0x01, 0x10, 0x00, 0x00, 0x00, 0x07, 0x11, 0x17, 0x77, 0x00, 0x00, 0x00, 0x00, 0x00, 0x00, 0x77, 0x70, 0x00, 0x11, 0x70,
  0x00, 0x00, 0x00, 0x00, 0x00, 0x00, 0x00, 0x00, 0x00, 0x00, 0x00, 0x01, 0x11, 0x00, 0x00, 0x00, 0x00, 0x00, 0x00, 0x17, 0x87, 0x77, 0x11, 0x77,
  0x77, 0x00, 0x01, 0x77, 0x11, 0x10, 0x00, 0x00, 0x01, 0x11, 0x00, 0x00, 0x00, 0x00, 0x00, 0x00, 0x77, 0x70, 0x01, 0x98, 0x87, 0x77, 0x77, 0x79,
  0x88, 0x11, 0x19, 0x98, 0x00, 0x01, 0x71, 0x77, 0x71, 0x11, 0x00, 0x00, 0x00, 0x00, 0x07, 0x17, 0x00, 0x07, 0x77, 0x71, 0x10, 0x00, 0x77, 0x87,
  0x77, 0x77, 0x78, 0x89, 0x71, 0x77, 0x77, 0x77, 0x70, 0x00, 0x71, 0x10, 0x00, 0x00, 0x00, 0x00, 0x00, 0x00, 0x00, 0x00, 0x07, 0x17, 0x77, 0x70,
  0x00, 0x11, 0x11, 0x17, 0x77, 0x79, 0x98, 0x77, 0x77, 0x71, 0x11, 0x17, 0x17, 0x77, 0x70, 0x00, 0x77, 0x70, 0x00, 0x77, 0x71, 0x71, 0x00, 0x00,
  0x00, 0x00, 0x00, 0x00, 0x17, 0x77, 0x77, 0x00, 0x00, 0x00, 0x00, 0x00, 0x07, 0x79, 0x88, 0x99, 0x77, 0x79, 0x88, 0x71, 0x17, 0x77, 0x77, 0x77,
  0x17, 0x00, 0x07, 0x77, 0x77, 0x77, 0x17, 0x01, 0x17, 0x17, 0x88, 0x87, 0x77, 0x98, 0x89, 0x99, 0x88, 0x88, 0x88, 0x77, 0x78, 0x98, 0x71, 0x17,
  0x77, 0x77, 0x77, 0x77, 0x00, 0x00, 0x00, 0x00, 0x07, 0x77, 0x71, 0x17, 0x98, 0x77, 0x71, 0x77, 0x88, 0x88, 0x98, 0x88, 0x88, 0x88, 0x77, 0x79,
  0x89, 0x88, 0x81, 0x17, 0x77, 0x77, 0x11, 0x77, 0x11, 0x11, 0x00, 0x00, 0x00, 0x00, 0x07, 0x77, 0x78, 0x87, 0x17, 0x77, 0x77, 0x79, 0x88, 0x98,
  0x88, 0x77, 0x77, 0x77, 0x77, 0x77, 0x77, 0x88, 0x87, 0x71, 0x88, 0x91, 0x00, 0x77, 0x77, 0x77, 0x00, 0x00, 0x00, 0x71, 0x70, 0x01, 0x77, 0x78,
  0x98, 0x70, 0x00, 0x00, 0x00, 0x00, 0x00, 0x01, 0x79, 0x99, 0x99, 0x97, 0x77, 0x88, 0x88, 0x98, 0x98, 0x99, 0x98, 0x77, 0x78, 0x88, 0x71, 0x79,
  0x89, 0x77, 0x79, 0x88, 0x77, 0x78, 0x9a, 0x88, 0x98, 0x99, 0x88, 0x8a, 0x99, 0x89, 0x89, 0x99, 0x77, 0x79, 0x99, 0x99, 0x88, 0x88, 0x88, 0x97,
  0x77, 0x11, 0x77, 0x77, 0x17, 0x78, 0x98, 0x98, 0x87, 0x77, 0x88, 0x99, 0x99, 0x99, 0x98, 0x88, 0x89, 0x98, 0x99, 0x98, 0x87, 0x77, 0x89, 0x88,
  0x88, 0x11, 0x17, 0x77, 0x71, 0x11, 0x11, 0x11, 0x17, 0x77, 0x88, 0x88, 0x98, 0x88, 0x87, 0x79, 0x98, 0x98, 0x88, 0x88, 0x99, 0x99, 0x98, 0x88,
  0x98, 0x77, 0x79, 0x89, 0x89, 0x89, 0x98, 0x88, 0x97, 0x77, 0x77, 0x77, 0x11, 0x89, 0x98, 0x88, 0x77, 0x78, 0x89, 0x87, 0x70, 0x00, 0x00, 0x00,
  0x07, 0x17, 0x89, 0x99, 0x99, 0x99, 0x88, 0x89, 0x99, 0x99, 0x98, 0x89, 0x88, 0x89, 0x89, 0x98, 0x77, 0x79, 0x98, 0x78, 0x98, 0x99, 0x89, 0x9a,
  0xaa, 0x88, 0x89, 0x99, 0x99, 0x99, 0x88, 0x89, 0x98, 0x99, 0x89, 0x9a, 0x99, 0x98, 0x89, 0x99, 0x88, 0x89, 0x88, 0x77, 0x78, 0x88, 0x77, 0x79,
  0x99, 0x99, 0x99, 0x88, 0xaa, 0xaa, 0xaa, 0xaa, 0x98, 0x88, 0xaa, 0x98, 0x88, 0x99, 0x98, 0x88, 0x89, 0x99, 0xa9, 0x77, 0x79, 0x88, 0x77, 0x77,
  0x77, 0x77, 0x78, 0x88, 0x8a, 0xa9, 0x88, 0x88, 0x88, 0x99, 0x99, 0x99, 0x99, 0x98, 0xaa, 0xaa, 0x88, 0x99, 0x88, 0x88, 0x99, 0x99, 0x89, 0x99,
  0x88, 0x98, 0x89, 0x88, 0x89, 0x97, 0x77, 0x88, 0x98, 0x89, 0x88, 0x89, 0xaa, 0x99, 0x70, 0x00, 0x00, 0x00, 0x01, 0x77, 0x9a, 0x99, 0x99, 0x99,
  0x99, 0x99, 0x99, 0x99, 0x99, 0x99, 0x88, 0x89, 0x99, 0x9a, 0x88, 0x8a, 0xaa, 0x88, 0x99, 0x99, 0x99, 0x89, 0xaa, 0xaa, 0x99, 0x99, 0x99, 0x99,
  0x99, 0x99, 0x99, 0x99, 0x88, 0x89, 0x98, 0x99, 0x99, 0xa9, 0x99, 0x98, 0x88, 0x89, 0x88, 0x89, 0x88, 0x89, 0x99, 0x99, 0xa9, 0x88, 0x99, 0x99,
  0xaa, 0xaa, 0xaa, 0xaa, 0x99, 0x99, 0x99, 0x98, 0x98, 0x88, 0x99, 0x99, 0xa9, 0x88, 0x88, 0x98, 0x89, 0x88, 0x88, 0x88, 0x98, 0x88, 0x99, 0x99,
  0x99, 0x98, 0x98, 0x88, 0xaa, 0xaa, 0xa9, 0x99, 0x99, 0x99, 0xa9, 0x9a, 0xaa, 0x88, 0x99, 0x99, 0xaa, 0xaa, 0x99, 0x99, 0x98, 0x98, 0x88, 0x99,
  0x89, 0x98, 0x99, 0x99, 0x88, 0x8a, 0xa8, 0x88, 0x70, 0x00, 0x00, 0x00, 0x00, 0x88, 0x99, 0x89, 0x98, 0x9a, 0x99, 0x99, 0x99, 0x99, 0xaa, 0xaa,
  0x99, 0x99, 0x99, 0x99, 0x99, 0x89, 0x99, 0x89, 0x99, 0x99, 0x99, 0x89, 0x99, 0x98, 0x99, 0xa9, 0x99, 0xa9, 0x99, 0x99, 0x99, 0x99, 0x99, 0x99,
  0xaa, 0xaa, 0xaa, 0xaa, 0x98, 0x99, 0x98, 0x98, 0x99, 0x98, 0x89, 0x99, 0x99, 0x99, 0x98, 0x99, 0x99, 0xa9, 0x98, 0x88, 0x89, 0x99, 0x99, 0x9a,
  0x99, 0xaa, 0xaa, 0xaa, 0x99, 0x99, 0x99, 0x99, 0xa8, 0x98, 0x98, 0x9a, 0x99, 0x9a, 0x99, 0x99, 0x89, 0x99, 0x99, 0x99, 0x89, 0x99, 0x99, 0xa9,
  0x99, 0x99, 0x99, 0xa9, 0x99, 0x99, 0x99, 0x98, 0x98, 0x99, 0xaa, 0xaa, 0x99, 0x99, 0x98, 0x89, 0x99, 0x98, 0x88, 0x99, 0x99, 0x99, 0xaa, 0xaa,
  0x98, 0x88, 0x70, 0x00, 0x00, 0x00, 0x00, 0x98, 0x99, 0x99, 0x99, 0x99, 0x99, 0xaa, 0xaa, 0xaa, 0x99, 0x99, 0x99, 0x89, 0xaa, 0xaa, 0x99, 0x99,
  0xaa, 0xaa, 0xaa, 0xaa, 0x99, 0x99, 0x99, 0x8a, 0x99, 0x99, 0x99, 0x89, 0x99, 0x99, 0x99, 0x99, 0xaa, 0xaa, 0xa9, 0xa9, 0x99, 0x99, 0x99, 0x99,
  0xaa, 0xaa, 0x99, 0x99, 0x99, 0x99, 0x99, 0x99, 0x9a, 0xa9, 0x99, 0x9a, 0x9a, 0x99, 0x99, 0x98, 0x89, 0x99, 0x99, 0x9a, 0x99, 0x99, 0xaa, 0xaa,
  0x99, 0x99, 0x99, 0x99, 0x99, 0x99, 0x98, 0x99, 0x99, 0x99, 0x99, 0x9a, 0x9a, 0x99, 0x99, 0x99, 0x99, 0x99, 0x99, 0x99, 0x99, 0x89, 0x99, 0x99,
  0x99, 0x99, 0x99, 0x99, 0x99, 0x99, 0x98, 0x99, 0x9a, 0x99, 0xaa, 0xaa, 0x99, 0xa9, 0xaa, 0xa9, 0x99, 0x99, 0x98, 0x88, 0x70, 0x00, 0x00, 0x00,
  0x07, 0x99, 0x99, 0x98, 0xa9, 0x99, 0x98, 0x99, 0xa9, 0x99, 0x99, 0x99, 0x99, 0x9a, 0x9a, 0xaa, 0xaa, 0xaa, 0xaa, 0xaa, 0x99, 0x99, 0x99, 0x98,
  0x99, 0x99, 0x89, 0x99, 0x99, 0x99, 0xa9, 0x99, 0x89, 0x99, 0x99, 0x9a, 0x98, 0x98, 0x99, 0x98, 0x98, 0x99, 0x99, 0x99, 0x99, 0x99, 0x89, 0x99,
  0xaa, 0x99, 0x99, 0x99, 0x99, 0x99, 0x9a, 0x99, 0x89, 0x98, 0x99, 0x99, 0x89, 0x99, 0x99, 0x99, 0x99, 0x99, 0xa9, 0x99, 0x99, 0x99, 0x99, 0x99,
  0x98, 0xa9, 0x99, 0x99, 0x99, 0x9a, 0x9a, 0x99, 0x98, 0x99, 0x99, 0x89, 0x99, 0x99, 0x99, 0x99, 0x9a, 0x99, 0x99, 0xaa, 0xaa, 0xaa, 0x99, 0x99,
  0x99, 0x9a, 0x99, 0x99, 0x99, 0x99, 0x99, 0x99, 0x99, 0x99, 0x99, 0x99, 0x99, 0x87, 0x10, 0x00, 0x00, 0x00, 0x17, 0x78, 0x89, 0x99, 0x99, 0x98,
  0x99, 0x99, 0x99, 0x99, 0x99, 0x9a, 0x99, 0x9a, 0x99, 0x99, 0x99, 0x99, 0x9a, 0x99, 0x99, 0x99, 0x99, 0x99, 0x99, 0x89, 0x99, 0x99, 0x99, 0x99,
  0x99, 0x99, 0x99, 0x99, 0x99, 0x99, 0x99, 0x99, 0x99, 0x99, 0x89, 0x9a, 0x99, 0x99, 0x98, 0x99, 0x99, 0x9a, 0xa9, 0x99, 0x99, 0x99, 0x99, 0xa9,
  0x99, 0x98, 0x99, 0x89, 0x99, 0x99, 0x99, 0x99, 0x9a, 0x98, 0x99, 0x89, 0x99, 0x99, 0x98, 0x89, 0x99, 0x99, 0x99, 0x99, 0x99, 0x99, 0x99, 0x9a,
  0x99, 0x99, 0x9a, 0x99, 0x98, 0x99, 0x99, 0x99, 0x99, 0x99, 0x99, 0x99, 0x99, 0x99, 0x89, 0x99, 0x99, 0x99, 0x99, 0x99, 0x89, 0x99, 0x99, 0x99,
  0xaa, 0x99, 0x99, 0x99, 0x9a, 0x99, 0x88, 0x87, 0x10, 0x00, 0x00, 0x00, 0x77, 0x79, 0x89, 0x99, 0x99, 0x99, 0x98, 0x99, 0x89, 0x99, 0x9a, 0x9a,
  0x99, 0x99, 0x99, 0x98, 0x88, 0x99, 0x99, 0x98, 0x99, 0x99, 0x9a, 0x99, 0x99, 0x99, 0x99, 0x99, 0x89, 0x99, 0x98, 0x99, 0x89, 0x99, 0x99, 0xa9,
  0x99, 0x99, 0x99, 0x99, 0xaa, 0x89, 0x99, 0x99, 0x99, 0x99, 0x99, 0x99, 0x99, 0x99, 0x99, 0x99, 0x99, 0x99, 0x99, 0x89, 0x89, 0x99, 0x99, 0x99,
  0x99, 0x89, 0x99, 0x99, 0x89, 0xa9, 0x99, 0x9a, 0x89, 0x99, 0x99, 0x99, 0x99, 0x99, 0x99, 0x99, 0x99, 0x99, 0x98, 0x99, 0x99, 0x9a, 0x99, 0x99,
  0x99, 0x99, 0x99, 0x99, 0x99, 0x99, 0x99, 0x99, 0x99, 0x99, 0x99, 0x99, 0x99, 0x99, 0x99, 0x99, 0x99, 0x99, 0x99, 0x99, 0x98, 0x89, 0x88, 0x99,
  0x88, 0x97, 0x70, 0x00, 0x00, 0x00, 0x77, 0x78, 0x89, 0x99, 0x99, 0x99, 0x99, 0x98, 0x99, 0x99, 0x99, 0x99, 0x99, 0x99, 0x99, 0x99, 0x9a, 0x99,
  0x99, 0x89, 0x99, 0x99, 0x98, 0x99, 0x99, 0x9a, 0x99, 0x99, 0x9a, 0x99, 0xa9, 0xa9, 0x9a, 0x99, 0x99, 0x99, 0x99, 0x99, 0x99, 0x99, 0x98, 0x99,
  0x99, 0x99, 0x99, 0x99, 0x89, 0x99, 0x89, 0x99, 0xa9, 0x99, 0x99, 0x98, 0x98, 0x99, 0x99, 0x98, 0x99, 0x99, 0x99, 0x99, 0x99, 0xa9, 0x99, 0x99,
  0x99, 0x99, 0x98, 0x99, 0x99, 0x99, 0x98, 0x89, 0x99, 0x99, 0x99, 0x99, 0x99, 0x99, 0xa9, 0x99, 0x99, 0x89, 0x89, 0x99, 0x98, 0x99, 0x99, 0x99,
  0xa9, 0x99, 0x99, 0x99, 0x99, 0x99, 0x89, 0xa9, 0xa9, 0x9a, 0x99, 0x99, 0x99, 0x99, 0x99, 0x99, 0x99, 0x99, 0x98, 0x87, 0x10, 0x00, 0x00, 0x07,
  0x78, 0x89, 0x9a, 0x99, 0x99, 0x99, 0x99, 0x99, 0x99, 0x99, 0x9a, 0xc9, 0x99, 0x99, 0x99, 0x99, 0x89, 0x99, 0x99, 0x98, 0x99, 0x99, 0x99, 0x99,
  0x9a, 0x99, 0x99, 0x98, 0x99, 0xa9, 0x99, 0x99, 0x99, 0x99, 0xaa, 0x9a, 0x99, 0x99, 0x99, 0x9a, 0x98, 0x99, 0x99, 0x99, 0x98, 0x99, 0x99, 0x99,
  0x99, 0x99, 0x99, 0x99, 0x99, 0x99, 0x8a, 0x99, 0x99, 0x99, 0x99, 0x99, 0x99, 0x99, 0x89, 0x99, 0x99, 0x98, 0xa9, 0x99, 0x99, 0x99, 0xa9, 0x99,
  0x99, 0x99, 0x99, 0x99, 0x9a, 0x99, 0x99, 0x89, 0x99, 0x99, 0x99, 0x89, 0x99, 0x99, 0x99, 0x99, 0x99, 0x99, 0x99, 0x99, 0x89, 0x99, 0x99, 0x99,
  0x99, 0x99, 0x99, 0x99, 0x99, 0x98, 0x99, 0x99, 0x99, 0x99, 0x99, 0x98, 0x87, 0x00, 0x00, 0x00, 0x00, 0x01, 0x78, 0x89, 0x99, 0x99, 0x99, 0x99,
  0x99, 0x99, 0x99, 0x99, 0x99, 0x99, 0x99, 0x99, 0x99, 0x89, 0x99, 0x99, 0x99, 0x99, 0x99, 0x99, 0x89, 0x99, 0x99, 0x99, 0x99, 0x98, 0x89, 0x99,
  0x89, 0x99, 0x9a, 0x99, 0x99, 0x99, 0x99, 0x99, 0x99, 0x98, 0x99, 0xa9, 0x9a, 0x99, 0x98, 0x99, 0x98, 0x99, 0x99, 0x99, 0x99, 0x99, 0xa9, 0x99,
  0x9a, 0x99, 0x99, 0x99, 0x99, 0x89, 0x99, 0x98, 0x99, 0xa9, 0x99, 0x89, 0x99, 0x99, 0x89, 0x99, 0x99, 0x99, 0x99, 0x99, 0x99, 0x99, 0x99, 0xa9,
  0x99, 0x99, 0x9a, 0x99, 0x99, 0x99, 0x99, 0x99, 0x99, 0x99, 0x99, 0x99, 0x99, 0x99, 0x99, 0x89, 0x99, 0x99, 0x99, 0x99, 0x9a, 0x99, 0x99, 0x99,
  0x9a, 0x99, 0x99, 0x99, 0x99, 0xa8, 0x87, 0x00, 0x00, 0x00, 0x00, 0x01, 0x78, 0x88, 0x89, 0x99, 0x99, 0x99, 0x99, 0x99, 0x89, 0x99, 0x98, 0x99,
  0x99, 0x99, 0x98, 0xa9, 0x99, 0x99, 0x99, 0x99, 0x99, 0x99, 0x99, 0x99, 0x99, 0x89, 0x99, 0x99, 0x99, 0x99, 0x8a, 0x9a, 0x99, 0x89, 0x99, 0x98,
  0x99, 0x99, 0x99, 0xa9, 0x99, 0x99, 0x98, 0x99, 0x8a, 0x99, 0x99, 0x99, 0x99, 0x89, 0x9a, 0xa9, 0x89, 0x99, 0x99, 0x99, 0x99, 0x99, 0x99, 0x89,
  0x99, 0x99, 0x99, 0x99, 0x89, 0x89, 0x98, 0x98, 0x99, 0x99, 0x99, 0x99, 0x99, 0x99, 0x89, 0x99, 0x99, 0x99, 0x99, 0x99, 0xa9, 0x99, 0x99, 0x99,
  0xa8, 0x99, 0xa8, 0x99, 0x89, 0x99, 0x99, 0x98, 0x99, 0x99, 0x98, 0x99, 0x99, 0x99, 0x99, 0x99, 0x99, 0x99, 0x99, 0x98, 0x99, 0x9a, 0x99, 0x98,
  0x97, 0x00, 0x00, 0x00, 0x00, 0x00, 0x77, 0x98, 0x99, 0x99, 0x89, 0x89, 0x99, 0x9a, 0x88, 0x99, 0x99, 0x98, 0x99, 0x99, 0x99, 0x89, 0x99, 0x89,
  0x99, 0x89, 0x99, 0x98, 0x99, 0x99, 0x99, 0x99, 0x88, 0x99, 0x99, 0x99, 0x99, 0x99, 0x99, 0x88, 0x99, 0x99, 0x99, 0x99, 0x99, 0x99, 0x89, 0xaa,
  0x99, 0x99, 0x99, 0x99, 0x99, 0x99, 0x99, 0x99, 0x99, 0xa9, 0x99, 0x99, 0x99, 0x99, 0x99, 0x99, 0x99, 0x99, 0x99, 0x9a, 0x99, 0x99, 0x99, 0x99,
  0x99, 0x99, 0xa9, 0x99, 0x99, 0x98, 0x99, 0x99, 0x99, 0x99, 0x99, 0x99, 0x98, 0x99, 0x99, 0x99, 0x99, 0x99, 0x99, 0x99, 0x99, 0x99, 0x99, 0x99,
  0x99, 0x99, 0x99, 0x99, 0x99, 0x99, 0x99, 0x99, 0x99, 0x99, 0x99, 0x99, 0x98, 0x99, 0x98, 0x99, 0x99, 0x98, 0x87, 0x10, 0x00, 0x00, 0x00, 0x00,
  0x17, 0x88, 0x99, 0x99, 0x99, 0x99, 0x9a, 0x99, 0x99, 0xa9, 0x99, 0x9a, 0x99, 0x99, 0x99, 0x89, 0x99, 0x99, 0x99, 0xa8, 0x89, 0x99, 0x99, 0x99,
  0x89, 0xa9, 0x99, 0x99, 0x99, 0xa9, 0x89, 0x99, 0x99, 0x99, 0x98, 0x9a, 0x99, 0x89, 0x99, 0x98, 0x99, 0x99, 0x9a, 0x89, 0x99, 0x99, 0x89, 0x99,
  0x99, 0x99, 0x99, 0x99, 0xa9, 0x99, 0x99, 0x99, 0x99, 0x99, 0x99, 0x99, 0x99, 0xa8, 0x99, 0x89, 0x99, 0x99, 0x99, 0x99, 0x99, 0x99, 0x99, 0x99,
  0x99, 0x99, 0x99, 0x9a, 0x99, 0x9a, 0x99, 0x99, 0x99, 0x99, 0x89, 0x98, 0x99, 0x99, 0x99, 0x99, 0x99, 0x98, 0x99, 0x89, 0x9a, 0x89, 0x99, 0x99,
  0xa9, 0x99, 0x99, 0x99, 0x88, 0x99, 0x99, 0x99, 0x98, 0x99, 0x99, 0x98, 0x97, 0x70, 0x00, 0x00, 0x00, 0x00, 0x17, 0x88, 0x9a, 0x99, 0x99, 0x99,
  0x99, 0x89, 0x99, 0x99, 0x99, 0x99, 0x99, 0x99, 0x99, 0x99, 0x99, 0x89, 0x99, 0x99, 0x99, 0xa9, 0x99, 0x9a, 0x89, 0x99, 0x99, 0x99, 0x99, 0x99,
  0x9a, 0x99, 0x99, 0x98, 0x99, 0x98, 0x99, 0x98, 0x99, 0x88, 0xa9, 0x89, 0x89, 0x99, 0x99, 0x99, 0x89, 0x99, 0x9a, 0x99, 0x89, 0x99, 0x89, 0x98,
  0x99, 0x99, 0x98, 0x99, 0x99, 0x99, 0x99, 0x99, 0x9a, 0x99, 0x99, 0x99, 0x98, 0x99, 0x99, 0x99, 0x99, 0x99, 0x99, 0x99, 0x99, 0xa9, 0x98, 0x98,
  0xa9, 0x89, 0x99, 0x98, 0x99, 0x99, 0x99, 0x99, 0x99, 0x99, 0x89, 0x99, 0x99, 0x99, 0x99, 0x99, 0x9a, 0x98, 0x99, 0x9a, 0x98, 0x99, 0xa9, 0x98,
  0xa8, 0x98, 0x99, 0x89, 0x99, 0x88, 0x97, 0x10, 0x00, 0x00, 0x00, 0x77, 0x78, 0x88, 0x99, 0x99, 0x98, 0x99, 0x99, 0x9a, 0x99, 0x9a, 0x99, 0x99,
  0x99, 0x99, 0x99, 0x98, 0x99, 0x99, 0x9a, 0x99, 0x89, 0x9a, 0x99, 0xa9, 0x99, 0x99, 0x99, 0x99, 0x99, 0x99, 0x99, 0x99, 0x99, 0x99, 0xa9, 0xaa,
  0x99, 0x98, 0x99, 0x99, 0x99, 0x99, 0x99, 0x99, 0x99, 0x89, 0x98, 0x99, 0x99, 0x99, 0x9a, 0x98, 0x99, 0x99, 0x8a, 0x99, 0x9a, 0x99, 0x99, 0x99,
  0x99, 0x99, 0x99, 0x99, 0xa9, 0x9a, 0x9a, 0x99, 0x99, 0x99, 0x99, 0x99, 0x98, 0x99, 0x99, 0x99, 0x99, 0x89, 0x99, 0x99, 0x99, 0x99, 0x99, 0x98,
  0x99, 0x99, 0x9a, 0x99, 0x99, 0x99, 0x99, 0x99, 0x99, 0x99, 0x99, 0x99, 0x99, 0x98, 0x98, 0x99, 0x99, 0x99, 0x99, 0xa9, 0x9a, 0x99, 0x89, 0x88,
  0x77, 0x70, 0x00, 0x00, 0x00, 0x11, 0x78, 0x88, 0x99, 0x99, 0x89, 0x9a, 0x99, 0x99, 0x99, 0x99, 0x99, 0x99, 0xa9, 0x99, 0x99, 0x99, 0xaa, 0x99,
  0x99, 0x99, 0x99, 0x99, 0x99, 0x99, 0x98, 0x99, 0x99, 0x99, 0x99, 0x99, 0x98, 0x99, 0x89, 0x99, 0x98, 0x99, 0x99, 0x99, 0x99, 0xa9, 0x99, 0x99,
  0x99, 0x99, 0x99, 0x98, 0x99, 0x9a, 0x99, 0xa8, 0x99, 0x99, 0xaa, 0x99, 0x99, 0x99, 0x99, 0x99, 0x99, 0x99, 0x99, 0x99, 0x99, 0x99, 0x98, 0x99,
  0x99, 0x99, 0xa9, 0x98, 0x99, 0x99, 0x99, 0x99, 0x99, 0x99, 0x99, 0x99, 0x99, 0x99, 0x98, 0x99, 0x99, 0x99, 0x89, 0x8a, 0x99, 0x99, 0x99, 0x99,
  0x99, 0x88, 0x89, 0xaa, 0x99, 0x98, 0x99, 0x99, 0x99, 0x99, 0x99, 0x99, 0x9a, 0x99, 0x99, 0x99, 0x99, 0x98, 0x71, 0x10, 0x00, 0x00, 0x00, 0x00,
  0x17, 0x79, 0x89, 0x99, 0x89, 0x99, 0x98, 0x99, 0x98, 0x99, 0x9a, 0x99, 0x99, 0x98, 0x99, 0xaa, 0xa9, 0x99, 0x99, 0x99, 0x98, 0x99, 0x9a, 0x89,
  0x98, 0x99, 0x99, 0x99, 0x99, 0x99, 0x99, 0xa9, 0x99, 0x99, 0x99, 0xa9, 0x99, 0x99, 0x99, 0x99, 0x99, 0x99, 0x99, 0x99, 0x99, 0x89, 0x99, 0x99,
  0x99, 0x99, 0x8a, 0x89, 0x99, 0x99, 0x99, 0x99, 0x99, 0x99, 0x99, 0x99, 0x99, 0x99, 0x99, 0x99, 0x98, 0x99, 0x99, 0x99, 0x99, 0x9a, 0x99, 0x99,
  0x99, 0x99, 0x99, 0x99, 0x99, 0xa8, 0x89, 0x99, 0x99, 0x99, 0x99, 0x98, 0x88, 0x99, 0x99, 0x99, 0x99, 0x99, 0x89, 0x99, 0x99, 0x99, 0x88, 0x99,
  0x99, 0x99, 0x98, 0x99, 0x99, 0x99, 0x89, 0x98, 0x99, 0x99, 0xa9, 0x98, 0x97, 0x77, 0x00, 0x00, 0x00, 0x00, 0x07, 0x89, 0x99, 0x89, 0x99, 0x99,
  0x9a, 0x89, 0x99, 0x99, 0x98, 0x99, 0x99, 0x98, 0x89, 0x99, 0x89, 0x99, 0x99, 0x99, 0x99, 0x99, 0x99, 0x99, 0x89, 0x99, 0xa9, 0x99, 0x98, 0x99,
  0x89, 0x99, 0x99, 0x99, 0xa9, 0x99, 0x99, 0x99, 0x99, 0x99, 0x99, 0x9a, 0x89, 0x99, 0x88, 0x99, 0x99, 0x98, 0x99, 0x99, 0x89, 0x99, 0x99, 0x99,
  0x99, 0x9a, 0x99, 0x99, 0x99, 0x9a, 0x99, 0x99, 0x99, 0x99, 0x99, 0x9a, 0x98, 0x99, 0x99, 0xa9, 0x99, 0x99, 0x99, 0x99, 0x99, 0x99, 0x99, 0x8a,
  0x99, 0x99, 0x99, 0x99, 0x99, 0x99, 0xa9, 0xa9, 0x99, 0x99, 0x99, 0x99, 0x99, 0x99, 0x99, 0x99, 0x99, 0x99, 0x9a, 0x99, 0x99, 0x99, 0x99, 0x99,
  0x98, 0x99, 0x99, 0x99, 0x99, 0x99, 0x89, 0x10, 0x00, 0x00, 0x00, 0x00, 0x01, 0x89, 0x99, 0x99, 0x99, 0x99, 0x99, 0x89, 0x99, 0x99, 0x99, 0x99,
  0x89, 0x99, 0x99, 0x9a, 0x99, 0x98, 0x99, 0x99, 0x89, 0x99, 0x89, 0x99, 0x99, 0x99, 0x99, 0x99, 0x99, 0x99, 0x99, 0x99, 0x89, 0x99, 0x99, 0x98,
  0x9a, 0x99, 0x98, 0xa9, 0x99, 0x99, 0x99, 0x99, 0x99, 0x88, 0x99, 0x89, 0x99, 0x99, 0x99, 0x99, 0x99, 0x99, 0x99, 0x98, 0x89, 0x89, 0x99, 0x99,
  0x99, 0x99, 0x99, 0x99, 0x99, 0x99, 0x99, 0x9a, 0x99, 0x99, 0x99, 0x99, 0x9a, 0x99, 0x99, 0x99, 0x99, 0x99, 0x99, 0x99, 0x99, 0x9a, 0x99, 0x99,
  0x89, 0x99, 0x99, 0x99, 0x99, 0x9a, 0x99, 0x89, 0x99, 0x99, 0x99, 0x99, 0x89, 0x99, 0x99, 0x99, 0x99, 0x99, 0x99, 0x99, 0x9a, 0xa9, 0x99, 0x99,
  0x99, 0x70, 0x00, 0x00, 0x00, 0x00, 0x01, 0x9a, 0x98, 0x99, 0x99, 0x99, 0x99, 0x99, 0x99, 0x98, 0x99, 0x99, 0x99, 0x99, 0x99, 0x99, 0x98, 0x99,
  0x99, 0x99, 0x99, 0x89, 0x99, 0x98, 0x99, 0xa9, 0x99, 0x99, 0x99, 0x99, 0x9a, 0x99, 0x99, 0x9a, 0x99, 0x98, 0x99, 0x9a, 0x99, 0x89, 0x99, 0x99,
  0x89, 0x99, 0x99, 0x99, 0x99, 0x99, 0x99, 0x99, 0x99, 0x99, 0x98, 0x9a, 0xa9, 0x99, 0x99, 0x99, 0x99, 0x99, 0x8a, 0x98, 0x99, 0x98, 0x99, 0x89,
  0x89, 0x99, 0xa9, 0x99, 0xa9, 0x99, 0x98, 0x98, 0x99, 0x99, 0x99, 0x99, 0x99, 0x99, 0x99, 0x99, 0x89, 0xa9, 0x9a, 0x99, 0x98, 0x99, 0x99, 0x99,
  0x99, 0x98, 0x99, 0x99, 0x89, 0x89, 0x99, 0x99, 0x99, 0x99, 0x99, 0x99, 0x99, 0x89, 0x99, 0x99, 0x98, 0x99, 0x99, 0x10, 0x00, 0x00, 0x00, 0x00,
  0x17, 0x77, 0x99, 0x99, 0x99, 0xa9, 0x99, 0x99, 0x99, 0x99, 0x99, 0x99, 0x99, 0x99, 0x99, 0x89, 0x99, 0x89, 0x99, 0x99, 0x99, 0x99, 0x99, 0x89,
  0x99, 0x98, 0x8a, 0xaa, 0x99, 0x99, 0x99, 0x99, 0x99, 0x99, 0x99, 0x98, 0x99, 0x99, 0xa9, 0x99, 0x99, 0x99, 0x9a, 0x99, 0x99, 0x99, 0x99, 0x99,
  0x99, 0x99, 0x99, 0x98, 0x89, 0x99, 0x99, 0x99, 0x99, 0x99, 0x99, 0x99, 0x99, 0x99, 0x99, 0x99, 0x99, 0x99, 0x99, 0x89, 0x99, 0x99, 0x99, 0x99,
  0x99, 0x99, 0x89, 0xa9, 0x99, 0x99, 0x99, 0x99, 0x99, 0x99, 0xa9, 0x99, 0x99, 0x99, 0x99, 0x99, 0x98, 0x99, 0x8a, 0xa9, 0x99, 0x99, 0x99, 0x99,
  0x99, 0x99, 0xa9, 0x98, 0x99, 0x99, 0xa9, 0x99, 0x99, 0x99, 0x99, 0x99, 0x98, 0x77, 0x00, 0x00, 0x00, 0x00, 0x77, 0x17, 0x89, 0x99, 0x99, 0x99,
  0x98, 0x99, 0x9a, 0x99, 0x99, 0x88, 0x99, 0x99, 0x99, 0x99, 0x99, 0x98, 0x99, 0x9a, 0xa9, 0x99, 0x99, 0x99, 0x89, 0x89, 0x99, 0x99, 0x99, 0x9a,
  0x99, 0x99, 0x99, 0x99, 0x99, 0x99, 0x99, 0xa8, 0x99, 0xa8, 0x99, 0x99, 0x98, 0x99, 0xa9, 0x89, 0x98, 0x89, 0x99, 0x99, 0x99, 0x99, 0xa9, 0x99,
  0x99, 0x99, 0x99, 0x99, 0x99, 0x88, 0x99, 0x99, 0x99, 0x99, 0x99, 0x99, 0x99, 0x99, 0x99, 0xa9, 0x99, 0x99, 0x99, 0x99, 0x99, 0x99, 0x9a, 0x98,
  0x99, 0x9a, 0x99, 0x99, 0x99, 0x99, 0x99, 0x99, 0x99, 0x98, 0x99, 0x99, 0x99, 0x99, 0x99, 0x99, 0x98, 0x99, 0x99, 0x89, 0x98, 0x99, 0x99, 0x99,
  0x99, 0x99, 0x98, 0x99, 0x99, 0x99, 0x88, 0x77, 0x00, 0x00, 0x00, 0x00, 0x17, 0x77, 0x88, 0x98, 0x99, 0xa9, 0x99, 0x99, 0x99, 0x99, 0x99, 0x99,
  0xa9, 0x99, 0x99, 0x89, 0x99, 0x99, 0x99, 0x99, 0x99, 0x99, 0x99, 0x9a, 0x99, 0x99, 0x99, 0x99, 0x99, 0x99, 0x99, 0xa9, 0x99, 0x99, 0x99, 0x99,
  0x99, 0x99, 0xaa, 0x99, 0x99, 0x99, 0x9a, 0x98, 0x99, 0x98, 0x99, 0x99, 0x99, 0x99, 0x99, 0x99, 0x99, 0x99, 0x99, 0x99, 0x98, 0x99, 0x99, 0x99,
  0x89, 0xa9, 0x99, 0x99, 0x99, 0x99, 0x99, 0x89, 0x99, 0x99, 0x99, 0x99, 0x99, 0x99, 0x99, 0x99, 0x89, 0x8a, 0x99, 0x99, 0x99, 0x99, 0x99, 0x99,
  0x99, 0x99, 0x99, 0x99, 0x99, 0x99, 0x99, 0x99, 0x89, 0x99, 0x99, 0x99, 0x9a, 0x99, 0x99, 0x99, 0x89, 0x99, 0x99, 0x99, 0x98, 0x99, 0xa9, 0x99,
  0x88, 0x71, 0x00, 0x00, 0x00, 0x00, 0x00, 0x88, 0x99, 0x99, 0x89, 0x99, 0x99, 0x99, 0x99, 0x99, 0x9a, 0x9a, 0xa9, 0x89, 0x99, 0x99, 0x99, 0x99,
  0x99, 0x99, 0x99, 0x99, 0x9a, 0x89, 0x99, 0x9a, 0x99, 0x99, 0xa9, 0x99, 0x98, 0x99, 0x99, 0x99, 0x99, 0x99, 0x99, 0x99, 0x99, 0x99, 0x99, 0xa9,
  0x99, 0x99, 0x99, 0x89, 0x99, 0x99, 0x98, 0xa9, 0xa9, 0x98, 0x98, 0x99, 0x99, 0x99, 0x99, 0x99, 0x99, 0x99, 0x99, 0x99, 0x99, 0x89, 0x99, 0x99,
  0x99, 0x99, 0x99, 0x98, 0x99, 0x99, 0x99, 0x99, 0x99, 0x99, 0x89, 0x99, 0xa9, 0x99, 0x99, 0x9a, 0x89, 0x99, 0x89, 0x99, 0x99, 0x99, 0x99, 0x89,
  0x99, 0x99, 0x99, 0x99, 0x99, 0x99, 0x89, 0x99, 0x99, 0x99, 0x89, 0x98, 0x99, 0x99, 0xa9, 0x98, 0x99, 0x99, 0x88, 0x77, 0x07, 0x00, 0x00, 0x00,
  0x00, 0x88, 0x99, 0x99, 0x99, 0x99, 0xa9, 0x99, 0x99, 0x99, 0x89, 0x99, 0x99, 0xa9, 0x98, 0x99, 0x98, 0xa8, 0x99, 0x99, 0x99, 0x99, 0x99, 0xa9,
  0x99, 0x99, 0x98, 0x99, 0x98, 0x99, 0x99, 0x99, 0x9a, 0x99, 0x98, 0x99, 0x99, 0x99, 0x99, 0x99, 0x99, 0x99, 0x99, 0x99, 0xaa, 0x9a, 0x99, 0x99,
  0x99, 0x89, 0x89, 0x99, 0x99, 0x99, 0x99, 0x99, 0x99, 0x98, 0xa9, 0x89, 0x99, 0x9a, 0x99, 0x98, 0x99, 0x99, 0x98, 0x99, 0xa9, 0xa9, 0xa9, 0x89,
  0x98, 0x99, 0x99, 0x99, 0x98, 0x99, 0x99, 0x99, 0xa9, 0x99, 0x99, 0x99, 0x99, 0x99, 0x99, 0x99, 0x99, 0x99, 0x99, 0x99, 0x99, 0x99, 0x99, 0x99,
  0x99, 0x99, 0x99, 0x99, 0x99, 0x99, 0x99, 0x99, 0x99, 0x99, 0x99, 0x99, 0x88, 0x77, 0x01, 0x00, 0x00, 0x00, 0x00, 0x89, 0x99, 0x99, 0x89, 0x98,
  0x99, 0x99, 0x98, 0x99, 0x99, 0xc9, 0x99, 0x99, 0x89, 0x99, 0x99, 0x99, 0x99, 0xa9, 0x98, 0xa9, 0xa9, 0x9a, 0x9a, 0x98, 0x99, 0x99, 0x99, 0x99,
  0x98, 0x98, 0x99, 0x88, 0x99, 0x99, 0x99, 0x9a, 0x99, 0x99, 0x99, 0x99, 0x99, 0x99, 0x99, 0x99, 0x89, 0x99, 0x8a, 0x9a, 0x99, 0x99, 0x99, 0x99,
  0x99, 0x99, 0x99, 0x99, 0x99, 0x99, 0x9a, 0x99, 0x99, 0x99, 0x99, 0x99, 0x99, 0x99, 0x99, 0x98, 0x99, 0x99, 0x99, 0x99, 0xa8, 0x99, 0x99, 0x99,
  0x99, 0x9a, 0x99, 0x99, 0x99, 0x99, 0x99, 0x99, 0x99, 0x89, 0x99, 0x99, 0x99, 0x99, 0x98, 0x9a, 0x9a, 0x99, 0x99, 0x99, 0x99, 0x98, 0x99, 0x99,
  0x99, 0x99, 0x99, 0xaa, 0x99, 0x99, 0x89, 0x71, 0x01, 0x00, 0x00, 0x00, 0x77, 0x78, 0x89, 0x99, 0x98, 0x99, 0x99, 0x99, 0x99, 0x99, 0x99, 0x98,
  0x99, 0x99, 0x99, 0x99, 0x99, 0x99, 0x99, 0x99, 0x99, 0x99, 0x99, 0x99, 0x99, 0x99, 0x99, 0x99, 0x99, 0x99, 0x99, 0x99, 0x99, 0x89, 0x99, 0x89,
  0x89, 0x99, 0x99, 0x98, 0x99, 0x99, 0x9a, 0x99, 0x99, 0x89, 0x99, 0x99, 0x9a, 0x99, 0x98, 0xa9, 0xa9, 0x99, 0x99, 0x99, 0x99, 0x89, 0x99, 0x99,
  0x98, 0x99, 0xa9, 0x99, 0x89, 0x99, 0x9a, 0x99, 0x99, 0x98, 0x99, 0x99, 0x99, 0x99, 0x99, 0x9a, 0x99, 0x99, 0xa8, 0x99, 0x88, 0x99, 0x99, 0x99,
  0xa9, 0x99, 0x99, 0x99, 0x99, 0x99, 0x99, 0x99, 0x99, 0x99, 0x89, 0x99, 0x99, 0x99, 0x99, 0x99, 0x9a, 0x99, 0x99, 0x9a, 0x99, 0xa9, 0xa9, 0x99,
  0x99, 0x77, 0x00, 0x00, 0x00, 0x00, 0x77, 0x79, 0x89, 0x99, 0x99, 0x99, 0x99, 0x99, 0xa9, 0xa9, 0x99, 0x99, 0x98, 0x99, 0x88, 0x99, 0x9a, 0x9a,
  0x99, 0x99, 0x99, 0x99, 0xa9, 0x99, 0x99, 0x99, 0x99, 0x89, 0x99, 0x99, 0x88, 0x88, 0x89, 0x89, 0x99, 0x99, 0x99, 0x99, 0x99, 0x99, 0x99, 0x99,
  0x99, 0xa9, 0xa9, 0x99, 0x99, 0x99, 0x99, 0x99, 0x99, 0x9a, 0x89, 0xa9, 0x99, 0x89, 0x99, 0x99, 0x89, 0x99, 0x99, 0x99, 0x99, 0x89, 0x99, 0x99,
  0x89, 0x99, 0x99, 0x99, 0x9a, 0x99, 0x99, 0x99, 0x99, 0x99, 0x89, 0x99, 0x99, 0x99, 0x89, 0x99, 0x98, 0x99, 0x99, 0x99, 0x98, 0x99, 0x99, 0x99,
  0x99, 0x99, 0x99, 0x99, 0x99, 0x99, 0x98, 0x99, 0x99, 0x99, 0x99, 0x9a, 0x99, 0x99, 0x99, 0x99, 0x99, 0x99, 0xa9, 0x77, 0x00, 0x00, 0x00, 0x07,
  0x78, 0x88, 0x89, 0x99, 0x99, 0x99, 0x88, 0xa9, 0x99, 0x9a, 0x99, 0x99, 0x99, 0x99, 0x99, 0x99, 0x99, 0x99, 0x99, 0x89, 0x8a, 0x99, 0x99, 0x99,
  0x99, 0x99, 0x99, 0x9a, 0x99, 0x99, 0x88, 0x88, 0x99, 0x98, 0x99, 0x99, 0x99, 0x99, 0x99, 0x99, 0x99, 0x9a, 0x99, 0x99, 0x99, 0x99, 0x99, 0x99,
  0x99, 0x99, 0x99, 0x99, 0x99, 0x88, 0x99, 0x99, 0x98, 0x99, 0x88, 0x88, 0x88, 0x88, 0x98, 0x99, 0x99, 0x99, 0x99, 0x9a, 0x99, 0x99, 0x99, 0x99,
  0x99, 0x99, 0x99, 0x9a, 0x98, 0x99, 0xc9, 0x89, 0x99, 0x99, 0x8a, 0x89, 0x98, 0x89, 0x99, 0x99, 0x99, 0x99, 0x9a, 0x99, 0x99, 0x99, 0x98, 0x98,
  0x99, 0x99, 0x99, 0x99, 0x99, 0x98, 0x99, 0xa9, 0x9a, 0x89, 0xa9, 0x89, 0x99, 0x70, 0x00, 0x00, 0x00, 0x00, 0x77, 0x88, 0x88, 0x88, 0x99, 0x99,
  0xa9, 0x99, 0x99, 0x99, 0x9a, 0x99, 0x99, 0x99, 0x99, 0x99, 0xa9, 0x99, 0x99, 0x99, 0x9a, 0x99, 0x99, 0x99, 0xa9, 0x99, 0x99, 0x99, 0x99, 0x99,
  0x99, 0x99, 0x99, 0x99, 0x99, 0x99, 0x9a, 0x98, 0x98, 0x99, 0x89, 0x99, 0xa9, 0x88, 0x9c, 0x99, 0x99, 0x98, 0x99, 0x99, 0x88, 0x88, 0x98, 0x99,
  0x99, 0x99, 0x98, 0x99, 0x99, 0x99, 0x88, 0x88, 0x99, 0x99, 0x99, 0x89, 0x99, 0x99, 0x99, 0x99, 0x99, 0x99, 0x88, 0x99, 0x99, 0x99, 0x88, 0x89,
  0x99, 0x88, 0x99, 0x99, 0x99, 0x99, 0x99, 0x99, 0x99, 0x99, 0x99, 0xa9, 0x99, 0x99, 0x98, 0x99, 0x99, 0x98, 0x9a, 0x98, 0x99, 0x99, 0x99, 0x99,
  0x89, 0x99, 0x99, 0x99, 0x99, 0x99, 0x98, 0x87, 0x10, 0x00, 0x00, 0x00, 0x17, 0x88, 0x99, 0x89, 0x99, 0x99, 0x98, 0x99, 0x99, 0x9a, 0x89, 0xa9,
  0x99, 0x99, 0xaa, 0x99, 0x99, 0x99, 0x89, 0x89, 0x9a, 0x99, 0x99, 0x98, 0x99, 0x99, 0x99, 0xa9, 0x98, 0x89, 0x99, 0x98, 0x99, 0x99, 0x99, 0x98,
  0x99, 0x99, 0x98, 0x99, 0x99, 0x99, 0x99, 0x98, 0x99, 0x99, 0x99, 0x99, 0x99, 0x98, 0x88, 0x88, 0x98, 0x99, 0x88, 0x88, 0xa9, 0x99, 0x98, 0x89,
  0x99, 0x99, 0x99, 0x99, 0x99, 0x9a, 0x99, 0x98, 0x99, 0x99, 0x99, 0x99, 0xa9, 0x98, 0x99, 0x99, 0x88, 0x88, 0x99, 0x99, 0x88, 0x88, 0x88, 0x89,
  0x88, 0x88, 0x88, 0x88, 0x99, 0x98, 0x88, 0x99, 0x99, 0x99, 0x89, 0x99, 0x98, 0x99, 0xa9, 0x99, 0x99, 0x99, 0x99, 0x99, 0x9a, 0x99, 0x99, 0x99,
  0x88, 0x97, 0x10, 0x00, 0x00, 0x07, 0x79, 0x98, 0x99, 0x99, 0x88, 0x88, 0x99, 0x88, 0x88, 0x98, 0x99, 0x99, 0xa8, 0x99, 0x99, 0x89, 0x9a, 0x99,
  0x9a, 0x99, 0x99, 0x98, 0x89, 0x8a, 0x98, 0x88, 0x89, 0x88, 0x88, 0x88, 0x98, 0x99, 0x99, 0x88, 0x99, 0x99, 0x88, 0x99, 0x88, 0x88, 0x99, 0x99,
  0x88, 0x88, 0x99, 0x99, 0x99, 0x99, 0x88, 0x88, 0x88, 0x98, 0x99, 0x99, 0x99, 0x89, 0x88, 0x88, 0x88, 0x89, 0x88, 0x99, 0xa9, 0x99, 0xa9, 0x99,
  0x89, 0x99, 0x99, 0x9a, 0x89, 0x99, 0x99, 0x99, 0x99, 0x99, 0x88, 0x88, 0x99, 0x88, 0x99, 0x99, 0x99, 0x98, 0x98, 0x99, 0x88, 0x88, 0x98, 0x98,
  0x88, 0x99, 0x99, 0x89, 0x99, 0x99, 0x99, 0x99, 0x99, 0x89, 0x99, 0x99, 0x99, 0x99, 0x99, 0x98, 0x88, 0x99, 0x89, 0x77, 0x00, 0x00, 0x00, 0x01,
  0x78, 0x89, 0x87, 0x77, 0x77, 0x78, 0x88, 0x98, 0x89, 0x98, 0x88, 0x89, 0x89, 0x99, 0x88, 0x88, 0x88, 0x89, 0x99, 0x98, 0x89, 0x89, 0x89, 0x89,
  0x87, 0x88, 0x89, 0x89, 0x98, 0x97, 0x77, 0x88, 0x87, 0x77, 0x98, 0x98, 0x89, 0x89, 0x89, 0xa9, 0x88, 0x89, 0x88, 0x88, 0x89, 0x99, 0x98, 0x99,
  0x99, 0x89, 0x99, 0xa9, 0x89, 0x88, 0x98, 0x99, 0x97, 0x77, 0x77, 0x78, 0x98, 0x89, 0x99, 0x99, 0x89, 0x99, 0x88, 0x99, 0x99, 0x99, 0x99, 0x99,
  0x99, 0x99, 0x99, 0x98, 0x98, 0x99, 0x88, 0x89, 0x98, 0x98, 0x89, 0x87, 0x77, 0x77, 0x78, 0x88, 0x77, 0x79, 0x89, 0x98, 0x98, 0x99, 0x88, 0x99,
  0x89, 0x88, 0x88, 0x99, 0x99, 0x99, 0x99, 0x99, 0x88, 0x88, 0x89, 0x98, 0x97, 0x00, 0x00, 0x00, 0x00, 0x00, 0x17, 0x88, 0x87, 0x17, 0x71, 0x79,
  0x88, 0x89, 0x87, 0x77, 0x88, 0x98, 0x88, 0x89, 0x99, 0x9a, 0x99, 0x88, 0x88, 0x88, 0x88, 0x88, 0x89, 0x97, 0x77, 0x77, 0x77, 0x77, 0x89, 0x81,
  0x11, 0x88, 0x91, 0x71, 0x77, 0x77, 0x77, 0x77, 0x78, 0x88, 0x88, 0x88, 0x89, 0x98, 0x88, 0x99, 0x98, 0x99, 0x88, 0x77, 0x78, 0x88, 0x98, 0x78,
  0x98, 0x77, 0x77, 0x71, 0x17, 0x78, 0x88, 0x88, 0x98, 0x88, 0x77, 0x78, 0x99, 0x99, 0x89, 0x89, 0x88, 0x89, 0x89, 0x88, 0x98, 0x89, 0x88, 0x88,
  0x88, 0x77, 0x78, 0x87, 0x89, 0x81, 0x11, 0x11, 0x79, 0x88, 0x11, 0x17, 0x77, 0x98, 0x97, 0x77, 0x77, 0x78, 0x98, 0x89, 0x98, 0x88, 0x88, 0x88,
  0x88, 0x89, 0x98, 0x98, 0x98, 0x88, 0x77, 0x00, 0x00, 0x00, 0x00, 0x00, 0x17, 0x77, 0x70, 0x00, 0x00, 0x07, 0x77, 0x77, 0x77, 0x77, 0x89, 0x87,
  0x77, 0x88, 0x98, 0x98, 0x77, 0x78, 0x98, 0x87, 0x77, 0x77, 0x77, 0x71, 0x10, 0x71, 0x17, 0x11, 0x77, 0x70, 0x00, 0x77, 0x70, 0x00, 0x11, 0x17,
  0x17, 0x71, 0x19, 0x89, 0x89, 0x97, 0x77, 0x77, 0x78, 0x89, 0x77, 0x78, 0x98, 0x11, 0x19, 0x98, 0x77, 0x77, 0x77, 0x71, 0x70, 0x00, 0x00, 0x07,
  0x77, 0x77, 0x78, 0x88, 0x11, 0x77, 0x77, 0x88, 0x88, 0x98, 0x88, 0x99, 0x98, 0x89, 0x87, 0x77, 0x97, 0x79, 0x89, 0x71, 0x17, 0x71, 0x77, 0x70,
  0x00, 0x00, 0x07, 0x77, 0x00, 0x01, 0x11, 0x77, 0x77, 0x71, 0x71, 0x78, 0x89, 0x77, 0x78, 0x99, 0x99, 0x88, 0x88, 0x88, 0x88, 0x87, 0x89, 0x87,
  0x71, 0x00, 0x00, 0x00, 0x00, 0x00, 0x11, 0x00, 0x00, 0x00, 0x00, 0x07, 0x77, 0x00, 0x07, 0x17, 0x77, 0x78, 0x89, 0x11, 0x11, 0x17, 0x89, 0x97,
  0x77, 0x77, 0x10, 0x00, 0x71, 0x77, 0x10, 0x00, 0x07, 0x17, 0x00, 0x07, 0x71, 0x00, 0x00, 0x00, 0x77, 0x70, 0x00, 0x77, 0x77, 0x71, 0x77, 0x77,
  0x77, 0x77, 0x78, 0x98, 0x17, 0x17, 0x17, 0x77, 0x77, 0x77, 0x11, 0x00, 0x00, 0x00, 0x01, 0x77, 0x00, 0x07, 0x77, 0x00, 0x00, 0x00, 0x00, 0x07,
  0x77, 0x71, 0x77, 0x77, 0x77, 0x77, 0x77, 0x77, 0x71, 0x11, 0x77, 0x17, 0x77, 0x77, 0x71, 0x10, 0x71, 0x10, 0x00, 0x00, 0x00, 0x00, 0x00, 0x00,
  0x00, 0x00, 0x07, 0x77, 0x17, 0x77, 0x88, 0x71, 0x19, 0x98, 0x77, 0x78, 0x99, 0x77, 0x71, 0x70, 0x71, 0x77, 0x77, 0x00, 0x00, 0x00, 0x00, 0x00,
  0x00, 0x00, 0x00, 0x00, 0x00, 0x07, 0x77, 0x00, 0x00, 0x00, 0x71, 0x17, 0x77, 0x00, 0x00, 0x00, 0x77, 0x77, 0x17, 0x10, 0x00, 0x00, 0x00, 0x00,
  0x00, 0x00, 0x00, 0x00, 0x00, 0x00, 0x00, 0x00, 0x00, 0x00, 0x71, 0x70, 0x00, 0x00, 0x00, 0x00, 0x71, 0x11, 0x17, 0x17, 0x17, 0x77, 0x00, 0x01,
  0x00, 0x71, 0x11, 0x71, 0x00, 0x00, 0x00, 0x00, 0x00, 0x00, 0x00, 0x00, 0x00, 0x00, 0x00, 0x00, 0x00, 0x01, 0x71, 0x00, 0x07, 0x77, 0x71, 0x17,
  0x11, 0x17, 0x10, 0x00, 0x70, 0x01, 0x11, 0x00, 0x00, 0x00, 0x00, 0x00, 0x00, 0x00, 0x00, 0x00, 0x00, 0x00, 0x00, 0x00, 0x01, 0x77, 0x00, 0x01,
  0x77, 0x00, 0x07, 0x77, 0x17, 0x17, 0x77, 0x17, 0x10, 0x00, 0x00, 0x01, 0x77, 0x00, 0x00, 0x00, 0x00, 0x00, 0x00, 0x00, 0x00, 0x00, 0x00, 0x00,
  0x00, 0x00, 0x00, 0x00, 0x00, 0x07, 0x77, 0x00, 0x00, 0x00, 0x11, 0x10, 0x00, 0x00, 0x00, 0x00, 0x00, 0x00, 0x00, 0x00, 0x00, 0x00, 0x00, 0x00,
  0x00, 0x00, 0x00, 0x00, 0x00, 0x00, 0x00, 0x00, 0x00, 0x00, 0x00, 0x00, 0x00, 0x00, 0x01, 0x11, 0x00, 0x00, 0x00, 0x00, 0x00, 0x00, 0x00, 0x00,
  0x00, 0x00, 0x00, 0x00, 0x00, 0x00, 0x00, 0x00, 0x00, 0x00, 0x00, 0x00, 0x00, 0x00, 0x00, 0x00, 0x00, 0x00, 0x00, 0x00, 0x00, 0x00, 0x00, 0x00,
  0x00, 0x00, 0x00, 0x00, 0x00, 0x00, 0x00, 0x00, 0x00, 0x00, 0x00, 0x00, 0x00, 0x00, 0x00, 0x00, 0x00, 0x00, 0x17, 0x00, 0x07, 0x71, 0x00, 0x01,
  0x71, 0x00, 0x00, 0x00, 0x00, 0x00, 0x00, 0x00, 0x00, 0x00, 0x00, 0x00, 0x00, 0x00, 0x00, 0x00, 0x00, 0x00, 0x00, 0x00, 0x00, 0x00, 0x00, 0x00,
  0x00, 0x00, 0x00, 0x00, 0x00, 0x00, 0x00, 0x00, 0x00, 0x00, 0x00, 0x00, 0x00, 0x00, 0x00, 0x00, 0x00, 0x00, 0x00, 0x00, 0x00, 0x00, 0x00, 0x00,
  0x00, 0x00, 0x00, 0x00, 0x00, 0x00, 0x00, 0x00, 0x00, 0x00, 0x00, 0x00, 0x00, 0x00, 0x00, 0x00, 0x00, 0x00, 0x00, 0x00, 0x00, 0x00, 0x00, 0x00,
  0x00, 0x00, 0x00, 0x00, 0x00, 0x00, 0x00, 0x00, 0x00, 0x00, 0x00, 0x00, 0x00, 0x00, 0x00, 0x00, 0x00, 0x00, 0x00, 0x00, 0x00, 0x00, 0x00, 0x00,
  0x00, 0x00, 0x00, 0x00, 0x00, 0x00, 0x00, 0x00, 0x00, 0x00, 0x00, 0x00, 0x00, 0x00, 0x00, 0x00, 0x00, 0x00, 0x00, 0x00, 0x00, 0x00, 0x00, 0x00,
  0x00, 0x00, 0x00, 0x00, 0x00, 0x00, 0x00, 0x00, 0x00, 0x00, 0x00, 0x00, 0x00, 0x00, 0x00, 0x00, 0x00, 0x00, 0x00, 0x00, 0x00, 0x00, 0x00, 0x00,
  0x00, 0x00, 0x00, 0x00, 0x00, 0x00, 0x00, 0x00, 0x00, 0x00, 0x00, 0x00, 0x00, 0x00, 0x00, 0x00, 0x00, 0x00, 0x00, 0x00, 0x00, 0x00, 0x00, 0x00,
  0x00, 0x00, 0x00, 0x00, 0x00, 0x00, 0x00, 0x00, 0x00, 0x00, 0x00, 0x00, 0x00, 0x00, 0x00, 0x00, 0x00, 0x00, 0x00, 0x00, 0x00, 0x00, 0x00, 0x00,
  0x00, 0x00, 0x00, 0x00, 0x00, 0x00, 0x00, 0x00, 0x00, 0x00, 0x00, 0x00, 0x00, 0x00, 0x00, 0x00, 0x00, 0x00, 0x00, 0x00, 0x00, 0x00, 0x00, 0x00,
  0x00, 0x00, 0x00, 0x00, 0x00, 0x00, 0x00, 0x00, 0x00, 0x00, 0x00, 0x00, 0x00, 0x00, 0x00, 0x00, 0x00, 0x00, 0x00, 0x00, 0x00, 0x00,
};
const lv_img_dsc_t rune_scroll_row = {
  {LV_IMG_CF_INDEXED_4BIT, 0, 0, 228, 47},
  5422,
  rune_scroll_row_map
};

const uint8_t rune_scroll_utility_map[] = {
  0x00, 0x00, 0x00, 0x00, 0x1a, 0x1d, 0x1e, 0xff, 0x28, 0x2e, 0x30, 0xff, 0x39, 0x40, 0x42, 0xff, 0x4b, 0x53, 0x55, 0xff, 0x5e, 0x68, 0x6b, 0xff,
  0x73, 0x82, 0x86, 0xff, 0x44, 0x57, 0x68, 0xff, 0x66, 0x83, 0x97, 0xff, 0x87, 0xa7, 0xba, 0xff, 0x9c, 0xc0, 0xd2, 0xff, 0xae, 0xd2, 0xe4, 0xff,
  0x56, 0x6b, 0x72, 0xff, 0x49, 0x79, 0x68, 0xff, 0x51, 0xa1, 0xcc, 0xff, 0x31, 0x40, 0x8f, 0xff, 0x00, 0x00, 0x00, 0x00, 0x00, 0x00, 0x00, 0x00,
  0x00, 0x00, 0x00, 0x00, 0x00, 0x00, 0x00, 0x00, 0x00, 0x00, 0x00, 0x00, 0x00, 0x00, 0x00, 0x00, 0x00, 0x00, 0x00, 0x00, 0x00, 0x00, 0x00, 0x00,
  0x00, 0x00, 0x00, 0x00, 0x00, 0x00, 0x00, 0x00, 0x00, 0x00, 0x00, 0x00, 0x00, 0x00, 0x00, 0x00, 0x00, 0x00, 0x00, 0x00, 0x00, 0x00, 0x00, 0x00,
  0x00, 0x00, 0x00, 0x00, 0x00, 0x00, 0x00, 0x00, 0x00, 0x00, 0x00, 0x00, 0x00, 0x00, 0x00, 0x00, 0x00, 0x00, 0x00, 0x00, 0x00, 0x00, 0x00, 0x00,
  0x00, 0x00, 0x00, 0x00, 0x00, 0x00, 0x00, 0x00, 0x00, 0x00, 0x00, 0x00, 0x00, 0x00, 0x00, 0x00, 0x00, 0x00, 0x00, 0x00, 0x00, 0x00, 0x00, 0x00,
  0x00, 0x00, 0x00, 0x00, 0x00, 0x00, 0x00, 0x00, 0x00, 0x00, 0x00, 0x00, 0x00, 0x00, 0x00, 0x01, 0x00, 0x00, 0x00, 0x00, 0x00, 0x00, 0x00, 0x00,
  0x00, 0x00, 0x00, 0x00, 0x00, 0x00, 0x00, 0x00, 0x00, 0x00, 0x00, 0x00, 0x71, 0x11, 0x71, 0x77, 0x70, 0x00, 0x00, 0x00, 0x00, 0x00, 0x00, 0x00,
  0x00, 0x00, 0x00, 0x00, 0x00, 0x00, 0x00, 0x00, 0x00, 0x00, 0x00, 0x00, 0x00, 0x00, 0x00, 0x00, 0x01, 0x11, 0x00, 0x00, 0x00, 0x00, 0x00, 0x00,
  0x00, 0x01, 0x00, 0x00, 0x00, 0x00, 0x00, 0x00, 0x00, 0x00, 0x00, 0x00, 0x00, 0x00, 0x00, 0x00, 0x01, 0x10, 0x00, 0x17, 0x71, 0x77, 0x77, 0x77,
  0x77, 0x77, 0x70, 0x00, 0x77, 0x77, 0x77, 0x00, 0x01, 0x71, 0x00, 0x00, 0x00, 0x00, 0x00, 0x00, 0x00, 0x00, 0x00, 0x00, 0x00, 0x00, 0x00, 0x07,
  0x11, 0x00, 0x00, 0x00, 0x77, 0x00, 0x00, 0x00, 0x00, 0x00, 0x00, 0x01, 0x10, 0x00, 0x11, 0x71, 0x17, 0x00, 0x00, 0x00, 0x00, 0x00, 0x00, 0x00,
  0x07, 0x77, 0x77, 0x70, 0x00, 0x77, 0x77, 0x88, 0x77, 0x79, 0x88, 0x88, 0x81, 0x77, 0x88, 0x99, 0x87, 0x11, 0x17, 0x77, 0x71, 0x71, 0x77, 0x00,
  0x00, 0x00, 0x17, 0x70, 0x00, 0x00, 0x00, 0x11, 0x11, 0x77, 0x77, 0x00, 0x17, 0x11, 0x71, 0x00, 0x00, 0x00, 0x00, 0x00, 0x00, 0x77, 0x71, 0x11,
  0x77, 0x77, 0x77, 0x11, 0x70, 0x00, 0x71, 0x70, 0x00, 0x00, 0x07, 0x77, 0x79, 0x97, 0x11, 0x99, 0x88, 0x89, 0x88, 0x98, 0x89, 0x88, 0x97, 0x77,
  0x89, 0x88, 0x89, 0x77, 0x79, 0x88, 0x77, 0x77, 0x77, 0x00, 0x07, 0x71, 0x77, 0x77, 0x17, 0x00, 0x07, 0x77, 0x77, 0x79, 0x99, 0x71, 0x77, 0x77,
  0x97, 0x10, 0x00, 0x00, 0x00, 0x00, 0x00, 0x78, 0x87, 0x77, 0x89, 0x88, 0x98, 0x77, 0x78, 0x88, 0x77, 0x78, 0x89, 0x77, 0x77, 0x77, 0x17, 0x77,
  0x77, 0x77, 0x79, 0x99, 0xaa, 0xa9, 0x88, 0x88, 0x88, 0x88, 0x88, 0x99, 0xa8, 0x98, 0x89, 0x99, 0x89, 0x98, 0x99, 0x77, 0x71, 0x11, 0x17, 0x78,
  0x88, 0x11, 0x77, 0x88, 0x77, 0x78, 0x89, 0x88, 0x88, 0x88, 0x88, 0x70, 0x00, 0x00, 0x00, 0x00, 0x01, 0x89, 0xa9, 0x88, 0x89, 0x99, 0x99, 0x88,
  0x89, 0x99, 0x89, 0x88, 0x89, 0x98, 0x88, 0x88, 0x79, 0x98, 0x89, 0x99, 0x98, 0xaa, 0x98, 0x98, 0x99, 0x89, 0x89, 0x99, 0xaa, 0xaa, 0x99, 0x99,
  0x9a, 0x99, 0x99, 0x98, 0x89, 0x98, 0x97, 0x77, 0x77, 0x78, 0x99, 0x77, 0x78, 0x98, 0x88, 0x88, 0x88, 0x89, 0x99, 0x99, 0xa8, 0x80, 0x00, 0x00,
  0x00, 0x00, 0x17, 0x98, 0x98, 0x89, 0x99, 0x89, 0x99, 0x88, 0x99, 0x99, 0x98, 0x98, 0x99, 0x89, 0x98, 0x99, 0x98, 0x88, 0x88, 0x89, 0x8a, 0xaa,
  0xaa, 0xaa, 0x99, 0x99, 0x99, 0x99, 0x99, 0x99, 0x99, 0x99, 0x99, 0x99, 0x99, 0x99, 0x99, 0x88, 0x99, 0x89, 0x99, 0x99, 0xaa, 0x88, 0x99, 0x99,
  0x98, 0x89, 0x99, 0x99, 0xaa, 0xa8, 0x98, 0x70, 0x00, 0x00, 0x00, 0x00, 0x77, 0x88, 0xaa, 0xaa, 0x99, 0x9a, 0x98, 0x99, 0x88, 0x89, 0xaa, 0xaa,
  0x99, 0x99, 0x99, 0x99, 0x99, 0x99, 0xa9, 0x99, 0x89, 0x99, 0x89, 0x99, 0x99, 0x99, 0x9a, 0x9a, 0xaa, 0xaa, 0x98, 0x99, 0x99, 0x99, 0x99, 0x98,
  0x89, 0x99, 0x99, 0x89, 0x89, 0x89, 0xaa, 0x88, 0x99, 0x99, 0xaa, 0xaa, 0xaa, 0xaa, 0x99, 0x98, 0x88, 0x71, 0x00, 0x00, 0x00, 0x00, 0x17, 0x89,
  0x99, 0x99, 0x99, 0x99, 0x99, 0xaa, 0x89, 0x89, 0xaa, 0xaa, 0x99, 0x99, 0x9a, 0x89, 0x99, 0x89, 0x99, 0x99, 0x99, 0x99, 0x99, 0x99, 0x99, 0x99,
  0x98, 0x99, 0x99, 0x99, 0x98, 0x99, 0x9a, 0xaa, 0xa9, 0x99, 0x99, 0x99, 0x8a, 0x99, 0x98, 0x99, 0x9a, 0x99, 0xa8, 0x99, 0x99, 0x99, 0x99, 0xa9,
  0xaa, 0x98, 0x89, 0x77, 0x00, 0x00, 0x00, 0x01, 0x78, 0xaa, 0x99, 0x99, 0x99, 0x99, 0x98, 0x99, 0x99, 0x99, 0x99, 0x88, 0x99, 0xaa, 0x99, 0x99,
  0x99, 0x89, 0x99, 0x99, 0x99, 0x89, 0x98, 0x99, 0x99, 0x99, 0x99, 0x98, 0x99, 0x99, 0x99, 0x99, 0x9a, 0xaa, 0x99, 0x99, 0x99, 0x98, 0x99, 0xa9,
  0x99, 0x99, 0x99, 0x99, 0x99, 0x99, 0x98, 0x99, 0xa9, 0x89, 0x99, 0x88, 0x97, 0x10, 0x00, 0x00, 0x00, 0x00, 0x17, 0x89, 0x99, 0x99, 0x99, 0x99,
  0x89, 0x99, 0x98, 0x99, 0xaa, 0xa9, 0x99, 0x9a, 0x99, 0x99, 0x99, 0x89, 0xaa, 0x9a, 0x99, 0x89, 0x99, 0x99, 0x98, 0xaa, 0x99, 0x89, 0x99, 0x99,
  0x99, 0x99, 0x99, 0x99, 0x99, 0x89, 0x9a, 0x89, 0x99, 0x99, 0x99, 0x9a, 0xaa, 0xa9, 0xa9, 0x98, 0x99, 0x89, 0x98, 0x99, 0x98, 0x87, 0x97, 0x70,
  0x00, 0x00, 0x00, 0x00, 0x17, 0x99, 0x99, 0x99, 0x89, 0x99, 0x98, 0x98, 0x98, 0x99, 0x99, 0x99, 0x99, 0x99, 0x99, 0x99, 0x99, 0xa9, 0x99, 0x99,
  0x99, 0x99, 0x99, 0x99, 0x89, 0x99, 0x99, 0x89, 0x99, 0x89, 0x99, 0x99, 0x99, 0x99, 0x99, 0x99, 0x99, 0x99, 0x99, 0x99, 0x99, 0x99, 0x9a, 0x99,
  0x99, 0x99, 0x99, 0x99, 0x99, 0x99, 0x99, 0x97, 0x87, 0x10, 0x00, 0x00, 0x00, 0x00, 0x17, 0x89, 0x99, 0x99, 0x99, 0x99, 0x99, 0x99, 0x99, 0x99,
  0x99, 0x99, 0x99, 0x9a, 0x99, 0x99, 0x99, 0x99, 0x89, 0x99, 0x99, 0xa9, 0x99, 0x99, 0x98, 0x99, 0xaa, 0xa9, 0x99, 0x99, 0x98, 0x99, 0x9a, 0x89,
  0x98, 0x99, 0x99, 0x99, 0x99, 0x99, 0x88, 0x99, 0x99, 0x99, 0x99, 0x99, 0x99, 0x99, 0x99, 0x99, 0x98, 0x97, 0x87, 0x10, 0x00, 0x00, 0x00, 0x07,
  0x78, 0x89, 0x99, 0x99, 0x99, 0x99, 0x88, 0x99, 0x99, 0x89, 0x9a, 0x99, 0x98, 0x89, 0x99, 0x99, 0x99, 0x99, 0x99, 0x99, 0xa9, 0x99, 0xa9, 0x99,
  0xa9, 0x89, 0x9a, 0x99, 0x89, 0x99, 0x99, 0x99, 0xa9, 0x99, 0x99, 0x99, 0xa9, 0x98, 0x99, 0x99, 0x99, 0x99, 0x99, 0x88, 0x99, 0x99, 0x99, 0x99,
  0x99, 0x99, 0x89, 0x87, 0x77, 0x00, 0x00, 0x00, 0x00, 0x01, 0x79, 0x89, 0x9a, 0x99, 0x99, 0x99, 0x99, 0x99, 0x99, 0x99, 0x99, 0x99, 0x99, 0x89,
  0x99, 0x99, 0x99, 0x99, 0x99, 0x99, 0x98, 0x99, 0x99, 0x99, 0x99, 0x99, 0x99, 0x99, 0x99, 0x89, 0x99, 0x99, 0x99, 0x99, 0x88, 0x99, 0x99, 0x99,
  0x99, 0x99, 0x99, 0x99, 0x99, 0x89, 0x98, 0x99, 0x99, 0x99, 0x99, 0x99, 0x98, 0x87, 0x71, 0x00, 0x00, 0x00, 0x00, 0x01, 0x78, 0x88, 0x99, 0x99,
  0x99, 0x99, 0x9a, 0xc9, 0x98, 0x99, 0x99, 0x99, 0x99, 0x99, 0x99, 0x9a, 0x99, 0x99, 0x99, 0x99, 0x99, 0x89, 0x99, 0x99, 0x99, 0x99, 0x99, 0x99,
  0x99, 0x99, 0x99, 0x98, 0x99, 0x99, 0x99, 0x99, 0x99, 0x99, 0x99, 0x99, 0x9a, 0x99, 0x99, 0x99, 0x99, 0x99, 0x99, 0x99, 0x98, 0x89, 0x98, 0x87,
  0x71, 0x00, 0x00, 0x00, 0x00, 0x01, 0x78, 0x88, 0x9a, 0x99, 0x89, 0x99, 0x9a, 0x88, 0x99, 0x99, 0x9a, 0x99, 0x99, 0xa9, 0x89, 0x99, 0x99, 0x99,
  0xa9, 0x99, 0x99, 0x98, 0x99, 0x99, 0x99, 0x99, 0x98, 0xa9, 0x99, 0x99, 0x99, 0x99, 0x89, 0xa9, 0x89, 0x99, 0x99, 0x99, 0x99, 0x99, 0x99, 0x99,
  0x9a, 0x99, 0x99, 0x99, 0x89, 0x99, 0x99, 0x99, 0x99, 0x99, 0x77, 0x00, 0x00, 0x00, 0x00, 0x00, 0x17, 0x78, 0x89, 0x99, 0x99, 0x99, 0x9a, 0x9c,
  0xa9, 0x99, 0x99, 0x99, 0x98, 0x98, 0x99, 0x99, 0x99, 0x98, 0x99, 0x99, 0x99, 0x99, 0x99, 0x99, 0x99, 0x99, 0x99, 0x99, 0x99, 0x99, 0xa9, 0x99,
  0x99, 0x99, 0x99, 0x98, 0x99, 0x99, 0x99, 0x99, 0x99, 0x99, 0x99, 0x89, 0x98, 0x99, 0x99, 0x99, 0x89, 0x99, 0x99, 0x99, 0x87, 0x17, 0x00, 0x00,
  0x00, 0x00, 0x17, 0x78, 0x89, 0x9a, 0x98, 0x99, 0x99, 0x98, 0x99, 0x99, 0x99, 0x99, 0x99, 0xa9, 0x99, 0x98, 0x89, 0x99, 0x99, 0xa9, 0x99, 0x99,
  0x9a, 0x99, 0x99, 0x98, 0x89, 0x99, 0x99, 0x99, 0x99, 0x99, 0x99, 0x99, 0x99, 0x99, 0x99, 0x99, 0x99, 0x99, 0x99, 0x99, 0x9a, 0x99, 0x99, 0x99,
  0x99, 0x99, 0x99, 0x99, 0x99, 0x99, 0x87, 0x71, 0x00, 0x00, 0x00, 0x01, 0x78, 0x99, 0xa9, 0x99, 0x9a, 0x99, 0x99, 0x99, 0x99, 0x99, 0x9a, 0x89,
  0x99, 0x9a, 0x99, 0x99, 0x98, 0x99, 0x99, 0x99, 0x99, 0x99, 0x99, 0x99, 0x99, 0xa9, 0x99, 0x99, 0x99, 0x99, 0x99, 0x99, 0x99, 0x99, 0x99, 0x99,
  0x98, 0x99, 0x98, 0x99, 0x99, 0x98, 0x99, 0x99, 0x99, 0x99, 0x99, 0x99, 0x99, 0x99, 0x98, 0x99, 0x87, 0x70, 0x00, 0x00, 0x00, 0x07, 0x78, 0x89,
  0x99, 0x98, 0x99, 0x99, 0x99, 0x98, 0x99, 0x99, 0x99, 0x99, 0x9a, 0x99, 0x99, 0x99, 0xa9, 0x99, 0x98, 0x99, 0x9a, 0x99, 0x99, 0x99, 0x99, 0x99,
  0x99, 0x98, 0x89, 0x99, 0x89, 0x9a, 0x99, 0x99, 0x99, 0x99, 0x99, 0x99, 0x99, 0x99, 0x99, 0x99, 0x99, 0x99, 0x99, 0x99, 0x99, 0x99, 0x99, 0x9a,
  0x99, 0x99, 0x97, 0x10, 0x00, 0x00, 0x00, 0x00, 0x17, 0x89, 0x99, 0x99, 0x8a, 0x99, 0x99, 0x89, 0x99, 0x99, 0x99, 0xa9, 0x99, 0x99, 0x99, 0x99,
  0x99, 0x89, 0x99, 0x9a, 0x99, 0x99, 0xa9, 0x99, 0x99, 0x98, 0x98, 0x99, 0x99, 0x89, 0xaa, 0x99, 0x99, 0x98, 0x99, 0x89, 0x99, 0x99, 0x99, 0x9a,
  0x99, 0x99, 0x99, 0x99, 0x99, 0x99, 0x99, 0x99, 0x9a, 0x99, 0x99, 0x99, 0x99, 0x70, 0x00, 0x00, 0x00, 0x00, 0x07, 0x17, 0x88, 0x99, 0x99, 0x99,
  0x98, 0x99, 0x99, 0x99, 0x98, 0x99, 0x99, 0x99, 0x99, 0x99, 0x99, 0x99, 0x88, 0x98, 0x99, 0x99, 0x99, 0x99, 0x99, 0x99, 0x99, 0x98, 0x99, 0x99,
  0x99, 0x99, 0x99, 0x98, 0x99, 0x99, 0x89, 0x89, 0x99, 0x99, 0x99, 0x98, 0x99, 0x99, 0x99, 0x99, 0x99, 0x99, 0x9a, 0xa9, 0x99, 0x98, 0x98, 0x87,
  0x70, 0x00, 0x00, 0x00, 0x07, 0x17, 0x88, 0x99, 0x99, 0x99, 0x99, 0x99, 0x99, 0x99, 0x99, 0x89, 0x99, 0x99, 0x99, 0x99, 0xa9, 0x99, 0xa9, 0x99,
  0x99, 0x99, 0x99, 0x98, 0x99, 0x99, 0x99, 0x99, 0x99, 0xa9, 0x99, 0x99, 0x99, 0x99, 0x98, 0x99, 0x99, 0x89, 0x9a, 0x99, 0x99, 0x9a, 0x99, 0x89,
  0x99, 0x99, 0x99, 0xa9, 0x99, 0x99, 0x99, 0x99, 0x98, 0x87, 0x10, 0x00, 0x00, 0x00, 0x01, 0x17, 0x88, 0x89, 0xa9, 0x98, 0x99, 0x89, 0x99, 0x99,
  0x99, 0x9a, 0x99, 0x99, 0x99, 0x99, 0x99, 0x99, 0x99, 0x99, 0x99, 0x99, 0x89, 0x99, 0x98, 0x99, 0x99, 0x99, 0x99, 0x99, 0x9a, 0x99, 0x99, 0x99,
  0x99, 0x89, 0x99, 0x99, 0x99, 0x99, 0x99, 0x99, 0x99, 0x99, 0x99, 0x98, 0x89, 0x99, 0x9a, 0x89, 0xa9, 0x99, 0x98, 0x87, 0x10, 0x00, 0x00, 0x00,
  0x07, 0x99, 0x99, 0x99, 0x99, 0x99, 0x98, 0x99, 0x99, 0x89, 0x99, 0x99, 0x99, 0x99, 0x89, 0x99, 0x99, 0x99, 0x99, 0x99, 0x99, 0x99, 0xa9, 0x9a,
  0x99, 0x99, 0x98, 0x99, 0x89, 0x99, 0x99, 0x89, 0x89, 0x99, 0x99, 0x99, 0x99, 0x99, 0x99, 0x99, 0x99, 0x99, 0x99, 0x99, 0x99, 0x99, 0x98, 0x98,
  0x89, 0x99, 0x99, 0x98, 0x89, 0x80, 0x00, 0x00, 0x00, 0x00, 0x01, 0x89, 0x98, 0x99, 0x99, 0x89, 0x99, 0x98, 0x99, 0x99, 0x9a, 0x99, 0x99, 0x99,
  0x99, 0x99, 0x99, 0x99, 0x99, 0x89, 0x99, 0x99, 0x89, 0x99, 0x89, 0x99, 0x99, 0x89, 0x99, 0x99, 0x99, 0x99, 0x99, 0x99, 0x99, 0x99, 0x99, 0x99,
  0x99, 0x89, 0x99, 0x99, 0x98, 0x89, 0x99, 0x98, 0x99, 0x99, 0x99, 0x88, 0x99, 0x98, 0x98, 0x80, 0x00, 0x00, 0x00, 0x00, 0x01, 0x99, 0x98, 0x98,
  0x99, 0x99, 0x99, 0x99, 0x99, 0x99, 0x99, 0x99, 0x99, 0x99, 0x99, 0x99, 0x99, 0x89, 0x99, 0x99, 0x99, 0x99, 0x89, 0x99, 0x99, 0x99, 0x99, 0x89,
  0x99, 0x99, 0x99, 0xa9, 0x99, 0x89, 0x99, 0x99, 0x99, 0x89, 0x99, 0x99, 0x99, 0x99, 0x99, 0x99, 0xa9, 0x89, 0x99, 0x99, 0x99, 0x99, 0x89, 0xa8,
  0x98, 0x80, 0x00, 0x00, 0x00, 0x00, 0x00, 0x89, 0x99, 0x99, 0x99, 0x99, 0x99, 0x9c, 0x89, 0x99, 0x99, 0x99, 0x99, 0xa9, 0x9a, 0x89, 0x99, 0x99,
  0x9a, 0x99, 0x89, 0xa8, 0x99, 0x99, 0x99, 0x99, 0x99, 0x9a, 0x99, 0x99, 0x89, 0x89, 0x99, 0xaa, 0x99, 0x99, 0x99, 0x99, 0x99, 0x99, 0x99, 0x99,
  0x89, 0x99, 0x99, 0x99, 0x99, 0x99, 0x9a, 0xa9, 0x99, 0x98, 0x98, 0x80, 0x00, 0x00, 0x00, 0x00, 0x01, 0x88, 0x9a, 0x99, 0x9a, 0x99, 0xa9, 0x99,
  0x99, 0x99, 0x98, 0x98, 0x98, 0xa9, 0x99, 0x99, 0x99, 0x99, 0x98, 0x9a, 0x99, 0x99, 0x99, 0x99, 0x99, 0x99, 0x99, 0x99, 0x98, 0x99, 0x98, 0x99,
  0x99, 0x99, 0x99, 0x9a, 0x99, 0x99, 0xa9, 0x99, 0x9c, 0x99, 0x99, 0x99, 0x99, 0x99, 0x99, 0x99, 0x99, 0x98, 0x99, 0x88, 0x98, 0x70, 0x00, 0x00,
  0x00, 0x00, 0x07, 0x99, 0x99, 0x98, 0x89, 0x99, 0x99, 0x99, 0x99, 0x99, 0x99, 0x98, 0x99, 0x99, 0x99, 0x89, 0x99, 0x99, 0x99, 0x99, 0x99, 0x98,
  0x9a, 0x99, 0x98, 0x99, 0x99, 0x99, 0x99, 0x89, 0x89, 0x99, 0x99, 0x99, 0x98, 0x99, 0x99, 0x8a, 0x99, 0x89, 0x99, 0x99, 0x99, 0x99, 0x99, 0x99,
  0x99, 0x99, 0x99, 0x99, 0xa9, 0x89, 0x98, 0x70, 0x00, 0x00, 0x00, 0x00, 0x17, 0x88, 0x99, 0x9a, 0x98, 0x99, 0x99, 0x99, 0x99, 0x99, 0xa9, 0x99,
  0x98, 0x99, 0x89, 0x99, 0x89, 0x99, 0x99, 0x99, 0x99, 0x99, 0xa9, 0x88, 0x99, 0x99, 0x99, 0x99, 0x98, 0x99, 0x99, 0x99, 0x98, 0x98, 0x99, 0x99,
  0x99, 0x99, 0x99, 0x99, 0x99, 0x99, 0x99, 0x99, 0x99, 0x89, 0x99, 0x99, 0x99, 0x99, 0x89, 0x88, 0x71, 0x01, 0x00, 0x00, 0x00, 0x00, 0x77, 0x89,
  0x88, 0x99, 0x99, 0x99, 0x99, 0x9a, 0xa9, 0x99, 0x99, 0x99, 0x99, 0x99, 0xa9, 0x99, 0x99, 0x89, 0x99, 0x99, 0x89, 0x9a, 0x99, 0x89, 0x99, 0x89,
  0x9a, 0x99, 0x99, 0x99, 0x99, 0x99, 0x99, 0x89, 0x99, 0x99, 0x98, 0x99, 0x99, 0x99, 0x89, 0x89, 0x98, 0x99, 0x98, 0x99, 0x99, 0x99, 0x89, 0x99,
  0x89, 0x88, 0x71, 0x01, 0x00, 0x00, 0x00, 0x01, 0x79, 0x99, 0x99, 0x89, 0x99, 0x99, 0xa9, 0x99, 0x89, 0x99, 0x98, 0x98, 0x89, 0x99, 0x99, 0x99,
  0x99, 0x89, 0x99, 0x99, 0x89, 0x99, 0x98, 0x99, 0x99, 0x99, 0x99, 0xa9, 0x99, 0xa9, 0x99, 0x99, 0x99, 0x99, 0x99, 0x99, 0x99, 0xa9, 0x99, 0x99,
  0x99, 0x99, 0x98, 0x89, 0x99, 0x99, 0x99, 0x99, 0x98, 0xa9, 0x99, 0x87, 0x10, 0x00, 0x00, 0x00, 0x00, 0x00, 0x17, 0x88, 0x99, 0x99, 0x99, 0x99,
  0x99, 0x99, 0x99, 0x99, 0x99, 0x99, 0x98, 0x98, 0x99, 0x99, 0xaa, 0x99, 0x99, 0x99, 0x99, 0x99, 0x98, 0x99, 0x99, 0x99, 0x99, 0x99, 0x99, 0xa9,
  0x99, 0x99, 0x99, 0x99, 0x99, 0x98, 0x99, 0x99, 0x98, 0x99, 0xa9, 0x9a, 0x89, 0x99, 0x99, 0x99, 0x99, 0x99, 0xa9, 0xa9, 0x89, 0x99, 0x10, 0x00,
  0x00, 0x00, 0x00, 0x00, 0x17, 0x98, 0x99, 0x99, 0x99, 0x99, 0x99, 0xa9, 0x98, 0x99, 0x99, 0x99, 0x89, 0x99, 0x99, 0x99, 0x99, 0x99, 0x9a, 0x99,
  0x99, 0x99, 0x99, 0x98, 0x99, 0x99, 0x98, 0x99, 0x99, 0x9a, 0x99, 0x99, 0x99, 0x99, 0x99, 0x99, 0x98, 0x99, 0x99, 0x99, 0x99, 0xc9, 0x89, 0x99,
  0x99, 0x99, 0x98, 0x89, 0x99, 0xa9, 0x99, 0x99, 0x10, 0x00, 0x00, 0x00, 0x00, 0x00, 0x17, 0x89, 0xa9, 0x99, 0x99, 0x99, 0x99, 0x89, 0x89, 0x99,
  0x99, 0x98, 0x98, 0x99, 0x99, 0x9a, 0x98, 0x99, 0x99, 0x99, 0x99, 0x99, 0x99, 0x99, 0x9a, 0x99, 0x99, 0x99, 0x99, 0x89, 0x99, 0x99, 0x99, 0x99,
  0xa8, 0x99, 0x89, 0x99, 0x99, 0x99, 0x99, 0x99, 0x99, 0x88, 0x99, 0x99, 0x9a, 0x99, 0x99, 0x99, 0x9a, 0x99, 0x10, 0x00, 0x00, 0x00, 0x00, 0x07,
  0x89, 0x89, 0x99, 0x99, 0xa9, 0x89, 0x99, 0x99, 0x99, 0x89, 0x99, 0x99, 0xa9, 0x99, 0x99, 0x8a, 0x99, 0x99, 0x99, 0x99, 0x99, 0x98, 0x89, 0xa9,
  0x99, 0x99, 0x9a, 0x99, 0x89, 0x9a, 0x99, 0x99, 0x89, 0x99, 0x99, 0x99, 0x99, 0x99, 0x99, 0x98, 0x99, 0x99, 0xa9, 0x99, 0x99, 0x99, 0x99, 0x98,
  0x99, 0x9a, 0x99, 0x88, 0x87, 0x70, 0x00, 0x00, 0x00, 0x07, 0x88, 0x89, 0x99, 0x99, 0x99, 0x99, 0x99, 0x99, 0x99, 0x99, 0x99, 0x99, 0x99, 0x89,
  0x99, 0x99, 0x99, 0x99, 0x99, 0x99, 0x99, 0x99, 0x99, 0x89, 0x99, 0xa9, 0xaa, 0x89, 0x99, 0x99, 0xa9, 0xa9, 0x99, 0x99, 0x99, 0x99, 0x99, 0xa8,
  0x99, 0x99, 0x99, 0x89, 0x99, 0x98, 0x99, 0x99, 0x99, 0x99, 0x89, 0x99, 0x99, 0x98, 0x87, 0x10, 0x00, 0x00, 0x00, 0x07, 0x89, 0x99, 0x99, 0x99,
  0x98, 0x99, 0x99, 0x99, 0x99, 0x98, 0x98, 0x99, 0x99, 0x99, 0x99, 0x99, 0x99, 0x99, 0x99, 0x99, 0x9a, 0x99, 0x99, 0x99, 0x99, 0x99, 0x9a, 0x99,
  0x99, 0x99, 0x99, 0x99, 0x99, 0x99, 0x99, 0x99, 0x99, 0x98, 0x99, 0x99, 0x99, 0x99, 0x99, 0x99, 0x89, 0x99, 0x99, 0x99, 0x99, 0x98, 0xa9, 0x88,
  0x87, 0x10, 0x00, 0x00, 0x00, 0x00, 0x01, 0x79, 0x99, 0x99, 0x99, 0x99, 0x99, 0x99, 0x99, 0x99, 0x99, 0xa9, 0x99, 0x99, 0x99, 0x99, 0x99, 0x99,
  0x98, 0x99, 0x98, 0x99, 0x99, 0x99, 0x99, 0x99, 0x99, 0x99, 0x99, 0x99, 0x89, 0x99, 0x99, 0x99, 0x99, 0x9a, 0x89, 0x89, 0x99, 0x99, 0x89, 0x99,
  0x9a, 0x99, 0x89, 0x9a, 0x99, 0x99, 0x99, 0x89, 0x99, 0x89, 0x71, 0x00, 0x00, 0x00, 0x00, 0x00, 0x01, 0x79, 0x89, 0x99, 0x99, 0x89, 0x99, 0x99,
  0xa9, 0x98, 0x89, 0x99, 0x99, 0x98, 0x99, 0x99, 0x99, 0x98, 0x99, 0x99, 0x99, 0x98, 0x99, 0x99, 0x99, 0x89, 0x98, 0x98, 0x99, 0x89, 0x99, 0x9a,
  0x99, 0x99, 0x99, 0x99, 0x99, 0x99, 0x99, 0x99, 0x99, 0x99, 0x98, 0x99, 0x99, 0x98, 0x99, 0x99, 0x99, 0x98, 0x98, 0x89, 0x71, 0x00, 0x00, 0x00,
  0x00, 0x00, 0x07, 0x78, 0x89, 0x99, 0x99, 0x98, 0x99, 0x99, 0x99, 0x99, 0x99, 0x99, 0xa9, 0x99, 0x99, 0x99, 0x9a, 0xa9, 0x99, 0x99, 0x99, 0x99,
  0x99, 0x99, 0x98, 0x99, 0x99, 0x99, 0x99, 0x99, 0x99, 0x99, 0x99, 0x99, 0x89, 0x99, 0x99, 0x99, 0x98, 0x99, 0x89, 0x99, 0xa9, 0x99, 0x99, 0x99,
  0x9a, 0x99, 0x98, 0x99, 0x98, 0x98, 0x71, 0x00, 0x00, 0x00, 0x00, 0x00, 0x01, 0x98, 0x99, 0x98, 0x99, 0x99, 0x99, 0x99, 0x99, 0x99, 0x99, 0x99,
  0x99, 0x99, 0x99, 0x99, 0x99, 0x99, 0x99, 0x99, 0xa8, 0x99, 0x99, 0x99, 0x98, 0x99, 0x89, 0x89, 0x99, 0x99, 0x99, 0x99, 0x99, 0x89, 0x99, 0x99,
  0x99, 0x99, 0x99, 0x99, 0x99, 0x89, 0x99, 0x99, 0x99, 0x99, 0x9a, 0x99, 0x99, 0x99, 0x99, 0x99, 0x77, 0x00, 0x00, 0x00, 0x00, 0x00, 0x00, 0x78,
  0x99, 0x99, 0x99, 0x99, 0x99, 0x9c, 0x99, 0x99, 0x99, 0x99, 0x99, 0x99, 0x99, 0x99, 0x99, 0xa8, 0x99, 0x99, 0x99, 0x99, 0xa9, 0x99, 0x99, 0x99,
  0x99, 0x99, 0x99, 0x99, 0x99, 0x99, 0x99, 0xa9, 0xa9, 0x99, 0x99, 0x99, 0x99, 0x89, 0x99, 0x98, 0x99, 0xa9, 0x99, 0x99, 0x99, 0x99, 0x99, 0x99,
  0x99, 0x9a, 0x87, 0x11, 0x00, 0x00, 0x00, 0x00, 0x00, 0x78, 0x88, 0x89, 0x99, 0x89, 0x99, 0x99, 0x99, 0x99, 0xa9, 0x88, 0x99, 0x99, 0x99, 0x98,
  0x99, 0x99, 0x99, 0x99, 0x99, 0x99, 0x99, 0x99, 0x99, 0x9a, 0x99, 0x98, 0x99, 0x99, 0x99, 0x9a, 0x99, 0x99, 0x99, 0x99, 0x99, 0x99, 0x99, 0x9a,
  0x89, 0x99, 0x99, 0x99, 0x99, 0x99, 0x99, 0x99, 0x99, 0x99, 0x99, 0x99, 0x97, 0x77, 0x00, 0x00, 0x00, 0x00, 0x00, 0x79, 0x88, 0x99, 0x99, 0x9a,
  0x99, 0x99, 0x99, 0x99, 0xa9, 0x99, 0x99, 0x99, 0x9a, 0xa9, 0x99, 0x98, 0x99, 0x99, 0x98, 0x99, 0x99, 0x89, 0x98, 0x99, 0x99, 0x89, 0x98, 0x99,
  0x99, 0x99, 0x99, 0x99, 0x98, 0x99, 0x99, 0x99, 0x99, 0x99, 0x99, 0x99, 0x99, 0x99, 0x89, 0x99, 0x99, 0x9a, 0x99, 0x99, 0x99, 0x99, 0x89, 0x70,
  0x00, 0x00, 0x00, 0x00, 0x00, 0x78, 0x89, 0x99, 0xa8, 0x99, 0x99, 0x99, 0x99, 0x99, 0x99, 0x99, 0x99, 0x99, 0x99, 0x99, 0x99, 0x99, 0x99, 0x99,
  0x98, 0x99, 0x99, 0x99, 0x9a, 0x99, 0xa8, 0x99, 0x99, 0x99, 0x99, 0x98, 0x99, 0x89, 0x99, 0x99, 0x99, 0x99, 0x9a, 0x9a, 0x99, 0x99, 0x99, 0x99,
  0x99, 0x89, 0x98, 0x89, 0x98, 0x99, 0x99, 0x99, 0x88, 0x70, 0x00, 0x00, 0x00, 0x00, 0x00, 0x78, 0x98, 0x99, 0x99, 0x99, 0x99, 0x99, 0x99, 0x99,
  0x99, 0x99, 0x99, 0x9a, 0x99, 0x99, 0x99, 0x99, 0x99, 0x99, 0x99, 0x99, 0x99, 0x99, 0x99, 0x99, 0x99, 0x99, 0x89, 0x99, 0x98, 0x99, 0x99, 0x99,
  0x99, 0x99, 0x99, 0x99, 0x99, 0x99, 0x99, 0x88, 0x99, 0xa9, 0x99, 0x99, 0x99, 0x99, 0x99, 0x99, 0x99, 0x99, 0x89, 0x70, 0x00, 0x00, 0x00, 0x00,
  0x01, 0x79, 0x89, 0x99, 0x99, 0x99, 0x99, 0x98, 0x99, 0x98, 0x99, 0x99, 0x98, 0x99, 0x99, 0x99, 0x99, 0x89, 0x99, 0x99, 0x99, 0x99, 0x99, 0x99,
  0x99, 0x99, 0x99, 0x99, 0x99, 0x99, 0x99, 0x99, 0xa9, 0x88, 0x99, 0x99, 0x99, 0xa8, 0x98, 0x99, 0x99, 0x99, 0x89, 0x99, 0x8a, 0x99, 0x99, 0x99,
  0x99, 0x99, 0x99, 0x98, 0x98, 0x70, 0x00, 0x00, 0x00, 0x00, 0x01, 0x79, 0x8a, 0x99, 0x99, 0x89, 0x99, 0x98, 0x99, 0x89, 0x89, 0x99, 0xa9, 0x99,
  0x99, 0x99, 0x9a, 0x98, 0x99, 0x98, 0x99, 0x89, 0x99, 0x9a, 0x99, 0x99, 0x9a, 0x99, 0x99, 0xa9, 0x99, 0x99, 0x98, 0x99, 0xa9, 0x9a, 0x99, 0x99,
  0x99, 0x99, 0x9c, 0x99, 0x98, 0x99, 0x99, 0x99, 0x99, 0x98, 0x89, 0x99, 0x99, 0x89, 0x88, 0x70, 0x00, 0x00, 0x00, 0x00, 0x01, 0x79, 0x99, 0x99,
  0xa9, 0x99, 0x99, 0x99, 0x99, 0x99, 0x99, 0x99, 0x98, 0x99, 0x99, 0x89, 0x99, 0x99, 0x99, 0x99, 0x99, 0x89, 0x99, 0x99, 0x99, 0x9a, 0x99, 0x99,
  0x99, 0x89, 0x99, 0x99, 0x99, 0x99, 0x99, 0x98, 0x99, 0x99, 0x99, 0x98, 0x99, 0x99, 0x99, 0x98, 0x99, 0x89, 0x89, 0xa9, 0x99, 0x99, 0x99, 0x88,
  0x88, 0x70, 0x00, 0x00, 0x00, 0x01, 0x78, 0x99, 0x99, 0x99, 0x99, 0x99, 0x98, 0x99, 0x89, 0x99, 0x99, 0x99, 0x9a, 0x99, 0x99, 0x89, 0x99, 0x99,
  0x99, 0x99, 0x89, 0x99, 0x99, 0x98, 0x99, 0x99, 0x99, 0x89, 0x99, 0x99, 0x89, 0x89, 0x99, 0x99, 0x88, 0xa9, 0x99, 0x98, 0x99, 0x9a, 0x99, 0xa9,
  0x99, 0x98, 0x99, 0x99, 0x99, 0x99, 0x99, 0x98, 0x99, 0x99, 0x98, 0x70, 0x00, 0x00, 0x00, 0x07, 0x79, 0x99, 0x99, 0x99, 0x99, 0x99, 0x9a, 0x99,
  0x99, 0x99, 0x99, 0x99, 0x9a, 0x99, 0x99, 0x99, 0x99, 0x99, 0x89, 0x9a, 0x99, 0x99, 0x89, 0xa8, 0x99, 0x9a, 0x99, 0x98, 0x99, 0x99, 0x99, 0x99,
  0x99, 0x99, 0x99, 0x99, 0x99, 0x99, 0x89, 0x99, 0x99, 0x99, 0x99, 0x99, 0x99, 0x99, 0xa9, 0x99, 0x99, 0x99, 0x99, 0x89, 0x88, 0x70, 0x00, 0x00,
  0x00, 0x07, 0x78, 0x99, 0x99, 0x99, 0x99, 0x98, 0x99, 0x99, 0x9a, 0x98, 0x99, 0x99, 0x99, 0x98, 0x99, 0x99, 0x99, 0x99, 0x99, 0xa9, 0x99, 0x99,
  0x99, 0x99, 0x99, 0x98, 0x9a, 0x99, 0x99, 0x99, 0x99, 0x99, 0x99, 0x89, 0x99, 0xa9, 0x99, 0x99, 0x99, 0x99, 0x98, 0x99, 0x98, 0x89, 0x99, 0x9a,
  0x99, 0x99, 0x98, 0x99, 0x99, 0x99, 0x88, 0x70, 0x00, 0x00, 0x00, 0x01, 0x78, 0x89, 0x99, 0x98, 0x99, 0x99, 0x99, 0x99, 0x99, 0x89, 0x99, 0x89,
  0x99, 0x99, 0x99, 0x99, 0x99, 0x99, 0x98, 0x99, 0x99, 0x99, 0x98, 0x99, 0x99, 0x99, 0x89, 0x99, 0x98, 0x99, 0xa9, 0x99, 0x89, 0x98, 0x99, 0x99,
  0x99, 0x99, 0x99, 0x99, 0x89, 0x99, 0x99, 0x99, 0x99, 0x98, 0x99, 0x99, 0x98, 0x99, 0x99, 0x98, 0x88, 0x70, 0x00, 0x00, 0x00, 0x07, 0x99, 0x99,
  0x99, 0x99, 0x99, 0x99, 0x99, 0x99, 0x99, 0x99, 0x89, 0x99, 0x99, 0x99, 0x99, 0x99, 0x99, 0x99, 0x99, 0x89, 0x99, 0x99, 0x99, 0x99, 0x99, 0x99,
  0x98, 0x99, 0x89, 0x99, 0x99, 0x99, 0x98, 0x99, 0x99, 0x99, 0x99, 0x99, 0x99, 0x99, 0x9c, 0x99, 0x99, 0x99, 0xa9, 0x99, 0x99, 0x99, 0x99, 0x99,
  0x99, 0x89, 0x87, 0x10, 0x00, 0x00, 0x00, 0x07, 0x88, 0x99, 0x99, 0xa9, 0x99, 0x99, 0x99, 0x89, 0x98, 0x89, 0x98, 0x99, 0x99, 0x99, 0xa9, 0x99,
  0x99, 0x99, 0x99, 0x99, 0x99, 0x99, 0x99, 0x99, 0x9a, 0x98, 0x99, 0x99, 0x99, 0xa8, 0x99, 0x99, 0x99, 0x9a, 0x89, 0x99, 0x89, 0x99, 0x99, 0x99,
  0x99, 0x99, 0x89, 0xa9, 0x99, 0x99, 0x99, 0x98, 0x99, 0x89, 0x99, 0x88, 0x87, 0x70, 0x00, 0x00, 0x00, 0x77, 0x88, 0x88, 0x89, 0x98, 0x99, 0x99,
  0xa9, 0x99, 0x99, 0x99, 0x99, 0x98, 0x99, 0x99, 0x99, 0x9a, 0x99, 0x89, 0x99, 0x99, 0x99, 0x99, 0x99, 0x99, 0x99, 0x99, 0x99, 0x98, 0x99, 0xa9,
  0x99, 0x8a, 0x99, 0x99, 0x99, 0x89, 0x99, 0x99, 0x99, 0x99, 0x99, 0xa9, 0x9a, 0x99, 0x99, 0xa9, 0xa9, 0x99, 0x99, 0x99, 0x98, 0x88, 0x97, 0x10,
  0x00, 0x00, 0x00, 0x17, 0x88, 0x99, 0x99, 0x99, 0x99, 0x99, 0x99, 0x99, 0x99, 0x9a, 0x98, 0xa8, 0x99, 0x98, 0x98, 0x99, 0x99, 0x99, 0x99, 0x99,
  0x98, 0xa9, 0x99, 0x99, 0x99, 0x99, 0x98, 0x99, 0x99, 0x99, 0x99, 0x98, 0x99, 0x99, 0x99, 0x99, 0x99, 0x99, 0x99, 0x9a, 0x99, 0x99, 0xa9, 0x99,
  0x99, 0x99, 0x99, 0x99, 0x99, 0x99, 0x99, 0x88, 0x87, 0x70, 0x00, 0x00, 0x00, 0x77, 0x89, 0x99, 0x99, 0x99, 0x89, 0x9a, 0x9a, 0x9c, 0x99, 0x99,
  0x99, 0x99, 0x99, 0x99, 0x99, 0x9a, 0x99, 0xa9, 0x99, 0x99, 0x89, 0x99, 0x98, 0x99, 0x99, 0x99, 0x99, 0x9a, 0x99, 0x99, 0x99, 0x99, 0x89, 0x99,
  0x99, 0x89, 0x99, 0x99, 0x89, 0x99, 0x99, 0x98, 0x99, 0x99, 0x99, 0x99, 0x99, 0x99, 0x99, 0x99, 0x89, 0x98, 0x87, 0x10, 0x00, 0x00, 0x00, 0x07,
  0x78, 0x88, 0x99, 0x99, 0x99, 0x89, 0x99, 0x99, 0x99, 0x99, 0x99, 0x99, 0x99, 0x99, 0x99, 0x99, 0x99, 0x99, 0x99, 0x99, 0x99, 0x98, 0x99, 0x99,
  0x99, 0x89, 0x99, 0x89, 0x89, 0x99, 0x99, 0x99, 0x99, 0xa9, 0x99, 0x99, 0x9a, 0x99, 0x99, 0x99, 0x9a, 0x99, 0x99, 0x99, 0x99, 0x99, 0x99, 0x99,
  0x99, 0x99, 0x99, 0x98, 0x70, 0x00, 0x00, 0x00, 0x00, 0x07, 0x78, 0x88, 0x99, 0x99, 0x89, 0x98, 0x99, 0x9a, 0xa9, 0x99, 0x98, 0x98, 0x9a, 0x99,
  0x99, 0x99, 0x99, 0x99, 0x99, 0x99, 0x99, 0x99, 0x99, 0x89, 0x99, 0x99, 0x99, 0xa9, 0x99, 0x99, 0xa9, 0x99, 0x99, 0x99, 0x99, 0x88, 0x99, 0xa9,
  0x99, 0x99, 0x9a, 0x99, 0x99, 0x99, 0x99, 0xa8, 0x99, 0xa9, 0x98, 0x99, 0x99, 0x99, 0x70, 0x00, 0x00, 0x00, 0x00, 0x07, 0x79, 0x89, 0x98, 0x99,
  0x99, 0x99, 0x99, 0x98, 0x99, 0x99, 0x9a, 0x99, 0x89, 0x9a, 0xa8, 0xaa, 0x98, 0xa9, 0x98, 0x9a, 0x99, 0x99, 0x99, 0x99, 0x99, 0x99, 0x99, 0x88,
  0x99, 0x9a, 0x99, 0x9a, 0x99, 0x99, 0x9a, 0x99, 0xa9, 0x99, 0x99, 0xaa, 0x99, 0x99, 0x89, 0x99, 0x99, 0xaa, 0x99, 0x98, 0x99, 0x99, 0x99, 0x98,
  0x10, 0x00, 0x00, 0x00, 0x00, 0x00, 0x17, 0x8a, 0x99, 0x99, 0x9a, 0x99, 0x99, 0x99, 0x99, 0x99, 0x98, 0x99, 0x99, 0x99, 0x89, 0x89, 0x98, 0x99,
  0x99, 0x99, 0x99, 0x99, 0x99, 0x99, 0x99, 0x89, 0x99, 0x99, 0x99, 0x99, 0x99, 0x99, 0x99, 0x99, 0x98, 0x9a, 0x98, 0x99, 0x99, 0x99, 0x99, 0xa8,
  0x99, 0x99, 0x99, 0x9a, 0x99, 0x99, 0x9a, 0x98, 0x99, 0x98, 0x88, 0x70, 0x00, 0x00, 0x00, 0x00, 0x17, 0x89, 0x99, 0x98, 0x99, 0x98, 0x99, 0x99,
  0x99, 0x99, 0x99, 0x98, 0x98, 0x9a, 0x99, 0x99, 0x9a, 0x99, 0x99, 0x99, 0x99, 0x99, 0x99, 0x99, 0x99, 0x99, 0x99, 0x99, 0x99, 0x89, 0x99, 0x99,
  0x99, 0x9a, 0x99, 0x99, 0x99, 0x99, 0x99, 0x99, 0x99, 0x99, 0x99, 0x99, 0x99, 0x99, 0x99, 0x99, 0x99, 0x99, 0x99, 0x98, 0x88, 0x70, 0x00, 0x00,
  0x00, 0x00, 0x77, 0x8a, 0x99, 0x98, 0x8a, 0x99, 0xa9, 0x99, 0x99, 0x98, 0x99, 0x99, 0xa9, 0x99, 0xa9, 0x99, 0x99, 0x89, 0x99, 0x99, 0x99, 0x99,
  0x9a, 0x99, 0x99, 0x9a, 0x99, 0x9a, 0x99, 0x99, 0x99, 0x99, 0x9a, 0x99, 0x99, 0x98, 0x99, 0x9a, 0x99, 0x99, 0x99, 0x99, 0xa9, 0x99, 0x99, 0x99,
  0x89, 0x99, 0x99, 0x99, 0x99, 0x99, 0x88, 0x70, 0x00, 0x00, 0x00, 0x01, 0x78, 0x99, 0x89, 0x99, 0x99, 0x99, 0x99, 0x99, 0x99, 0xa9, 0x99, 0x99,
  0x99, 0x99, 0x99, 0x99, 0x99, 0x99, 0x99, 0xa9, 0x99, 0x99, 0x99, 0x89, 0x99, 0x99, 0x99, 0xa9, 0x89, 0x99, 0x99, 0x98, 0x99, 0x99, 0x89, 0x98,
  0x99, 0x99, 0x99, 0x99, 0x99, 0x99, 0x99, 0x99, 0x99, 0x99, 0x99, 0x98, 0x99, 0x99, 0x9a, 0x99, 0x97, 0x71, 0x00, 0x00, 0x00, 0x00, 0x17, 0x88,
  0x88, 0x89, 0x99, 0x89, 0x89, 0x99, 0x99, 0x99, 0x99, 0x99, 0xa9, 0x99, 0x89, 0x99, 0x89, 0x99, 0x99, 0x9a, 0x99, 0x99, 0x99, 0x89, 0x99, 0x99,
  0x99, 0x99, 0x99, 0x99, 0xa9, 0x8a, 0x99, 0x99, 0x99, 0x99, 0x9a, 0x99, 0x98, 0x89, 0xa9, 0x99, 0x99, 0x99, 0x99, 0x99, 0x99, 0x99, 0x89, 0x89,
  0x9a, 0x99, 0x99, 0x77, 0x70, 0x00, 0x00, 0x00, 0x77, 0x98, 0x98, 0x99, 0x99, 0x99, 0x89, 0x99, 0x99, 0x99, 0xa9, 0x99, 0x99, 0x99, 0x98, 0xa9,
  0xa9, 0x99, 0x99, 0x99, 0x99, 0x99, 0x9a, 0x98, 0x99, 0x99, 0x99, 0x99, 0x99, 0xa9, 0x99, 0x99, 0xa9, 0x98, 0x99, 0x99, 0x98, 0xa9, 0xa9, 0x99,
  0x99, 0x99, 0x99, 0x99, 0x9a, 0x99, 0x99, 0x99, 0x89, 0xaa, 0x99, 0x98, 0x88, 0x77, 0x10, 0x00, 0x00, 0x00, 0x00, 0x77, 0x88, 0x99, 0x9a, 0x99,
  0x99, 0x99, 0x88, 0x99, 0x99, 0x99, 0x99, 0x99, 0x99, 0x99, 0x88, 0x99, 0x99, 0x99, 0x99, 0x89, 0x9a, 0x99, 0x99, 0x99, 0x99, 0x99, 0x99, 0x99,
  0x99, 0x99, 0x99, 0x99, 0x99, 0x99, 0x99, 0xa9, 0x99, 0x99, 0x99, 0x99, 0x99, 0x99, 0x99, 0x99, 0x99, 0x99, 0x98, 0xa9, 0x98, 0x99, 0xa8, 0x87,
  0x70, 0x00, 0x00, 0x00, 0x00, 0x17, 0x88, 0x99, 0x99, 0x9a, 0x99, 0x99, 0x99, 0x99, 0x99, 0x99, 0x99, 0x99, 0x9a, 0x99, 0x99, 0x99, 0x99, 0x99,
  0x99, 0x99, 0xa9, 0x99, 0x99, 0x99, 0x99, 0x99, 0x99, 0x99, 0x9a, 0x99, 0x99, 0x99, 0x99, 0x9a, 0x99, 0x99, 0x99, 0x99, 0x89, 0x99, 0x99, 0x89,
  0x99, 0x9a, 0x99, 0x98, 0x99, 0x99, 0x99, 0x98, 0x98, 0x97, 0x70, 0x00, 0x00, 0x00, 0x00, 0x77, 0x89, 0x99, 0x99, 0x99, 0x99, 0x99, 0x99, 0x99,
  0x89, 0xa9, 0x99, 0x99, 0x99, 0x99, 0x99, 0x98, 0x89, 0x99, 0x99, 0x99, 0x99, 0x99, 0x99, 0x89, 0xa9, 0x99, 0x99, 0x89, 0x99, 0x99, 0x99, 0x99,
  0x89, 0x99, 0x99, 0x99, 0x99, 0x99, 0x99, 0xc8, 0x99, 0x99, 0x88, 0x99, 0x9a, 0x99, 0x99, 0x89, 0x99, 0x99, 0x98, 0x87, 0x70, 0x00, 0x00, 0x00,
  0x77, 0x17, 0x99, 0x99, 0x99, 0x9a, 0xa9, 0x99, 0x99, 0x99, 0x8a, 0x99, 0x99, 0x99, 0x99, 0x99, 0x98, 0x99, 0x99, 0x9a, 0x99, 0x98, 0x99, 0x99,
  0x99, 0x99, 0x99, 0x89, 0x99, 0x99, 0x99, 0x99, 0x99, 0x99, 0x99, 0x99, 0x99, 0x99, 0x99, 0x99, 0x99, 0x99, 0x89, 0x99, 0x99, 0x99, 0xa9, 0x89,
  0x99, 0x99, 0x99, 0x98, 0x99, 0x87, 0x00, 0x00, 0x00, 0x00, 0x17, 0x77, 0x89, 0x99, 0x99, 0x99, 0x99, 0x99, 0x99, 0x99, 0x9a, 0x98, 0x99, 0x99,
  0x89, 0x99, 0x99, 0x99, 0xa9, 0x99, 0x99, 0x99, 0xa9, 0x99, 0x98, 0x9a, 0x99, 0x89, 0xa9, 0x99, 0x99, 0x99, 0x99, 0x99, 0x99, 0x99, 0x99, 0x99,
  0x99, 0x89, 0x99, 0x9a, 0x99, 0x99, 0x99, 0x99, 0x99, 0x99, 0x98, 0x99, 0x99, 0x98, 0x98, 0x81, 0x00, 0x00, 0x00, 0x01, 0x78, 0x79, 0x99, 0x99,
  0xa9, 0x99, 0x99, 0x99, 0x89, 0x99, 0x99, 0x99, 0x99, 0x89, 0x99, 0x99, 0x9a, 0x9a, 0x99, 0x89, 0x98, 0x99, 0x99, 0x99, 0x99, 0x98, 0x99, 0x99,
  0x99, 0x98, 0x99, 0x99, 0x89, 0x99, 0x99, 0x99, 0x99, 0xa9, 0xa9, 0x99, 0x99, 0xa9, 0x99, 0x99, 0x9a, 0x99, 0x99, 0x99, 0x99, 0x99, 0x99, 0x98,
  0x98, 0x70, 0x00, 0x00, 0x00, 0x00, 0x17, 0x99, 0x88, 0x99, 0x99, 0x99, 0x99, 0x99, 0x99, 0x99, 0x99, 0x99, 0x99, 0x99, 0xa9, 0x89, 0x99, 0xa9,
  0x99, 0x89, 0x99, 0x99, 0x98, 0x98, 0x99, 0x99, 0x89, 0x99, 0x99, 0x99, 0x99, 0x99, 0xa9, 0x98, 0x9a, 0x99, 0x99, 0x99, 0x99, 0xa9, 0x99, 0xc9,
  0x99, 0x99, 0x99, 0x99, 0x99, 0x99, 0x99, 0x99, 0x99, 0x99, 0x89, 0x70, 0x00, 0x00, 0x00, 0x00, 0x77, 0x89, 0x99, 0x99, 0x99, 0x99, 0x9a, 0x98,
  0x99, 0x99, 0x99, 0x99, 0x99, 0x99, 0x99, 0x99, 0x89, 0xa9, 0x99, 0x99, 0x99, 0x99, 0x99, 0x99, 0x99, 0x9a, 0x99, 0x99, 0x99, 0x99, 0x89, 0x99,
  0x99, 0x99, 0x99, 0x99, 0x99, 0x99, 0x99, 0x99, 0x99, 0x89, 0x99, 0x99, 0x99, 0xa9, 0x99, 0x9a, 0x99, 0x99, 0x99, 0x99, 0x89, 0x70, 0x00, 0x00,
  0x00, 0x00, 0x77, 0x89, 0x99, 0x99, 0x99, 0x99, 0x99, 0x99, 0x99, 0x99, 0x99, 0x99, 0x99, 0x99, 0x99, 0xa9, 0x99, 0x98, 0x99, 0x89, 0x99, 0x99,
  0x9a, 0x99, 0x99, 0x89, 0x99, 0x98, 0x99, 0x99, 0x99, 0x99, 0x98, 0x99, 0x9a, 0x99, 0x99, 0x9a, 0x99, 0x99, 0xa9, 0x98, 0x88, 0x99, 0x9a, 0x99,
  0x89, 0x99, 0x99, 0x89, 0x99, 0x99, 0x88, 0x70, 0x00, 0x00, 0x00, 0x01, 0x79, 0x89, 0x88, 0x99, 0x99, 0x99, 0x99, 0x9a, 0x99, 0x99, 0x99, 0x99,
  0x99, 0x99, 0x9a, 0x99, 0x98, 0x99, 0x99, 0x99, 0x9a, 0x99, 0x99, 0x99, 0x99, 0xa9, 0x99, 0x99, 0x99, 0x99, 0x99, 0x99, 0x99, 0x88, 0x99, 0x99,
  0xa9, 0x99, 0x99, 0xa9, 0x99, 0x98, 0x99, 0x99, 0x99, 0x99, 0x99, 0x99, 0x99, 0x89, 0x99, 0x98, 0x87, 0x10, 0x00, 0x00, 0x00, 0x07, 0x78, 0x99,
  0x99, 0x99, 0x99, 0x99, 0x99, 0x99, 0x99, 0x99, 0x89, 0x99, 0x89, 0x99, 0x99, 0x9a, 0x99, 0x99, 0x99, 0x99, 0x99, 0x89, 0x99, 0x99, 0x99, 0x98,
  0x99, 0x99, 0x99, 0x99, 0x99, 0x9a, 0x99, 0x99, 0x99, 0x89, 0x99, 0x99, 0x99, 0x99, 0x99, 0x99, 0x89, 0x89, 0x99, 0x89, 0x99, 0x99, 0x9a, 0x99,
  0x99, 0x99, 0x97, 0x70, 0x00, 0x00, 0x00, 0x07, 0x78, 0x88, 0x99, 0x99, 0xa9, 0x99, 0x9a, 0xa8, 0x99, 0x89, 0x9a, 0x89, 0x99, 0x99, 0x89, 0x99,
  0x99, 0xa9, 0x89, 0x99, 0x99, 0x98, 0x99, 0x99, 0x99, 0x99, 0x98, 0x99, 0x99, 0xa9, 0x99, 0x99, 0x99, 0x99, 0x99, 0x99, 0x99, 0x99, 0x99, 0x99,
  0x99, 0x99, 0x99, 0x99, 0x99, 0x99, 0x9a, 0x99, 0xa9, 0x99, 0x89, 0x98, 0x97, 0x70, 0x00, 0x00, 0x00, 0x00, 0x17, 0x98, 0x98, 0x99, 0x99, 0x99,
  0x99, 0x89, 0x99, 0xa9, 0x98, 0x99, 0x99, 0x99, 0x99, 0x99, 0x98, 0x99, 0x99, 0x98, 0x88, 0x98, 0x99, 0x9a, 0x99, 0x99, 0x99, 0x99, 0x89, 0x99,
  0x99, 0x99, 0x99, 0x99, 0x98, 0x99, 0x99, 0x99, 0xa9, 0x99, 0x99, 0x99, 0x99, 0x99, 0x99, 0x89, 0x99, 0x99, 0x99, 0x99, 0x99, 0x88, 0x87, 0x10,
  0x00, 0x00, 0x00, 0x00, 0x17, 0x99, 0x99, 0x99, 0x99, 0x99, 0x99, 0x98, 0x89, 0x8a, 0x99, 0x99, 0x99, 0x98, 0x99, 0x89, 0x99, 0x9a, 0x99, 0x98,
  0x9a, 0x99, 0x99, 0x89, 0x99, 0x99, 0x99, 0x99, 0x89, 0x98, 0x99, 0x99, 0x99, 0x99, 0x99, 0x99, 0x99, 0x99, 0x99, 0x99, 0x98, 0x99, 0x99, 0x9a,
  0xaa, 0x99, 0x99, 0x99, 0x99, 0x99, 0x99, 0x88, 0x87, 0x10, 0x00, 0x00, 0x00, 0x00, 0x77, 0x99, 0x99, 0x99, 0x99, 0x99, 0x98, 0xc8, 0x89, 0x9a,
  0x99, 0x99, 0x99, 0x99, 0x99, 0x99, 0x99, 0x99, 0xa9, 0x9a, 0x99, 0x99, 0x99, 0x99, 0x99, 0x99, 0x99, 0x99, 0x99, 0x9a, 0x99, 0x99, 0x99, 0x99,
  0xaa, 0x99, 0x99, 0x99, 0x99, 0x99, 0x99, 0x99, 0xa9, 0x89, 0xa9, 0x99, 0x99, 0x99, 0x89, 0x99, 0x8a, 0x89, 0x97, 0x10, 0x00, 0x00, 0x00, 0x10,
  0x17, 0x89, 0x99, 0x99, 0x99, 0x98, 0x99, 0x99, 0x99, 0x99, 0x99, 0x99, 0x99, 0x99, 0x99, 0x99, 0x98, 0x99, 0x99, 0x99, 0x99, 0x99, 0x9a, 0x99,
  0x99, 0x99, 0x99, 0x99, 0x99, 0x99, 0x99, 0xa9, 0xaa, 0x99, 0x99, 0x99, 0x99, 0x99, 0x99, 0x99, 0x99, 0x99, 0x98, 0x9a, 0x99, 0x99, 0x98, 0x99,
  0x99, 0x99, 0x98, 0x87, 0x87, 0x10, 0x00, 0x00, 0x00, 0x10, 0x77, 0x99, 0x99, 0x99, 0x99, 0x99, 0x99, 0x99, 0x99, 0x88, 0x99, 0x99, 0x99, 0x99,
  0x9a, 0x9a, 0x99, 0x99, 0x99, 0xa9, 0x99, 0x88, 0x99, 0x99, 0x99, 0x99, 0x89, 0x89, 0x99, 0xa9, 0x99, 0x98, 0x99, 0x99, 0x9a, 0x89, 0x99, 0xa9,
  0x99, 0x9a, 0x98, 0x99, 0x99, 0xa9, 0x89, 0x99, 0x99, 0x89, 0x99, 0x99, 0x98, 0x87, 0x87, 0x10, 0x00, 0x00, 0x00, 0x00, 0x01, 0x89, 0x99, 0x99,
  0x88, 0x88, 0x99, 0x99, 0x98, 0x99, 0x99, 0x99, 0xa9, 0x88, 0x9a, 0x99, 0x99, 0x99, 0xa9, 0x99, 0x9a, 0x89, 0x99, 0x99, 0x88, 0x88, 0x99, 0x99,
  0x99, 0x99, 0x89, 0x99, 0x99, 0x99, 0x89, 0x99, 0x88, 0x98, 0x99, 0xa9, 0x99, 0x99, 0x89, 0x89, 0x89, 0x99, 0x99, 0x99, 0x99, 0x88, 0x88, 0x88,
  0x89, 0x71, 0x00, 0x00, 0x00, 0x00, 0x77, 0x88, 0x99, 0x99, 0x99, 0x99, 0x89, 0x98, 0x89, 0x99, 0x9a, 0x9a, 0x99, 0x88, 0x99, 0x99, 0x99, 0x99,
  0x99, 0x99, 0x88, 0x88, 0x99, 0x99, 0x99, 0x99, 0x99, 0x99, 0x99, 0x99, 0x99, 0x99, 0x89, 0xa9, 0x88, 0x88, 0x99, 0x99, 0x99, 0x99, 0x98, 0x98,
  0x88, 0x98, 0x99, 0x99, 0x89, 0x99, 0x89, 0x99, 0x89, 0x98, 0x98, 0x70, 0x00, 0x00, 0x00, 0x00, 0x17, 0x98, 0x98, 0x99, 0x98, 0x99, 0x99, 0x89,
  0x99, 0x99, 0x99, 0x99, 0x88, 0x88, 0x99, 0x99, 0x88, 0x88, 0x89, 0x89, 0x99, 0x88, 0x88, 0x88, 0x89, 0x89, 0x98, 0x88, 0x99, 0x99, 0x99, 0x99,
  0x99, 0x99, 0x99, 0x99, 0x99, 0x9a, 0x99, 0x99, 0x88, 0x88, 0x99, 0x99, 0x88, 0x88, 0x99, 0x99, 0x99, 0x88, 0x99, 0x89, 0x98, 0x70, 0x00, 0x00,
  0x00, 0x00, 0x17, 0x88, 0x88, 0x88, 0x89, 0x99, 0x89, 0x98, 0x88, 0x88, 0x98, 0x99, 0x9a, 0x89, 0x99, 0x88, 0x88, 0x88, 0x89, 0x88, 0x98, 0x99,
  0x89, 0x88, 0x99, 0x89, 0x88, 0x89, 0x88, 0x98, 0x88, 0x88, 0xa9, 0x99, 0x89, 0x89, 0x99, 0x89, 0x99, 0xaa, 0x99, 0xa9, 0x99, 0x99, 0x99, 0x99,
  0x89, 0x88, 0x88, 0x89, 0x78, 0x88, 0x88, 0x70, 0x00, 0x00, 0x00, 0x00, 0x01, 0x01, 0x77, 0x77, 0x99, 0x87, 0x77, 0x88, 0x98, 0x88, 0x88, 0x98,
  0x98, 0x89, 0x88, 0x88, 0x98, 0x88, 0x98, 0x88, 0x98, 0x77, 0x99, 0x97, 0x77, 0x88, 0x87, 0x77, 0x98, 0x81, 0x17, 0x77, 0x77, 0x77, 0x77, 0x78,
  0x88, 0x99, 0x99, 0x88, 0x89, 0x88, 0x98, 0x88, 0x88, 0x98, 0x88, 0x87, 0x77, 0x77, 0x19, 0x89, 0x77, 0x10, 0x00, 0x00, 0x00, 0x00, 0x07, 0x00,
  0x17, 0x71, 0x77, 0x77, 0x11, 0x88, 0x97, 0x77, 0x89, 0x97, 0x77, 0x77, 0x79, 0x99, 0x88, 0x88, 0x99, 0x77, 0x77, 0x71, 0x77, 0x71, 0x11, 0x77,
  0x77, 0x71, 0x77, 0x70, 0x01, 0x71, 0x77, 0x11, 0x17, 0x17, 0x77, 0x88, 0x98, 0x99, 0x89, 0x89, 0x89, 0x98, 0x99, 0x88, 0x89, 0x81, 0x17, 0x17,
  0x07, 0x77, 0x17, 0x70, 0x00, 0x00, 0x00, 0x00, 0x00, 0x00, 0x00, 0x00, 0x17, 0x10, 0x00, 0x77, 0x71, 0x11, 0x77, 0x71, 0x77, 0x11, 0x78, 0x99,
  0x87, 0x77, 0x77, 0x71, 0x11, 0x00, 0x71, 0x10, 0x00, 0x11, 0x10, 0x00, 0x71, 0x10, 0x00, 0x00, 0x00, 0x00, 0x00, 0x01, 0x17, 0x77, 0x77, 0x77,
  0x77, 0x77, 0x77, 0x98, 0x98, 0x77, 0x77, 0x70, 0x00, 0x00, 0x01, 0x17, 0x00, 0x00, 0x00, 0x00, 0x00, 0x00, 0x00, 0x00, 0x00, 0x00, 0x00, 0x00,
  0x00, 0x00, 0x07, 0x77, 0x00, 0x01, 0x71, 0x71, 0x17, 0x77, 0x00, 0x00, 0x00, 0x00, 0x00, 0x00, 0x00, 0x00, 0x00, 0x00, 0x00, 0x00, 0x00, 0x00,
  0x00, 0x00, 0x07, 0x11, 0x00, 0x07, 0x17, 0x00, 0x01, 0x11, 0x77, 0x70, 0x00, 0x00, 0x07, 0x00, 0x00, 0x07, 0x17, 0x00, 0x00, 0x00, 0x00, 0x00,
  0x00, 0x00, 0x00, 0x00, 0x00, 0x00, 0x00, 0x00, 0x00, 0x00, 0x00, 0x00, 0x01, 0x71, 0x00, 0x00, 0x00, 0x00, 0x01, 0x17, 0x00, 0x00, 0x00, 0x00,
  0x00, 0x00, 0x00, 0x00, 0x00, 0x00, 0x00, 0x00, 0x00, 0x00, 0x00, 0x00, 0x00, 0x00, 0x00, 0x00, 0x00, 0x00, 0x00, 0x00, 0x77, 0x10, 0x00, 0x00,
  0x00, 0x00, 0x00, 0x00, 0x00, 0x00, 0x00, 0x00, 0x00, 0x00, 0x00, 0x00, 0x00, 0x00, 0x00, 0x00, 0x00, 0x00, 0x00, 0x00, 0x00, 0x00, 0x00, 0x00,
  0x00, 0x00, 0x00, 0x00, 0x00, 0x00, 0x00, 0x00, 0x00, 0x00, 0x00, 0x00, 0x00, 0x00, 0x00, 0x00, 0x00, 0x00, 0x00, 0x00, 0x00, 0x00, 0x00, 0x00,
  0x00, 0x00, 0x00, 0x00, 0x00, 0x00, 0x00, 0x00, 0x00, 0x00, 0x00, 0x00, 0x00, 0x00, 0x00, 0x00, 0x00, 0x00, 0x00, 0x00, 0x00, 0x00, 0x00, 0x00,
  0x00, 0x00, 0x00, 0x00, 0x00, 0x00, 0x00, 0x00, 0x00, 0x00, 0x00, 0x00, 0x00, 0x00, 0x00, 0x00, 0x00, 0x00, 0x00, 0x00, 0x00, 0x00, 0x00, 0x00,
  0x00, 0x00, 0x00, 0x00, 0x00, 0x00, 0x00, 0x00, 0x00, 0x00, 0x00, 0x00, 0x00, 0x00, 0x00, 0x00, 0x00, 0x00, 0x00, 0x00, 0x00, 0x00, 0x00, 0x00,
  0x00, 0x00, 0x00, 0x00, 0x00, 0x00, 0x00, 0x00,
};
const lv_img_dsc_t rune_scroll_utility = {
  {LV_IMG_CF_INDEXED_4BIT, 0, 0, 115, 100},
  5864,
  rune_scroll_utility_map
};
